station_id,stdmet_years,stdmet_first,stdmet_last,swden_years,swden_first,swden_last,swdir_years,swdir_first,swdir_last,swdir2_years,swdir2_first,swdir2_last,swr1_years,swr1_first,swr1_last,swr2_years,swr2_first,swr2_last,adcp_years,adcp_first,adcp_last,adcp2_years,adcp2_first,adcp2_last,ocean_years,ocean_first,ocean_last,directional_spectrum_years,realtime_products,has_camera_now,name,latitude,longitude,elevation_m,owner,program,station_type,has_met,has_currents,has_water_quality,is_dart,owner_code,platform_type,hull,table_name,payload,location_text,timezone_code
0Y2W3,4,2012,2015,0,,,0,,,0,,,0,,,0,,,0,,,0,,,0,,,0,,False,,,,,,,,,,,,CG,Weather Station,,"Sturgeon Bay CG Station, WI",,"44.794 N 87.313 W (44°47'39"" N 87°18'48"" W)",C
14049,0,,,0,,,0,,,0,,,0,,,0,,,0,,,0,,,0,,,0,stdmet,False,,-12.0,65.0,0.0,Research Moored Array for African-Asian-Australian Monsoon Analysis and Prediction,International Partners,buoy,True,False,False,False,RM,Atlas Buoy,,,,"12.000 S 65.000 E (12°0'0"" S 65°0'0"" E)",
15001,0,,,0,,,0,,,0,,,0,,,0,,,0,,,0,,,0,,,0,stdmet,False,Gavotte,-10.0,-10.0,0.0,Prediction and Research Moored Array in the Atlantic,International Partners,buoy,True,False,False,False,PR,Atlas Buoy,PM-597,Gavotte,,"10.000 S 10.000 W (10°0'0"" S 10°0'0"" W)",
15006,0,,,0,,,0,,,0,,,0,,,0,,,0,,,0,,,0,,,0,stdmet,False,Valse,-6.0,-10.0,0.0,Prediction and Research Moored Array in the Atlantic,International Partners,buoy,True,False,False,False,PR,Atlas Buoy,PM-593,Valse,,"6.000 S 10.000 W (6°0'0"" S 10°0'0"" W)",
15009,0,,,0,,,0,,,0,,,0,,,0,,,0,,,0,,,0,,,0,stdmet,False,,0.0,-3.051,0.0,Prediction and Research Moored Array in the Atlantic,International Partners,other,True,False,False,False,PR,,,,,"0.000 N 3.051 W (0°0'0"" N 3°3'3"" W)",
1801583,0,,,0,,,0,,,0,,,0,,,0,,,0,,,0,,,0,,,0,,False,,,,,,,,,,,,N,Uncrewed Surface Vehicle,SD1063,"SD 1063 - 24 NM SSW of San Francisco, CA (Site of 46012)",Saildrone Explorer,"37.356 N 122.881 W (37°21'20"" N 122°52'51"" W)",P
1801589,0,,,0,,,0,,,0,,,0,,,0,,,0,,,0,,,0,,,0,,False,"SD 1073 - 24 NM SSW of San Francisco, CA (Site of 46012)",37.356,-122.881,0.0,NDBC,NDBC Meteorological/Ocean,usv,False,False,False,False,N,Uncrewed Surface Vehicle,SD1073,"SD 1073 - 24 NM SSW of San Francisco, CA (Site of 46012)",Saildrone Explorer,"37.356 N 122.881 W (37°21'20"" N 122°52'51"" W)",P
1801593,0,,,0,,,0,,,0,,,0,,,0,,,0,,,0,,,0,,,0,,False,,,,,,,,,,,,N,Uncrewed Surface Vehicle,SD1077,"SD 1077 - 24 NM SSW of San Francisco, CA (Site of 46012)",Saildrone Explorer,"37.356 N 122.881 W (37°21'20"" N 122°52'51"" W)",P
18CI3,2,2014,2015,0,,,0,,,0,,,0,,,0,,,0,,,0,,,0,,,0,,False,"Michigan City CG Station, IN",41.73,-86.91,176.0,U.S.C.G. Marine Reporting Stations,IOOS Partners,fixed,False,False,False,False,CG,Weather Station,,"Michigan City CG Station, IN",,"41.730 N 86.910 W (41°43'48"" N 86°54'36"" W)",E
20CM4,2,2014,2015,0,,,0,,,0,,,0,,,0,,,0,,,0,,,0,,,0,,False,"St. Joseph CG Station, MI",42.09,-86.49,177.0,U.S.C.G. Marine Reporting Stations,IOOS Partners,fixed,False,False,False,False,CG,Weather Station,,"St. Joseph CG Station, MI",,"42.090 N 86.490 W (42°5'24"" N 86°29'24"" W)",E
21346,0,,,0,,,0,,,0,,,0,,,0,,,0,,,0,,,0,,,0,,False,,,,,,,,,,,,JM,STB - SAIC Tsunami Buoy,,"21346  380km East of Iwate, Japan",STB payload,"40.302 N 146.192 E (40°18'9"" N 146°11'32"" E)",
21347,0,,,0,,,0,,,0,,,0,,,0,,,0,,,0,,,0,,,0,,False,,,,,,,,,,,,JM,STB - SAIC Tsunami Buoy,,"21347  320km East of Iwate, Japan",STB payload,"39.601 N 145.799 E (39°36'5"" N 145°47'58"" E)",
21348,0,,,0,,,0,,,0,,,0,,,0,,,0,,,0,,,0,,,0,,False,,,,,,,,,,,,JM,STB - SAIC Tsunami Buoy,,"21348   350km East of Miyagi, Japan",STB payload,"38.816 N 145.595 E (38°48'58"" N 145°35'42"" E)",
21401,0,,,0,,,0,,,0,,,0,,,0,,,0,,,0,,,0,,,0,,False,,,,,,,,,,,,HY,STB - SAIC Tsunami Buoy,,250NM Southeast of Iturup Island,STB payload,"42.617 N 152.583 E (42°37'0"" N 152°35'0"" E)",?
21402,0,,,0,,,0,,,0,,,0,,,0,,,0,,,0,,,0,,,0,,False,,,,,,,,,,,,HY,ETD,,286NM East of Simushir Island,ETD payload,"46.488 N 158.343 E (46°29'15"" N 158°20'36"" E)",
21413,0,,,0,,,0,,,0,,,0,,,0,,,0,,,0,,,0,,,0,,False,"SOUTHEAST TOKYO - 700NM ESE of Tokyo, JP",30.4461,149.994,0.0,NDBC,Tsunami,dart,False,False,False,False,N,2.6-meter discus buoy,2.6D94,"SOUTHEAST TOKYO - 700NM ESE of Tokyo, JP",DART II payload,"30.487 N 152.124 E (30°29'13"" N 152°7'26"" E)",?
21414,0,,,0,,,0,,,0,,,0,,,0,,,0,,,0,,,0,,,0,,False," AMCHITKA - 170 NM South of Amchitka, AK",48.977,178.199,,NDBC,Tsunami,dart,False,False,False,False,N,2.6-meter discus buoy,2.6D68,"AMCHITKA - 170 NM South of Amchitka, AK",DART II payload,"48.977 N 178.199 E (48°58'38"" N 178°11'58"" E)",?
21415,0,,,0,,,0,,,0,,,0,,,0,,,0,,,0,,,0,,,0,,False,"ATTU - 175 NM South of Attu, AK",50.12,171.867,,NDBC,Tsunami,dart,False,False,False,True,N,2.6-meter discus buoy,2.6D102,"ATTU - 175 NM South of Attu, AK",DART II payload,"50.120 N 171.867 E (50°7'12"" N 171°52'1"" E)",?
21416,0,,,0,,,0,,,0,,,0,,,0,,,0,,,0,,,0,,,0,,False,"KAMCHATKA PENINSULA - 240NM SE of Kamchatka Peninsula, RU ",48.126,163.355,0.0,NDBC,Tsunami,dart,False,False,False,False,N,2.6-meter discus buoy,2.6D87,"KAMCHATKA PENINSULA - 240NM SE of Kamchatka Peninsula, RU",DART II payload,"48.126 N 163.355 E (48°7'34"" N 163°21'18"" E)",?
21417,0,,,0,,,0,,,0,,,0,,,0,,,0,,,0,,,0,,,0,,False,,,,,,,,,,,,N,2.6-meter discus buoy,26D38,290NM SE of the Kuril Islands,DART II payload,"43.192 N 157.142 E (43°11'30"" N 157°8'30"" E)",?
21418,0,,,0,,,0,,,0,,,0,,,0,,,0,,,0,,,0,,,0,,False,"NORTHEAST TOKYO - 450 NM NE of Tokyo, JP",38.84,148.753,0.0,NDBC,Tsunami,dart,False,False,False,True,N,2.6-meter discus buoy,2.6D70,"NORTHEAST TOKYO - 450 NM NE of Tokyo, JP",DART 4G payload,"38.840 N 148.753 E (38°50'25"" N 148°45'10"" E)",?
21419,0,,,0,,,0,,,0,,,0,,,0,,,0,,,0,,,0,,,0,,False,KURIL ISLANDS - 209NM SE of Kuril Is. ,44.401,155.653,,NDBC,Tsunami,dart,False,False,False,True,N,2.6-meter discus buoy,2.6D85,KURIL ISLANDS - 209NM SE of Kuril Is.,DART II payload,"44.401 N 155.653 E (44°24'4"" N 155°39'12"" E)",P
21420,0,,,0,,,0,,,0,,,0,,,0,,,0,,,0,,,0,,,0,,False,SOUTHEAST MIYAZAKI - 260NM Southeast of Miyazaki,28.98,134.973,,NDBC,Tsunami,dart,False,False,False,True,N,2.6-meter discus buoy,2.6D75,SOUTHEAST MIYAZAKI - 260NM Southeast of Miyazaki,DART II payload,"28.980 N 134.973 E (28°58'47"" N 134°58'24"" E)",
22101,0,,,0,,,0,,,0,,,0,,,0,,,0,,,0,,,0,,,0,drift,False,,37.23,126.02,,Korean Meteorological Administration,International Partners,buoy,True,False,False,False,KO,Buoy,,,,"37.230 N 126.020 E (37°13'48"" N 126°1'12"" E)",?
22102,0,,,0,,,0,,,0,,,0,,,0,,,0,,,0,,,0,,,0,drift,False,,34.8,125.77,,Korean Meteorological Administration,International Partners,buoy,True,False,False,False,KO,Buoy,,,,"34.800 N 125.770 E (34°48'0"" N 125°46'12"" E)",?
22103,0,,,0,,,0,,,0,,,0,,,0,,,0,,,0,,,0,,,0,drift,False,,34.0,127.5,,Korean Meteorological Administration,International Partners,buoy,True,False,False,False,KO,Buoy,,,,"34.000 N 127.500 E (34°0'0"" N 127°30'0"" E)",?
22104,0,,,0,,,0,,,0,,,0,,,0,,,0,,,0,,,0,,,0,drift,False,,34.77,128.9,,Korean Meteorological Administration,International Partners,buoy,True,False,False,False,KO,Buoy,,,,"34.770 N 128.900 E (34°46'12"" N 128°54'0"" E)",?
22105,0,,,0,,,0,,,0,,,0,,,0,,,0,,,0,,,0,,,0,drift,False,,37.53,130.0,,Korean Meteorological Administration,International Partners,buoy,True,False,False,False,KO,Buoy,,,,"37.530 N 130.000 E (37°31'48"" N 130°0'0"" E)",?
22106,0,,,0,,,0,,,0,,,0,,,0,,,0,,,0,,,0,,,0,drift,False,,36.35,129.78,,Korean Meteorological Administration,International Partners,buoy,True,False,False,False,KO,Buoy,,,,"36.350 N 129.780 E (36°21'0"" N 129°46'48"" E)",?
22107,0,,,0,,,0,,,0,,,0,,,0,,,0,,,0,,,0,,,0,drift,False,,33.08,126.03,,Korean Meteorological Administration,International Partners,buoy,True,False,False,False,KO,Buoy,,,,"33.080 N 126.030 E (33°4'48"" N 126°1'48"" E)",?
22108,0,,,0,,,0,,,0,,,0,,,0,,,0,,,0,,,0,,,0,drift,False,,36.25,125.75,,Korean Meteorological Administration,International Partners,buoy,True,False,False,False,KO,Buoy,,,,"36.250 N 125.750 E (36°15'0"" N 125°45'0"" E)",?
23009,0,,,0,,,0,,,0,,,0,,,0,,,0,,,0,,,0,,,0,stdmet,False,,15.0,90.0,0.0,Research Moored Array for African-Asian-Australian Monsoon Analysis and Prediction,International Partners,buoy,False,False,False,False,RM,Atlas Buoy,,,,"15.000 N 90.000 E (15°0'0"" N 90°0'0"" E)",
23019,0,,,0,,,0,,,0,,,0,,,0,,,0,,,0,,,0,,,0,stdmet,False,,-4.0,65.0,0.0,Research Moored Array for African-Asian-Australian Monsoon Analysis and Prediction,International Partners,buoy,True,False,False,False,RM,Atlas Buoy,,,,"4.000 S 65.000 E (4°0'0"" S 65°0'0"" E)",
23020,3,2008,2010,0,,,0,,,0,,,0,,,0,,,0,,,0,,,0,,,0,,False,,,,,,,,,,,,KA,Buoy,2.8DX1,Red Sea,WAMDAS payload,"22.162 N 38.500 E (22°9'43"" N 38°30'0"" E)",?
23217,0,,,0,,,0,,,0,,,0,,,0,,,0,,,0,,,0,,,0,,False,Bay of Bengal IN3,3.798,91.701,,Indian National Center for Ocean Information Services INDIA,Tsunami,dart,False,False,False,False,IS,STB - SAIC Tsunami Buoy,STB03 IN3,Bay of Bengal IN3,STB payload,"3.798 N 91.701 E (3°47'53"" N 91°42'4"" E)",?
23218,0,,,0,,,0,,,0,,,0,,,0,,,0,,,0,,,0,,,0,,False,Bay of Bengal IN4,10.165,88.5,,National Institute for Ocean Technology INDIA,Tsunami,dart,False,False,False,True,OT,Indian Tsunami Buoy,,Bay of Bengal IN4,ITB payload,"10.165 N 88.500 E (10°9'54"" N 88°30'0"" E)",?
23219,0,,,0,,,0,,,0,,,0,,,0,,,0,,,0,,,0,,,0,,False,Bay of Bengal,13.472,88.998,,Indian National Center for Ocean Information Services INDIA,Tsunami,dart,False,False,False,False,IS,STB - SAIC Tsunami Buoy,STB05 IN5,Bay of Bengal,STB payload,"13.472 N 88.998 E (13°28'21"" N 88°59'53"" E)",?
23220,0,,,0,,,0,,,0,,,0,,,0,,,0,,,0,,,0,,,0,,False,,,,,,,,,,,,OT,Indian Tsunami Buoy,,Bay of Bengal,,"14.433 N 89.333 E (14°26'0"" N 89°20'0"" E)",?
23223,0,,,0,,,0,,,0,,,0,,,0,,,0,,,0,,,0,,,0,,False,Bay of Bengal,17.333,89.483,,National Institute for Ocean Technology INDIA,Tsunami,dart,False,False,False,False,OT,Indian Tsunami Buoy,09,Bay of Bengal,ITB payload,"17.333 N 89.483 E (17°20'0"" N 89°29'0"" E)",?
23226,0,,,0,,,0,,,0,,,0,,,0,,,0,,,0,,,0,,,0,,False,Arabian Sea,20.2,67.333,,National Institute for Ocean Technology INDIA,Tsunami,dart,False,False,False,False,OT,Indian Tsunami Buoy,,Arabian Sea,ITB payload,"20.200 N 67.333 E (20°12'0"" N 67°20'0"" E)",?
23227,0,,,0,,,0,,,0,,,0,,,0,,,0,,,0,,,0,,,0,,False,Bay of Bengal,6.265,88.653,,Indian National Center for Ocean Information Services INDIA,Tsunami,dart,False,False,False,False,IS,STB - SAIC Tsunami Buoy,,Bay of Bengal,SAIC Tsunami Buoy (STB) with DART II BPR,"6.265 N 88.653 E (6°15'55"" N 88°39'11"" E)",?
23228,0,,,0,,,0,,,0,,,0,,,0,,,0,,,0,,,0,,,0,,False,Arabian Sea,20.764,65.284,,Indian National Center for Ocean Information Services INDIA,Tsunami,dart,False,False,False,False,IS,STB - SAIC Tsunami Buoy,,Arabian Sea,SAIC Tsunami Buoy (STB) with DART II BPR,"20.764 N 65.284 E (20°45'51"" N 65°17'2"" E)",?
23401,0,,,0,,,0,,,0,,,0,,,0,,,0,,,0,,,0,,,0,,False,"BAY OF BENGAL - 600 NM WNW of Phuket, Thailand",8.86,88.55,,"National Disaster Warning Center (NDWC), Department of Disaster Prevention and Mitigation, Ministry of the Interior, Thailand",Tsunami,dart,False,False,False,True,TH,STB - SAIC Tsunami Buoy,,"BAY OF BENGAL - 600 NM WNW of Phuket, Thailand",DART II payload,"8.860 N 88.550 E (8°51'36"" N 88°33'0"" E)",?
23461,0,,,0,,,0,,,0,,,0,,,0,,,0,,,0,,,0,,,0,,False,"ANDAMAN SEA - 180 NM NW of Phuket, Thailand",9.534,95.669,,"National Disaster Warning Center (NDWC), Department of Disaster Prevention and Mitigation, Ministry of the Interior, Thailand",Tsunami,dart,False,False,False,False,TH,ETD,,"ANDAMAN SEA - 180 NM NW of Phuket, Thailand",ETD payload,"9.534 N 95.669 E (9°32'4"" N 95°40'7"" E)",?
31003,0,,,0,,,0,,,0,,,0,,,0,,,0,,,0,,,0,,,0,stdmet,False,Para?ba,-8.0,-30.0,0.0,Prediction and Research Moored Array in the Atlantic,International Partners,buoy,True,False,False,False,PR,Atlas Buoy,PM-542,Para?ba,,"8.000 S 30.000 W (8°0'0"" S 30°0'0"" W)",
31006,0,,,0,,,0,,,0,,,0,,,0,,,0,,,0,,,0,,,0,stdmet,False,NE Extension,4.0,-23.0,0.0,Prediction and Research Moored Array in the Atlantic,International Partners,buoy,True,False,False,False,PR,Atlas Buoy,PM-598,NE Extension,,"4.000 N 23.000 W (4°0'0"" N 23°0'0"" W)",
31007,0,,,0,,,0,,,0,,,0,,,0,,,0,,,0,,,0,,,0,stdmet,False,Jazz,0.0,-23.0,0.0,Prediction and Research Moored Array in the Atlantic,International Partners,buoy,True,False,False,False,PR,Atlas Buoy,PM-599,Jazz,,"0.000 N 23.000 W (0°0'0"" N 23°0'0"" W)",
31201,1,2005,2005,0,,,0,,,0,,,0,,,0,,,0,,,0,,,0,,,0,,False,,,,,,,,,,,,R,Waverider Buoy,,"Floripa, Brazil (109)",,"27.705 S 48.134 W (27°42'17"" S 48°8'2"" W)",?
32012,12,2007,2018,12,2007,2018,12,2007,2018,12,2007,2018,12,2007,2018,12,2007,2018,0,,,0,,,0,,,12,,False,,,,,,,,,,,,WH,2.4-meter discus buoy,,Woods Hole Stratus Wave Station,WAMDAS payload,"19.425 S 85.078 W (19°25'29"" S 85°4'39"" W)",C
32025,0,,,0,,,0,,,0,,,0,,,0,,,0,,,0,,,0,,,0,,False,,,,,,,,,,,,,,,,,,
3202520,0,,,0,,,0,,,0,,,0,,,0,,,0,,,0,,,0,,,0,,False,San Cristobal - Galapagos (B1-S),-4.148,-89.008,,Instituto Oceanografico y Antartico de la Armada (INOCAR),Tsunami,dart,False,False,False,False,IR,2.4-meter foam hull buoy,,San Cristobal - Galapagos (B1-S),EBM24TS (MSM Tsunami Warning System),"4.148 S 89.008 W (4°8'52"" S 89°0'29"" W)",?
32066,0,,,0,,,0,,,0,,,0,,,0,,,0,,,0,,,0,,,0,,False,,,,,,,,,,,,IR,2.6-meter discus buoy,,Ecuador INOCAR,EBM22TS (MSM Tsunami Warning System),"1.136 S 81.765 W (1°8'9"" S 81°45'55"" W)",?
32067,0,,,0,,,0,,,0,,,0,,,0,,,0,,,0,,,0,,,0,,False,,,,,,,,,,,,IR,2.6-meter discus buoy,,ECUADOR INOCAR,EBM22TS (MSM Tsunami Warning System),"0.641 N 81.262 W (0°38'28"" N 81°15'42"" W)",?
32068,0,,,0,,,0,,,0,,,0,,,0,,,0,,,0,,,0,,,0,,False,"Manta - 58 NM West of Manta, Ecuador",-0.891,-81.637,,Instituto Oceanografico y Antartico de la Armada (INOCAR),Tsunami,dart,False,False,False,False,IR,2.4-meter foam hull buoy,,"Manta - 58 NM West of Manta, Ecuador",EBM24TS (MSM Tsunami Warning System),"0.891 S 81.637 W (0°53'26"" S 81°38'12"" W)",?
32069,0,,,0,,,0,,,0,,,0,,,0,,,0,,,0,,,0,,,0,,False,"Esmeraldas - 71 NM West of Pedernales, Ecuador   ",0.278,-81.185,,Instituto Oceanografico y Antartico de la Armada (INOCAR),Tsunami,dart,False,False,False,False,IR,2.4-meter foam hull buoy,,"Esmeraldas - 71 NM West of Pedernales, Ecuador",EBM24TS (MSM Tsunami Warning System),"0.278 N 81.185 W (0°16'40"" N 81°11'7"" W)",?
32301,3,1984,1986,0,,,0,,,0,,,0,,,0,,,0,,,0,,,0,,,0,,False,,,,,,,,,,,,N,3-meter discus buoy,,,DACT payload,"9.900 S 105.200 W (9°54'0"" S 105°12'0"" W)",C
32302,10,1986,1995,0,,,0,,,0,,,0,,,0,,,0,,,0,,,0,,,0,,False,,,,,,,,,,,,N,3-meter discus buoy,,,DACT payload,"18.000 S 85.100 W (18°0'0"" S 85°5'59"" W)",C
32401,0,,,0,,,0,,,0,,,0,,,0,,,0,,,0,,,0,,,0,,False,"180 NM West of Iquique, Chile",-20.611,-73.394,,Hydrographic and Oceanographic Service of the Chilean Navy (SHOA),Tsunami,dart,False,False,False,True,E,2.6-meter discus buoy,,"180 NM West of Iquique, Chile",DART II payload,"20.611 S 73.394 W (20°36'38"" S 73°23'39"" W)",?
32402,0,,,0,,,0,,,0,,,0,,,0,,,0,,,0,,,0,,,0,,False,"180 NM  West of Caldera, Chile",-26.743,-73.983,,Hydrographic and Oceanographic Service of the Chilean Navy (SHOA),Tsunami,dart,False,False,False,True,E,2.6-meter discus buoy,,"180 NM  West of Caldera, Chile",DART II payload,"26.743 S 73.983 W (26°44'36"" S 73°58'59"" W)",?
32403,0,,,0,,,0,,,0,,,0,,,0,,,0,,,0,,,0,,,0,,False,"91NM West of Antofagasta, Chile",-23.163,-72.037,,Cooperative Effort DART 4G,Tsunami,dart,False,False,False,True,CD,Buoy,,"91NM West of Antofagasta, Chile",DART 4G payload,"23.163 S 72.037 W (23°9'47"" S 72°2'13"" W)",
32404,0,,,0,,,0,,,0,,,0,,,0,,,0,,,0,,,0,,,0,,False,120 NM NW of Valparaiso,-32.13,-73.797,,Cooperative Effort DART 4G,Tsunami,dart,False,False,False,True,CD,Buoy,,120 NM NW of Valparaiso,DART 4G payload,"32.130 S 73.797 W (32°7'48"" S 73°47'49"" W)",?
32411,0,,,0,,,0,,,0,,,0,,,0,,,0,,,0,,,0,,,0,,False,"WEST PANAMA - 710 NM WSW of Panama City, Panama",4.979,-90.793,0.0,NDBC,Tsunami,dart,False,False,False,False,N,2.6-meter discus buoy,2.6D86,"WEST PANAMA - 710 NM WSW of Panama City, Panama",DART II payload,"4.979 N 90.793 W (4°58'46"" N 90°47'33"" W)",?
32412,0,,,0,,,0,,,0,,,0,,,0,,,0,,,0,,,0,,,0,,False,,,,,,,,,,,,N,2.6-meter discus buoy,2.6D81,"SOUTHWEST LIMA - 645 NM SW of Lima, Peru",DART II payload,"17.984 S 86.374 W (17°59'1"" S 86°22'28"" W)",
32413,0,,,0,,,0,,,0,,,0,,,0,,,0,,,0,,,0,,,0,,False,"NORTHWEST LIMA - 1000 NM WNW of Lima, Peru",-7.432,-93.464,,NDBC,Tsunami,dart,False,False,False,True,N,2.6-meter discus buoy,2.6D24,"NORTHWEST LIMA - 1000 NM WNW of Lima, Peru",DART II payload,"7.432 S 93.464 W (7°25'56"" S 93°27'49"" W)",?
32487,3,2008,2010,0,,,0,,,0,,,0,,,0,,,0,,,0,,,0,,,0,,False,,,,,,,,,,,,DC,Offshore Buoy,,"Buenaventura, Colombia",,"3.517 N 77.737 W (3°31'0"" N 77°44'13"" W)",E
32488,2,2008,2009,0,,,0,,,0,,,0,,,0,,,0,,,0,,,0,,,0,,False,,,,,,,,,,,,DC,Offshore Buoy,,"Bahia Solano, Colombia",,"6.258 N 77.511 W (6°15'27"" N 77°30'40"" W)",E
32489,0,,,0,,,0,,,0,,,0,,,0,,,0,,,0,,,0,,,0,,False,"Colombia   121NM SW of Buenaventura, Colombia",2.998,-79.101,,DIMAR Colombia,Tsunami,dart,False,False,False,False,DA,2.6-meter discus buoy,,"Colombia   121NM SW of Buenaventura, Colombia",EBM22TS (MSM Tsunami Warning System),"2.998 N 79.101 W (2°59'54"" N 79°6'5"" W)",?
32ST0,0,,,0,,,0,,,0,,,0,,,0,,,0,,,0,,,0,,,0,"ocean,stdmet",False,Stratus,-22.0,-85.0,0.0,Woods Hole Oceanographic Institution,IOOS Partners,fixed,True,False,True,False,WH,Ocean Reference Station,,Stratus,WAMDAS payload,"22.000 S 85.000 W (22°0'0"" S 85°0'0"" W)",C
32ST1,6,2009,2025,0,,,0,,,0,,,0,,,0,,,0,,,0,,,6,2009,2025,0,,False,,,,,,,,,,,,,,,,,,
32ST2,15,2007,2021,0,,,0,,,0,,,0,,,0,,,0,,,0,,,15,2007,2021,0,,False,,,,,,,,,,,,,,,,,,
34002,2,2017,2018,0,,,0,,,0,,,0,,,0,,,0,,,0,,,2,2017,2018,0,,False,,,,,,,,,,,,OO,Moored Buoy,,OOI Southern Ocean Buoy,,"55.000 S 90.000 W (55°0'0"" S 90°0'0"" W)",C
34420,0,,,0,,,0,,,0,,,0,,,0,,,0,,,0,,,0,,,0,,False,"119NM NW of Concepcion, Chile",-35.758,-75.243,,Cooperative Effort DART 4G,Tsunami,dart,False,False,False,False,CD,Buoy,,"119NM NW of Concepcion, Chile",DART 4G payload,"35.758 S 75.243 W (35°45'29"" S 75°14'35"" W)",
41001,47,1976,2025,27,1996,2025,12,2012,2025,12,2012,2025,12,2012,2025,12,2012,2025,1,2010,2010,0,,,0,,,12,"spec,stdmet,swden,swdir,swdir2,swr1,swr2",False,EAST HATTERAS - 150 NM East of Cape Hatteras,34.738,-72.503,0.0,NDBC,NDBC Meteorological/Ocean,buoy,False,False,False,False,N,3-meter foam buoy,3DV31,EAST HATTERAS - 150 NM East of Cape Hatteras,SCOOP payload,"34.738 N 72.503 W (34°44'15"" N 72°30'11"" W)",E
41002,51,1973,2025,29,1996,2025,14,2012,2025,14,2012,2025,14,2012,2025,14,2012,2025,0,,,0,,,0,,,14,"spec,stdmet,swden,swdir,swdir2,swr1,swr2",True,SOUTH HATTERAS - 225 NM South of Cape Hatteras,31.743,-74.955,0.0,NDBC,NDBC Meteorological/Ocean,buoy,True,False,False,False,N,3-meter foam buoy,3DV12,SOUTH HATTERAS - 225 NM South of Cape Hatteras,SCOOP payload,"31.743 N 74.955 W (31°44'36"" N 74°57'18"" W)",E
41003,5,1977,1982,0,,,0,,,0,,,0,,,0,,,0,,,0,,,0,,,0,,False,,,,,,,,,,,,N,6-meter NOMAD buoy,,,MVXII payload,"30.400 N 80.100 W (30°23'60"" N 80°5'60"" W)",E
41004,37,1978,2025,29,1996,2025,16,1996,2025,15,1997,2025,15,1997,2025,15,1997,2025,0,,,0,,,0,,,15,"spec,stdmet,swden,swdir,swdir2,swr1,swr2",True,"EDISTO - 41 NM Southeast of Charleston, SC",32.502,-79.099,0.0,NDBC,NDBC Meteorological/Ocean,buoy,True,False,False,False,N,3-meter foam buoy,3DV02,"EDISTO - 41 NM Southeast of Charleston, SC",SCOOP payload,"32.502 N 79.099 W (32°30'7"" N 79°5'56"" W)",E
41005,4,1979,1982,0,,,0,,,0,,,0,,,0,,,0,,,0,,,0,,,0,,False,,,,,,,,,,,,N,6-meter NOMAD buoy,,,GSBP payload,"31.700 N 79.700 W (31°41'60"" N 79°42'0"" W)",E
41006,15,1982,1996,1,1996,1996,0,,,0,,,0,,,0,,,0,,,0,,,0,,,0,,False,,,,,,,,,,,,N,6-meter NOMAD buoy,,,GSBP payload,"29.300 N 77.400 W (29°18'0"" N 77°24'0"" W)",E
41007,1,1986,1986,0,,,0,,,0,,,0,,,0,,,0,,,0,,,0,,,0,,False,,,,,,,,,,,,N,3-meter discus buoy,,,DACT payload,"34.200 N 76.500 W (34°12'0"" N 76°30'0"" W)",E
41008,34,1988,2025,29,1997,2025,17,2006,2025,17,2006,2025,17,2006,2025,17,2006,2025,4,2005,2010,3,2010,2012,0,,,17,"spec,stdmet,swden,swdir,swdir2,swr1,swr2",False,"GRAYS REEF - 40 NM Southeast of Savannah, GA",31.4,-80.866,0.0,NDBC,NDBC Meteorological/Ocean,buoy,True,False,False,False,N,3-meter discus buoy,3D36,"GRAYS REEF - 40 NM Southeast of Savannah, GA",SCOOP payload,"31.400 N 80.866 W (31°24'0"" N 80°51'59"" W)",E
41009,38,1988,2025,30,1996,2025,15,1996,2025,14,2012,2025,14,2012,2025,14,2012,2025,0,,,0,,,5,2008,2012,14,"spec,stdmet,swden,swdir,swdir2,swr1,swr2",True,"CANAVERAL 20 NM East of Cape Canaveral, FL",28.508,-80.185,0.0,NDBC,NDBC Meteorological/Ocean,buoy,True,False,False,False,N,3-meter discus buoy,3D65,"CANAVERAL 20 NM East of Cape Canaveral, FL",SCOOP payload,"28.508 N 80.185 W (28°30'27"" N 80°11'6"" W)",E
41010,38,1988,2025,30,1996,2025,12,2014,2025,12,2014,2025,12,2014,2025,12,2014,2025,1,2010,2010,0,,,0,,,12,"spec,stdmet,swden,swdir,swdir2,swr1,swr2",True,CANAVERAL EAST - 120NM East of Cape Canaveral,28.86,-78.478,0.0,NDBC,NDBC Meteorological/Ocean,buoy,True,False,False,False,N,2.1-meter ionomer foam buoy,3D41,CANAVERAL EAST - 120NM East of Cape Canaveral,SCOOP payload,"28.860 N 78.478 W (28°51'36"" N 78°28'39"" W)",E
41011,1,1989,1989,0,,,0,,,0,,,0,,,0,,,0,,,0,,,0,,,0,,False,,,,,,,,,,,,N,6-meter NOMAD buoy,,,DACT payload,"28.200 N 80.100 W (28°11'60"" N 80°5'60"" W)",E
41012,13,2002,2014,13,2002,2014,9,2006,2014,9,2006,2014,9,2006,2014,9,2006,2014,9,2002,2012,4,2010,2013,7,2005,2012,9,,False,,,,,,,,,,,,N,3-meter discus buoy,3DV13,"St. Augustine, FL 40NM ENE of St Augustine, FL",AMPS payload,"30.042 N 80.534 W (30°2'32"" N 80°32'1"" W)",E
41013,23,2003,2025,23,2003,2025,23,2003,2025,23,2003,2025,23,2003,2025,23,2003,2025,0,,,0,,,5,2007,2017,23,"spec,stdmet,swden,swdir,swdir2,swr1,swr2",True,"Frying Pan Shoals, NC",33.436,-77.764,0.0,NDBC,NDBC Meteorological/Ocean,buoy,True,False,False,False,N,3-meter discus buoy,3D33,"Frying Pan Shoals, NC",SCOOP payload,"33.436 N 77.764 W (33°26'9"" N 77°45'52"" W)",E
41015,1,1993,1993,0,,,0,,,0,,,0,,,0,,,0,,,0,,,0,,,0,,False,,,,,,,,,,,,N,3-meter discus buoy,,,DACT payload,"35.400 N 75.300 W (35°23'60"" N 75°17'60"" W)",E
41016,4,1992,1995,0,,,0,,,0,,,0,,,0,,,0,,,0,,,0,,,0,,False,,,,,,,,,,,,N,12-meter discus buoy,,,GSBP payload,"24.600 N 76.500 W (24°36'0"" N 76°30'0"" W)",E
41017,2,1991,1993,0,,,0,,,0,,,0,,,0,,,0,,,0,,,0,,,0,,False,,,,,,,,,,,,N,3-meter discus buoy,,,DACT payload,"35.400 N 75.100 W (35°23'60"" N 75°5'60"" W)",E
41018,3,1994,1996,1,1996,1996,0,,,0,,,0,,,0,,,0,,,0,,,0,,,0,,False,,,,,,,,,,,,N,3-meter discus buoy,,,DACT payload,"15.000 N 75.000 W (15°0'0"" N 75°0'0"" W)",E
41021,3,1994,1996,1,1996,1996,0,,,0,,,0,,,0,,,0,,,0,,,0,,,0,,False,,,,,,,,,,,,N,3-meter discus buoy,48,Olympic Northeast,VEEP payload,"31.920 N 80.850 W (31°55'12"" N 80°50'60"" W)",E
41022,2,1995,1996,1,1996,1996,0,,,0,,,0,,,0,,,0,,,0,,,0,,,0,,False,,,,,,,,,,,,N,3-meter discus buoy,52,Olympic Southwest,VEEP payload,"31.890 N 80.860 W (31°53'24"" N 80°51'36"" W)",E
41023,1,1996,1996,1,1996,1996,0,,,0,,,0,,,0,,,0,,,0,,,0,,,0,,False,,,,,,,,,,,,N,3-meter discus buoy,52,Olympic Southwest,VEEP payload,"31.920 N 80.930 W (31°55'12"" N 80°55'48"" W)",E
41024,21,2005,2025,0,,,0,,,0,,,0,,,0,,,3,2007,2009,0,,,10,2016,2025,0,"ocean,stdmet",False,"Sunset Nearshore, NC (SUN2)",33.837,-78.477,0.0,CORMP,IOOS Partners,buoy,True,False,True,False,CR,Moored Buoy,,"Sunset Nearshore, NC (SUN2)",,"33.837 N 78.477 W (33°50'14"" N 78°28'36"" W)",E
41025,23,2003,2025,23,2003,2025,14,2012,2025,14,2012,2025,14,2012,2025,14,2012,2025,1,2009,2009,0,,,0,,,14,"spec,stdmet,swden,swdir,swdir2,swr1,swr2",True,"Diamond Shoals, NC",35.026,-75.38,0.0,NDBC,NDBC Meteorological/Ocean,buoy,True,False,False,False,N,3-meter foam buoy,3DV46,"Diamond Shoals, NC",SCOOP payload,"35.026 N 75.380 W (35°1'32"" N 75°22'48"" W)",E
41027,4,2005,2008,0,,,0,,,0,,,0,,,0,,,0,,,0,,,0,,,0,,False,,,,,,,,,,,,A,Offshore Buoy,,Sunset Mid-Shelf (SUN 3),,"33.302 N 78.137 W (33°18'7"" N 78°8'14"" W)",E
41029,21,2005,2025,0,,,0,,,0,,,0,,,0,,,3,2007,2009,0,,,10,2016,2025,0,"ocean,stdmet",False,"Capers Nearshore, SC (CAP2)",32.803,-79.624,0.0,CORMP,IOOS Partners,buoy,True,False,True,False,CR,Moored Buoy,,"Capers Nearshore, SC (CAP2)",,"32.803 N 79.624 W (32°48'12"" N 79°37'26"" W)",E
41030,4,2005,2008,0,,,0,,,0,,,0,,,0,,,2,2007,2008,0,,,0,,,0,,False,,,,,,,,,,,,A,Offshore Buoy,,Capers Mid-Shelf (CAP 3),,"32.520 N 79.340 W (32°31'12"" N 79°20'24"" W)",E
41033,21,2005,2025,0,,,0,,,0,,,0,,,0,,,2,2007,2008,0,,,10,2016,2025,0,"ocean,stdmet",False,"Fripp Nearshore, SC (FRP2)",32.279,-80.406,0.0,CORMP,IOOS Partners,buoy,True,False,True,False,CR,Moored Buoy,,"Fripp Nearshore, SC (FRP2)",,"32.279 N 80.406 W (32°16'44"" N 80°24'23"" W)",E
41035,7,2005,2011,7,2005,2011,7,2005,2011,7,2005,2011,7,2005,2011,7,2005,2011,3,2007,2011,0,,,2,2005,2006,7,,False,,,,,,,,,,,,N,3-meter discus buoy,3D85,"Onslow Bay Inner, NC",ARES payload,"34.476 N 77.280 W (34°28'34"" N 77°16'47"" W)",E
41036,10,2006,2015,10,2006,2015,10,2006,2015,10,2006,2015,10,2006,2015,10,2006,2015,6,2007,2012,0,,,3,2006,2009,10,,False,,,,,,,,,,,,N,3-meter discus buoy,3D32,"Onslow Bay Outer, NC",,"34.207 N 76.949 W (34°12'25"" N 76°56'56"" W)",E
41037,21,2005,2025,0,,,0,,,0,,,0,,,0,,,1,2008,2008,0,,,17,2009,2025,0,"ocean,stdmet",False,"Wrightsville Beach Offshore, NC (ILM3)",33.988,-77.362,0.0,CORMP,IOOS Partners,buoy,True,False,True,False,CR,Moored Buoy,,"Wrightsville Beach Offshore, NC (ILM3)",,"33.988 N 77.362 W (33°59'16"" N 77°21'42"" W)",E
41038,21,2005,2025,0,,,0,,,0,,,0,,,0,,,2,2007,2008,0,,,8,2009,2016,0,"ocean,stdmet",False,"Wrightsville Beach Nearshore, NC (ILM2)",34.141,-77.715,0.0,CORMP,IOOS Partners,buoy,True,False,True,False,CR,Moored Buoy,,"Wrightsville Beach Nearshore, NC (ILM2)",,"34.141 N 77.715 W (34°8'27"" N 77°42'53"" W)",E
41040,21,2005,2025,21,2005,2025,13,2013,2025,13,2013,2025,13,2013,2025,13,2013,2025,0,,,0,,,0,,,13,"spec,stdmet,swden,swdir,swdir2,swr1,swr2",True,NORTH EQUATORIAL ONE- 470 NM East of Martinique,14.568,-53.037,0.0,NDBC,NDBC Meteorological/Ocean,buoy,True,False,False,False,N,3-meter foam buoy,3DV33,NORTH EQUATORIAL ONE- 470 NM East of Martinique,SCOOP payload,"14.568 N 53.037 W (14°34'5"" N 53°2'13"" W)",N
41041,16,2005,2021,16,2005,2021,8,2013,2021,8,2013,2021,8,2013,2021,8,2013,2021,0,,,0,,,0,,,8,"spec,stdmet,swden,swdir,swdir2,swr1,swr2",True,NORTH EQUATORIAL TWO - 890 NM East of Martinique ,14.259,-46.052,0.0,NDBC,NDBC Meteorological/Ocean,buoy,True,False,False,False,N,2.1-meter ionomer foam buoy,2.1D06,NORTH EQUATORIAL TWO - 890 NM East of Martinique,SCOOP payload,"14.259 N 46.052 W (14°15'32"" N 46°3'7"" W)",?
41043,19,2007,2025,19,2007,2025,14,2012,2025,14,2012,2025,14,2012,2025,14,2012,2025,0,,,0,,,0,,,14,"spec,stdmet,swden,swdir,swdir2,swr1,swr2",True,"NE PUERTO RICO - 170 NM NNE of San Juan, PR",21.09,-64.864,0.0,NDBC,NDBC Meteorological/Ocean,buoy,True,False,False,False,N,3-meter foam buoy,3DV36,"NE PUERTO RICO - 170 NM NNE of San Juan, PR",SCOOP payload,"21.090 N 64.864 W (21°5'24"" N 64°51'52"" W)",N
41044,17,2009,2025,17,2009,2025,13,2013,2025,13,2013,2025,13,2013,2025,13,2013,2025,0,,,0,,,0,,,13,"spec,stdmet,swden,swdir,swdir2,swr1,swr2",True,NE ST MARTIN - 330 NM NE St Martin Is,21.582,-58.63,0.0,NDBC,NDBC Meteorological/Ocean,buoy,True,False,False,False,N,3-meter discus buoy,3D70,NE ST MARTIN - 330 NM NE St Martin Is,SCOOP payload,"21.582 N 58.630 W (21°34'57"" N 58°37'48"" W)",N
41046,19,2007,2025,19,2007,2025,14,2010,2025,14,2010,2025,14,2010,2025,14,2010,2025,0,,,0,,,0,,,14,"spec,stdmet,swden,swdir,swdir2,swr1,swr2",True,"EAST BAHAMAS - 335 NM East of San Salvador Is,  Bahamas ",23.84,-68.34,0.0,NDBC,NDBC Meteorological/Ocean,buoy,True,False,False,False,N,3-meter foam buoy,3DV09,"EAST BAHAMAS - 335 NM East of San Salvador Is,  Bahamas",SCOOP payload,"23.840 N 68.340 W (23°50'24"" N 68°20'24"" W)",E
41047,19,2007,2025,19,2007,2025,19,2007,2025,19,2007,2025,19,2007,2025,19,2007,2025,0,,,0,,,0,,,19,"spec,stdmet,swden,swdir,swdir2,swr1,swr2",True,"NE BAHAMAS - 350 NM ENE of Nassau, Bahamas",27.557,-71.48,0.0,NDBC,NDBC Meteorological/Ocean,buoy,True,False,False,False,N,3-meter foam buoy,3DV22,"NE BAHAMAS - 350 NM ENE of Nassau, Bahamas",SCOOP payload,"27.557 N 71.480 W (27°33'25"" N 71°28'48"" W)",E
41048,17,2007,2023,17,2007,2023,16,2007,2023,16,2007,2023,16,2007,2023,16,2007,2023,0,,,0,,,0,,,16,"spec,stdmet,swden,swdir,swdir2,swr1,swr2",True,WEST BERMUDA - 240 NM West of Bermuda,31.878,-69.722,0.0,NDBC,NDBC Meteorological/Ocean,buoy,True,False,False,False,N,3-meter foam buoy,3DV37,WEST BERMUDA - 240 NM West of Bermuda,SCOOP payload,"31.878 N 69.722 W (31°52'39"" N 69°43'21"" W)",E
41049,17,2009,2025,17,2009,2025,14,2012,2025,14,2012,2025,14,2012,2025,14,2012,2025,0,,,0,,,0,,,14,"spec,stdmet,swden,swdir,swdir2,swr1,swr2",True,SOUTH BERMUDA - 300 NM SSE of Bermuda,27.505,-62.271,0.0,NDBC,NDBC Meteorological/Ocean,buoy,True,False,False,False,N,3-meter foam buoy,3DV17,SOUTH BERMUDA - 300 NM SSE of Bermuda,SCOOP payload,"27.505 N 62.271 W (27°30'17"" N 62°16'14"" W)",?
41051,4,2013,2016,0,,,0,,,0,,,0,,,0,,,4,2013,2016,0,,,4,2013,2016,0,,False,,,,,,,,,,,,CI,Moored Buoy,,"South of St. Thomas, VI",,"18.257 N 65.004 W (18°15'26"" N 65°0'14"" W)",?
41052,15,2011,2025,0,,,0,,,0,,,0,,,0,,,15,2011,2025,0,,,13,2013,2025,0,,False,"South of St. John, VI",18.249,-64.763,0.0,Caribbean Integrated Coastal Ocean Observing System (CarICoos),IOOS Partners,buoy,False,False,False,False,CI,Moored Buoy,,"South of St. John, VI",,"18.249 N 64.763 W (18°14'56"" N 64°45'48"" W)",N
41053,16,2010,2025,0,,,0,,,0,,,0,,,0,,,16,2010,2025,0,,,13,2013,2025,0,"adcp,ocean,spec,stdmet",False,"San Juan, PR",18.474,-66.099,0.0,Caribbean Integrated Coastal Ocean Observing System (CarICoos),IOOS Partners,buoy,True,False,True,False,CI,Moored Buoy,,"San Juan, PR",,"18.474 N 66.099 W (18°28'27"" N 66°5'58"" W)",N
41056,13,2013,2025,0,,,0,,,0,,,0,,,0,,,13,2013,2025,0,,,13,2013,2025,0,"adcp,ocean,spec,stdmet",False,"Vieques Island, PR",18.261,-65.464,0.0,Caribbean Integrated Coastal Ocean Observing System (CarICoos),IOOS Partners,buoy,True,True,True,False,CI,Moored Buoy,,"Vieques Island, PR",,"18.261 N 65.464 W (18°15'40"" N 65°27'51"" W)",N
41057,3,2016,2018,0,,,0,,,0,,,0,,,0,,,0,,,0,,,3,2016,2018,0,,False,,,,,,,,,,,,IC,Moored Buoy,,"Puerto Plata, DO",,"19.833 N 70.731 W (19°50'0"" N 70°43'52"" W)",N
41058,1,2017,2017,0,,,0,,,0,,,0,,,0,,,1,2017,2017,0,,,1,2017,2017,0,,False,"North of St. Thomas, VI",18.476,-65.157,0.0,Caribbean Integrated Coastal Ocean Observing System (CarICoos),IOOS Partners,buoy,False,False,False,False,CI,Moored Buoy,,"North of St. Thomas, VI",,"18.476 N 65.157 W (18°28'34"" N 65°9'25"" W)",?
41060,8,2011,2018,7,2011,2017,7,2011,2017,7,2011,2017,7,2011,2017,7,2011,2017,0,,,0,,,0,,,7,,False,,,,,,,,,,,,WH,2.4-meter discus buoy,,Woods Hole Northwest Tropical Atlantic Wave Station,WAMDAS payload,"14.824 N 51.017 W (14°49'28"" N 51°1'0"" W)",?
41061,2,2012,2013,0,,,0,,,0,,,0,,,0,,,0,,,0,,,0,,,0,,False,,,,,,,,,,,,WH,2.4-meter discus buoy,,Woods Hole SPURS Wave Station,,"24.581 N 38.000 W (24°34'52"" N 38°0'0"" W)",?
41062,3,2014,2018,0,,,0,,,0,,,0,,,0,,,0,,,0,,,3,2014,2018,0,,False,,,,,,,,,,,,UB,Buoy,,Hatteras Bay (B1),,"35.778 N 75.095 W (35°46'42"" N 75°5'41"" W)",E
41063,3,2014,2018,0,,,0,,,0,,,0,,,0,,,0,,,0,,,3,2014,2018,0,,False,,,,,,,,,,,,UB,Buoy,,Raleigh Bay (B2),,"34.782 N 75.941 W (34°46'56"" N 75°56'28"" W)",E
41064,11,2015,2025,0,,,0,,,0,,,0,,,0,,,0,,,0,,,10,2016,2025,0,"ocean,stdmet",False,"Onslow Bay Outer, NC (LEJ3)",34.207,-76.949,0.0,CORMP,IOOS Partners,buoy,True,False,True,False,CR,Moored Buoy,,"Onslow Bay Outer, NC (LEJ3)",,"34.207 N 76.949 W (34°12'26"" N 76°56'56"" W)",E
41065,5,2021,2025,0,,,0,,,0,,,0,,,0,,,0,,,0,,,0,,,0,"spec,stdmet",False,Capers Nearshore Waves (CAP2WAVE),32.802,-79.619,0.0,CORMP,IOOS Partners,buoy,True,False,False,False,CR,Moored Buoy,,Capers Nearshore Waves (CAP2WAVE),,"32.802 N 79.619 W (32°48'6"" N 79°37'8"" W)",E
41066,4,2022,2025,0,,,0,,,0,,,0,,,0,,,0,,,0,,,4,2022,2025,0,"ocean,stdmet",False,CHR60,32.536,-79.656,0.0,CORMP,IOOS Partners,buoy,True,False,True,False,CR,Moored Buoy,,CHR60,,"32.536 N 79.656 W (32°32'10"" N 79°39'21"" W)",E
41067,3,2023,2025,0,,,0,,,0,,,0,,,0,,,0,,,0,,,0,,,0,"spec,stdmet",False,FRP2WAVE,32.276,-80.406,0.0,CORMP,IOOS Partners,buoy,True,False,False,False,CR,Moored Buoy,,FRP2WAVE,,"32.276 N 80.406 W (32°16'32"" N 80°24'22"" W)",E
41068,3,2023,2025,0,,,0,,,0,,,0,,,0,,,0,,,0,,,3,2023,2025,0,"ocean,stdmet",False,"Fort Pierce, FL (FTP)",27.593,-80.189,0.0,CORMP,IOOS Partners,buoy,True,False,True,False,CR,Moored Buoy,,"Fort Pierce, FL (FTP)",,"27.593 N 80.189 W (27°35'36"" N 80°11'22"" W)",E
41069,3,2023,2025,0,,,0,,,0,,,0,,,0,,,0,,,0,,,3,2023,2025,0,"ocean,stdmet",False,"Ponce de Leon Inlet, FL (PNC)",29.289,-80.803,0.0,CORMP,IOOS Partners,buoy,False,False,False,False,CR,Moored Buoy,,"Ponce de Leon Inlet, FL (PNC)",,"29.289 N 80.803 W (29°17'20"" N 80°48'10"" W)",E
41070,3,2023,2025,0,,,0,,,0,,,0,,,0,,,0,,,0,,,0,,,0,"spec,stdmet",False,Ponce de Leon Inlet Waves (PNCWAVE),29.289,-80.803,0.0,CORMP,IOOS Partners,buoy,True,False,False,False,CR,Moored Buoy,,Ponce de Leon Inlet Waves (PNCWAVE),,"29.289 N 80.803 W (29°17'20"" N 80°48'10"" W)",E
41076,4,2022,2025,0,,,0,,,0,,,0,,,0,,,0,,,0,,,0,,,0,"spec,stdmet",False,CHR60WAVE,32.536,-79.659,0.0,CORMP,IOOS Partners,buoy,True,False,False,False,CR,Moored Buoy,,CHR60WAVE,,"32.536 N 79.659 W (32°32'11"" N 79°39'32"" W)",E
41082,2,2024,2025,0,,,0,,,0,,,0,,,0,,,0,,,0,,,2,2024,2025,0,"ocean,stdmet",False,OOI Pioneer - Mid-Atlantic Bight Central Surface Mooring,35.95,-75.125,,NSF Ocean Observatories Initiative,IOOS Partners,buoy,True,False,True,False,OO,Moored Buoy,,OOI Pioneer - Mid-Atlantic Bight Central Surface Mooring,,"35.950 N 75.125 W (35°57'0"" N 75°7'30"" W)",E
41083,2,2024,2025,0,,,0,,,0,,,0,,,0,,,0,,,0,,,2,2024,2025,0,"ocean,spec,stdmet",False,OOI Pioneer - Mid-Atlantic Bight Southern Surface Mooring,35.725,-74.853,0.0,NSF Ocean Observatories Initiative,IOOS Partners,buoy,True,False,True,False,OO,Moored Buoy,,OOI Pioneer - Mid-Atlantic Bight Southern Surface Mooring,,"35.725 N 74.853 W (35°43'30"" N 74°51'11"" W)",E
41108,13,2013,2025,0,,,0,,,0,,,0,,,0,,,6,2020,2025,0,,,0,,,0,,False,"Wilmington Harbor, NC - (200)",33.719,-78.016,0.0,SCRIPPS,IOOS Partners,buoy,False,False,False,False,R,Waverider Buoy,,"Wilmington Harbor, NC - (200)",,"33.719 N 78.016 W (33°43'7"" N 78°0'59"" W)",E
41109,3,2012,2014,0,,,0,,,0,,,0,,,0,,,0,,,0,,,0,,,0,,False,,,,,,,,,,,,R,Waverider Buoy,,"New River Inlet, NC - (190)",,"34.484 N 77.300 W (34°29'1"" N 77°18'0"" W)",E
41110,18,2008,2025,0,,,0,,,0,,,0,,,0,,,1,2025,2025,0,,,0,,,0,"adcp,spec,stdmet,swden,swdir,swdir2,swr1,swr2",False,"Masonboro Inlet, ILM2, NC (150)",34.144,-77.715,0.0,CORMP,IOOS Partners,buoy,True,True,False,False,CR,Waverider Buoy,,"Masonboro Inlet, ILM2, NC (150)",,"34.144 N 77.715 W (34°8'38"" N 77°42'55"" W)",E
41112,20,2006,2025,0,,,0,,,0,,,0,,,0,,,5,2020,2024,0,,,0,,,0,"spec,stdmet,swden,swdir,swdir2,swr1,swr2",False,"Offshore Fernandina Beach, FL (132)",30.709,-81.292,0.0,SCRIPPS,IOOS Partners,buoy,True,False,False,False,R,Waverider Buoy,,"Offshore Fernandina Beach, FL (132)",,"30.709 N 81.292 W (30°42'33"" N 81°17'31"" W)",E
41113,20,2006,2025,0,,,0,,,0,,,0,,,0,,,0,,,0,,,0,,,0,"spec,stdmet,swden,swdir,swdir2,swr1,swr2",False,"Cape Canaveral Nearshore, FL (143)",28.4,-80.533,0.0,SCRIPPS,IOOS Partners,buoy,True,False,False,False,R,Waverider Buoy,,"Cape Canaveral Nearshore, FL (143)",,"28.400 N 80.533 W (28°23'59"" N 80°32'0"" W)",E
41114,20,2006,2025,0,,,0,,,0,,,0,,,0,,,0,,,0,,,0,,,0,"spec,stdmet,swden,swdir,swdir2,swr1,swr2",False,"Fort Pierce, FL (134)",27.564,-80.215,0.0,SCRIPPS,IOOS Partners,buoy,True,False,False,False,R,Waverider Buoy,,"Fort Pierce, FL (134)",,"27.564 N 80.215 W (27°33'50"" N 80°12'55"" W)",E
41115,15,2011,2025,0,,,0,,,0,,,0,,,0,,,0,,,0,,,0,,,0,"spec,stdmet,swden,swdir,swdir2,swr1,swr2",False,"Rincon, Puerto Rico (181)",18.376,-67.28,0.0,Caribbean Integrated Coastal Ocean Observing System (CarICoos),IOOS Partners,buoy,False,False,False,False,CI,Waverider Buoy,,"Rincon, Puerto Rico (181)",,"18.376 N 67.280 W (18°22'35"" N 67°16'48"" W)",N
41116,1,2017,2017,0,,,0,,,0,,,0,,,0,,,1,2017,2017,0,,,0,,,0,,False,,,,,,,,,,,,R,Waverider Buoy,,"Oculina Bank North, FL (227)",,"28.523 N 80.188 W (28°31'22"" N 80°11'16"" W)",E
41117,9,2017,2025,0,,,0,,,0,,,0,,,0,,,4,2021,2024,0,,,0,,,0,"spec,stdmet,swden,swdir,swdir2,swr1,swr2",False,"St. Augustine, FL (194)",29.999,-81.079,0.0,U.S. Army Corps of Engineers,IOOS Partners,buoy,True,False,False,False,AC,Waverider Buoy,,"St. Augustine, FL (194)",,"29.999 N 81.079 W (29°59'56"" N 81°4'46"" W)",E
41118,2,2017,2018,0,,,0,,,0,,,0,,,0,,,2,2017,2018,0,,,0,,,0,,False,,,,,,,,,,,,R,Waverider Buoy,,"Chester Shoal, FL (228)",,"28.609 N 80.590 W (28°36'32"" N 80°35'24"" W)",E
41119,2,2019,2020,0,,,0,,,0,,,0,,,0,,,0,,,0,,,0,,,0,,False,,,,,,,,,,,,CR,Waverider Buoy,,"Sunset Beach, NC - (245)",,"33.842 N 78.483 W (33°50'30"" N 78°29'0"" W)",E
41120,5,2021,2025,0,,,0,,,0,,,0,,,0,,,4,2022,2025,0,,,0,,,0,"spec,stdmet,swden,swdir,swdir2,swr1,swr2",False,"Cape Hatteras East, NC (250)",35.258,-75.285,,SCRIPPS,IOOS Partners,buoy,True,False,False,False,R,Waverider Buoy,,"Cape Hatteras East, NC (250)",,"35.258 N 75.285 W (35°15'29"" N 75°17'6"" W)",E
41121,4,2021,2024,0,,,0,,,0,,,0,,,0,,,0,,,0,,,0,,,0,"spec,stdmet,swden,swdir,swdir2,swr1,swr2",False,"Arecibo, Puerto Rico (249)",18.491,-66.701,0.0,Caribbean Integrated Coastal Ocean Observing System (CarICoos),IOOS Partners,buoy,True,False,False,False,CI,Waverider Buoy,,"Arecibo, Puerto Rico (249)",,"18.491 N 66.701 W (18°29'27"" N 66°42'2"" W)",N
41122,3,2023,2025,0,,,0,,,0,,,0,,,0,,,2,2023,2025,0,,,0,,,0,"adcp,spec,stdmet,swden,swdir,swdir2,swr1,swr2",False,"Hollywood Beach, FL (265)",26.001,-80.096,0.0,SCRIPPS,IOOS Partners,buoy,True,True,False,False,R,Waverider Buoy,,"Hollywood Beach, FL (265)",,"26.001 N 80.096 W (26°0'4"" N 80°5'46"" W)",E
41140,3,2008,2010,0,,,0,,,0,,,0,,,0,,,0,,,0,,,0,,,0,,False,,,,,,,,,,,,R,Waverider Buoy,,"Christiansted, St. Croix, Virgin Islands",,"17.769 N 64.723 W (17°46'7"" N 64°43'24"" W)",N
41141,2,2010,2011,0,,,0,,,0,,,0,,,0,,,0,,,0,,,0,,,0,,False,,,,,,,,,,,,R,Waverider Buoy,,"Fareham, St. Croix, Virgin Islands",,"17.684 N 64.635 W (17°41'2"" N 64°38'6"" W)",N
41159,11,2015,2025,0,,,0,,,0,,,0,,,0,,,0,,,0,,,0,,,0,"spec,stdmet,swden,swdir,swdir2,swr1,swr2",False,"Onslow Bay Outer, NC (217)",34.211,-76.944,0.0,CORMP,IOOS Partners,buoy,True,False,False,False,CR,Waverider Buoy,,"Onslow Bay Outer, NC (217)",,"34.211 N 76.944 W (34°12'39"" N 76°56'38"" W)",E
41193,3,2008,2010,0,,,0,,,0,,,0,,,0,,,0,,,0,,,0,,,0,,False,,,,,,,,,,,,DC,Offshore Buoy,,"Puerto Bolivar, Colombia",,"12.351 N 72.218 W (12°21'4"" N 72°13'4"" W)",E
41194,2,2008,2009,0,,,0,,,0,,,0,,,0,,,0,,,0,,,0,,,0,,False,,,,,,,,,,,,DC,Offshore Buoy,,"Barranquilla, Colombia",,"11.161 N 74.681 W (11°9'41"" N 74°40'51"" W)",E
41420,0,,,0,,,0,,,0,,,0,,,0,,,0,,,0,,,0,,,0,,False,"NORTH SANTO DOMINGO - 328NM NNE of Santo Domingo, DO",23.433,-67.386,,NDBC,Tsunami,dart,False,False,False,True,N,2.6-meter discus buoy,2.6D69,"NORTH SANTO DOMINGO - 328NM NNE of Santo Domingo, DO",DART 4G payload,"23.433 N 67.386 W (23°25'57"" N 67°23'9"" W)",?
41421,0,,,0,,,0,,,0,,,0,,,0,,,0,,,0,,,0,,,0,,False,"NORTH ST THOMAS - 300 NM North of St Thomas, Virgin Is",23.44,-63.834,0.0,NDBC,Tsunami,dart,False,False,False,True,N,2.6-meter discus buoy,2.6D88,"NORTH ST THOMAS - 300 NM North of St Thomas, Virgin Is",DART II payload,"23.440 N 63.834 W (23°26'24"" N 63°50'2"" W)",?
41424,0,,,0,,,0,,,0,,,0,,,0,,,0,,,0,,,0,,,0,,False,,,,,,,,,,,,N,2.6-meter discus buoy,,"EAST CHARLESTON - 370 NM East of Charleston, SC",DART II payload,"33.000 N 72.660 W (33°0'0"" N 72°39'36"" W)",?
41425,0,,,0,,,0,,,0,,,0,,,0,,,0,,,0,,,0,,,0,,False,"SOUTHWEST BERMUDA - 200 NM SSW of Hamilton, Bermuda",28.639,-65.774,0.0,NDBC,Tsunami,dart,False,False,False,True,N,2.6 meter DART buoy,2.6D25,"SOUTHWEST BERMUDA - 200 NM SSW of Hamilton, Bermuda",DART II payload,"28.639 N 65.774 W (28°38'19"" N 65°46'26"" W)",?
41NT1,15,2007,2022,0,,,0,,,0,,,0,,,0,,,0,,,0,,,15,2007,2022,0,,False,,,,,,,,,,,,,,,,,,
41NT2,2,2008,2010,0,,,0,,,0,,,0,,,0,,,0,,,0,,,1,2008,2008,0,,False,,,,,,,,,,,,,,,,,,
42001,51,1975,2025,30,1996,2025,25,1997,2025,25,1997,2025,25,1997,2025,25,1997,2025,1,2011,2011,0,,,0,,,25,"spec,stdmet,swden,swdir,swdir2,swr1,swr2",True,"MID GULF - 180 nm South of Southwest Pass, LA",25.922,-89.638,0.0,NDBC,NDBC Meteorological/Ocean,buoy,True,False,False,False,N,3-meter foam buoy,3DV42,"MID GULF - 180 nm South of Southwest Pass, LA",SCOOP payload,"25.922 N 89.638 W (25°55'19"" N 89°38'15"" W)",C
42002,53,1973,2025,30,1996,2025,30,1996,2025,29,1997,2025,29,1997,2025,29,1997,2025,1,2008,2008,0,,,0,,,29,"spec,stdmet,swden,swdir,swdir2,swr1,swr2",True,"WEST GULF - 207 NM East of Brownsville, TX",25.95,-93.78,0.0,NDBC,NDBC Meteorological/Ocean,buoy,True,False,False,False,N,3-meter foam buoy,3DV18,"WEST GULF - 207 NM East of Brownsville, TX",SCOOP payload,"25.950 N 93.780 W (25°57'0"" N 93°46'48"" W)",C
42003,47,1976,2022,27,1996,2022,27,1996,2022,26,1997,2022,26,1997,2022,26,1997,2022,0,,,0,,,0,,,26,,True,"East GULF - 208 NM West of Naples, FL",25.925,-85.616,0.0,NDBC,NDBC Meteorological/Ocean,buoy,False,False,False,False,N,2.1-meter ionomer foam buoy,2.1D11,"East GULF - 208 NM West of Naples, FL",SCOOP payload,"25.925 N 85.616 W (25°55'31"" N 85°36'58"" W)",C
42004,2,1978,1979,0,,,0,,,0,,,0,,,0,,,0,,,0,,,0,,,0,,False,,,,,,,,,,,,N,12-meter discus buoy,,,MVXII payload,"27.500 N 85.500 W (27°30'0"" N 85°30'0"" W)",C
42005,3,1978,1980,0,,,0,,,0,,,0,,,0,,,0,,,0,,,0,,,0,,False,,,,,,,,,,,,N,12-meter discus buoy,,,MVXII payload,"30.000 N 85.900 W (30°0'0"" N 85°54'0"" W)",C
42006,2,1979,1980,0,,,0,,,0,,,0,,,0,,,0,,,0,,,0,,,0,,False,,,,,,,,,,,,N,6-meter NOMAD buoy,,,MVXII payload,"26.500 N 96.000 W (26°30'0"" N 96°0'0"" W)",C
42007,29,1981,2009,13,1997,2009,12,1997,2009,12,1997,2009,12,1997,2009,12,1997,2009,0,,,0,,,0,,,12,,False,,,,,,,,,,,,N,3-meter discus buoy,3D36,"BILOXI - 22 NM SSE of Biloxi, MS",ARES 4.4 payload,"30.090 N 88.769 W (30°5'25"" N 88°46'7"" W)",C
42008,5,1980,1984,0,,,0,,,0,,,0,,,0,,,0,,,0,,,0,,,0,,False,,,,,,,,,,,,N,Platform BTA,,,,"28.700 N 95.300 W (28°42'0"" N 95°18'0"" W)",C
42009,6,1980,1987,0,,,0,,,0,,,0,,,0,,,0,,,0,,,0,,,0,,False,,,,,,,,,,,,N,10-meter discus buoy,,,GSBP payload,"29.300 N 87.500 W (29°18'0"" N 87°30'0"" W)",C
42010,2,1981,1982,0,,,0,,,0,,,0,,,0,,,0,,,0,,,0,,,0,,False,,,,,,,,,,,,N,Platform BTA,,,,"29.700 N 93.400 W (29°42'0"" N 93°24'0"" W)",C
42011,4,1981,1984,0,,,0,,,0,,,0,,,0,,,0,,,0,,,0,,,0,,False,,,,,,,,,,,,N,Platform BTA,,,,"29.700 N 93.500 W (29°42'0"" N 93°30'0"" W)",C
42012,19,1983,2025,17,2009,2025,17,2009,2025,17,2009,2025,17,2009,2025,17,2009,2025,0,,,0,,,0,,,17,"spec,stdmet,swden,swdir,swdir2,swr1,swr2",False,"ORANGE BEACH - 44 NM SE of Mobile, AL",30.061,-87.547,0.0,NDBC,NDBC Meteorological/Ocean,buoy,True,False,False,False,N,3-meter discus buoy,3D90,"ORANGE BEACH - 44 NM SE of Mobile, AL",Athena payload,"30.061 N 87.547 W (30°3'39"" N 87°32'48"" W)",C
42013,21,2004,2025,0,,,0,,,0,,,0,,,0,,,16,2008,2025,0,,,16,2009,2025,0,"adcp,ocean,stdmet",False,"C10 - WFS Central Buoy, 25m Isobath",27.173,-82.924,0.0,COMPS (University of South Florida),IOOS Partners,buoy,True,False,True,False,P,Offshore Buoy,,"C10 - WFS Central Buoy, 25m Isobath",,"27.173 N 82.924 W (27°10'23"" N 82°55'26"" W)",C
42014,5,2004,2008,0,,,0,,,0,,,0,,,0,,,0,,,0,,,0,,,0,,False,,,,,,,,,,,,P,Offshore Buoy,,C17 - W. FL Sea-Coos,,"25.254 N 82.220 W (25°15'16"" N 82°13'11"" W)",E
42015,4,1987,1990,0,,,0,,,0,,,0,,,0,,,0,,,0,,,0,,,0,,False,,,,,,,,,,,,N,3-meter discus buoy,,,DACT payload,"30.100 N 88.200 W (30°6'0"" N 88°12'0"" W)",E
42016,6,1988,1995,0,,,0,,,0,,,0,,,0,,,0,,,0,,,0,,,0,,False,,,,,,,,,,,,N,3-meter discus buoy,,,DACT payload,"30.200 N 88.100 W (30°11'60"" N 88°5'60"" W)",C
42017,1,1989,1989,0,,,0,,,0,,,0,,,0,,,0,,,0,,,0,,,0,,False,,,,,,,,,,,,N,3-meter discus buoy,,,DACT payload,"27.900 N 90.900 W (27°53'60"" N 90°54'0"" W)",C
42018,1,1990,1990,0,,,0,,,0,,,0,,,0,,,0,,,0,,,0,,,0,,False,,,,,,,,,,,,N,3-meter discus buoy,,,DACT payload,"30.000 N 88.200 W (30°0'0"" N 88°12'0"" W)",C
42019,36,1990,2025,30,1996,2025,29,1997,2025,29,1997,2025,29,1997,2025,29,1997,2025,0,,,0,,,0,,,29,,False,"FREEPORT, TX - 60 NM South of Freeport, TX",27.908,-95.343,0.0,NDBC,NDBC Meteorological/Ocean,buoy,False,False,False,False,N,2.1-meter ionomer foam buoy,2.1D12,"FREEPORT, TX - 60 NM South of Freeport, TX",SCOOP payload,"27.908 N 95.343 W (27°54'28"" N 95°20'34"" W)",C
42020,36,1990,2025,30,1996,2025,29,1997,2025,29,1997,2025,29,1997,2025,29,1997,2025,4,2010,2013,0,,,0,,,29,,True,"CORPUS CHRISTI, TX - 60NM SSE of Corpus Christi, TX",26.97,-96.679,0.0,NDBC,NDBC Meteorological/Ocean,buoy,False,False,False,False,N,3-meter discus buoy,3D74,"CORPUS CHRISTI, TX - 60NM SSE of Corpus Christi, TX",SCOOP payload,"26.970 N 96.679 W (26°58'11"" N 96°40'45"" W)",C
42021,9,2004,2012,0,,,0,,,0,,,0,,,0,,,3,2008,2010,0,,,4,2009,2012,0,,False,,,,,,,,,,,,P,Offshore Buoy,,"C14 - Pasco County Buoy, FL",,"28.311 N 83.306 W (28°18'40"" N 83°18'22"" W)",E
42022,19,2004,2025,0,,,0,,,0,,,0,,,0,,,12,2013,2025,0,,,13,2013,2025,0,"adcp,ocean,stdmet",False,"C12 - WFS Central Buoy, 50m Isobath",27.505,-83.741,0.0,COMPS (University of South Florida),IOOS Partners,buoy,False,False,False,False,P,Offshore Buoy,,"C12 - WFS Central Buoy, 50m Isobath",,"27.505 N 83.741 W (27°30'18"" N 83°44'28"" W)",C
42023,21,2004,2025,0,,,0,,,0,,,0,,,0,,,14,2011,2025,0,,,15,2011,2025,0,"adcp,ocean,stdmet",False,"C13 - WFS South Buoy, 50m Isobath",26.01,-83.086,0.0,COMPS (University of South Florida),IOOS Partners,buoy,True,False,True,False,P,Offshore Buoy,,"C13 - WFS South Buoy, 50m Isobath",,"26.010 N 83.086 W (26°0'36"" N 83°5'10"" W)",C
42024,0,,,0,,,0,,,0,,,0,,,0,,,2,2008,2009,0,,,0,,,0,,False,,,,,,,,,,,,P,Offshore Buoy,,C16 - W. FL MERHAB,,"27.464 N 84.219 W (27°27'50"" N 84°13'8"" W)",E
42025,5,1991,1995,0,,,0,,,0,,,0,,,0,,,0,,,0,,,0,,,0,,False,,,,,,,,,,,,N,1.8-meter discus buoy,,,VEEP payload,"24.900 N 80.400 W (24°53'60"" N 80°24'0"" W)",C
42026,7,2019,2025,0,,,0,,,0,,,0,,,0,,,7,2019,2025,0,,,7,2019,2025,0,"adcp,ocean,stdmet",False,"C22 - Loop Current Pressure Point Buoy, 70m Isobath",25.171,-83.475,0.0,COMPS (University of South Florida),IOOS Partners,buoy,True,True,True,False,P,Offshore Buoy,,"C22 - Loop Current Pressure Point Buoy, 70m Isobath",,"25.171 N 83.475 W (25°10'16"" N 83°28'30"" W)",C
42027,1,2025,2025,0,,,0,,,0,,,0,,,0,,,0,,,0,,,1,2025,2025,0,"ocean,stdmet",False,"C23 - FLRACEP nWFS Buoy, 45m isobath",29.045,-85.305,0.0,COMPS (University of South Florida),IOOS Partners,buoy,True,False,True,False,P,Moored Buoy,,"C23 - FLRACEP nWFS Buoy, 45m isobath",,"29.045 N 85.305 W (29°2'42"" N 85°18'18"" W)",E
42028,1,2025,2025,0,,,0,,,0,,,0,,,0,,,0,,,0,,,1,2025,2025,0,"ocean,stdmet",False,"C24 - FLRACEP nWFS Buoy, 58m isobath",29.745,-86.227,0.0,COMPS (University of South Florida),IOOS Partners,buoy,True,False,True,False,P,Moored Buoy,,"C24 - FLRACEP nWFS Buoy, 58m isobath",,"29.745 N 86.227 W (29°44'42"" N 86°13'37"" W)",E
42031,1,2025,2025,0,,,0,,,0,,,0,,,0,,,0,,,0,,,3,2018,2020,0,,False,"West End CP, AL",30.09,-88.212,0.0,Dauphin Island Sea Lab,IOOS Partners,buoy,False,False,False,False,DI,Moored Buoy,,"West End CP, AL",,"30.090 N 88.212 W (30°5'25"" N 88°12'42"" W)",C
42035,33,1993,2025,29,1996,2025,27,1998,2025,27,1998,2025,27,1998,2025,27,1998,2025,0,,,0,,,0,,,27,"spec,stdmet,swden,swdir,swdir2,swr1,swr2",True,"GALVESTON,TX -  22 NM East of Galveston, TX",29.235,-94.41,0.0,NDBC,NDBC Meteorological/Ocean,buoy,True,False,False,False,N,3-meter foam buoy,3DV41,"GALVESTON,TX -  22 NM East of Galveston, TX",SCOOP payload,"29.235 N 94.410 W (29°14'6"" N 94°24'36"" W)",C
42036,31,1994,2025,29,1996,2025,29,1996,2025,28,1997,2025,28,1997,2025,28,1997,2025,4,2006,2012,0,,,1,2006,2006,28,"spec,stdmet,swden,swdir,swdir2,swr1,swr2",True,"WEST TAMPA  - 112 NM WNW of Tampa, FL",28.5,-84.505,0.0,NDBC,NDBC Meteorological/Ocean,buoy,True,False,False,False,N,3-meter discus buoy,3D40,"WEST TAMPA  - 112 NM WNW of Tampa, FL",SCOOP payload,"28.500 N 84.505 W (28°30'0"" N 84°30'18"" W)",C
42037,2,1994,1995,0,,,0,,,0,,,0,,,0,,,0,,,0,,,0,,,0,,False,,,,,,,,,,,,N,2.4-meter discus buoy,,,DACT payload,"24.500 N 81.400 W (24°30'0"" N 81°24'0"" W)",E
42038,3,2004,2006,3,2004,2006,0,,,0,,,0,,,0,,,2,2004,2005,0,,,0,,,0,,False,,,,,,,,,,,,N,3-meter discus buoy,3D35,North Mid Gulf of America,ARES payload,"27.421 N 92.555 W (27°25'15"" N 92°33'17"" W)",C
42039,29,1995,2023,28,1996,2023,19,2000,2023,19,2000,2023,19,2000,2023,19,2000,2023,0,,,0,,,0,,,19,"spec,stdmet,swden,swdir,swdir2,swr1,swr2",True,"PENSACOLA - 115NM SSE of Pensacola, FL",28.768,-86.024,0.0,NDBC,NDBC Meteorological/Ocean,buoy,True,False,False,False,N,2.1-meter ionomer foam buoy,2.1D05,"PENSACOLA - 115NM SSE of Pensacola, FL",SCOOP payload,"28.768 N 86.024 W (28°46'4"" N 86°1'26"" W)",C
42040,31,1995,2025,30,1996,2025,25,2000,2025,25,2000,2025,25,2000,2025,25,2000,2025,0,,,0,,,0,,,25,,False,"LUKE OFFSHORE TEST PLATFORM - 63 NM South of Dauphin Island, AL",29.207,-88.237,0.0,NDBC,NDBC Meteorological/Ocean,buoy,False,False,False,False,N,3-meter foam buoy,3DV34,"LUKE OFFSHORE TEST PLATFORM - 63 NM South of Dauphin Island, AL",SCOOP payload,"29.207 N 88.237 W (29°12'24"" N 88°14'12"" W)",C
42041,7,1999,2005,6,2000,2005,0,,,0,,,0,,,0,,,1,2003,2003,0,,,0,,,0,,False,,,,,,,,,,,,N,3-meter discus buoy,24,"North Mid Gulf 110NM South of Grand Isle, LA",MARS payload,"27.504 N 90.462 W (27°30'14"" N 90°27'44"" W)",C
42042,1,2000,2000,1,2000,2000,1,2000,2000,1,2000,2000,1,2000,2000,1,2000,2000,0,,,0,,,0,,,1,,False,,,,,,,,,,,,N,3-meter discus buoy,28,Pascagoula,MARS payload,"29.880 N 88.320 W (29°52'48"" N 88°19'12"" W)",C
42043,17,2004,2021,0,,,0,,,0,,,0,,,0,,,11,2010,2021,0,,,12,2009,2021,0,stdmet,False,TGLO TABS Buoy B,28.982,-94.899,0.0,TABS,IOOS Partners,buoy,True,False,False,False,T,TABS II,,TGLO TABS Buoy B,,"28.982 N 94.899 W (28°58'56"" N 94°53'57"" W)",C
42044,11,2010,2020,0,,,0,,,0,,,0,,,0,,,11,2010,2020,0,,,10,2009,2018,0,stdmet,False,TGLO TABS Buoy J,26.191,-97.051,0.0,TABS,IOOS Partners,buoy,True,False,False,False,T,TABS II,,TGLO TABS Buoy J,,"26.191 N 97.051 W (26°11'29"" N 97°3'3"" W)",C
42045,18,2004,2021,0,,,0,,,0,,,0,,,0,,,12,2010,2021,0,,,13,2009,2021,0,,False,TGLO TABS Buoy K,26.217,-96.5,0.0,TABS,IOOS Partners,buoy,False,False,False,False,T,TABS II,,TGLO TABS Buoy K,,"26.217 N 96.500 W (26°13'0"" N 96°29'59"" W)",C
42046,13,2004,2016,0,,,0,,,0,,,0,,,0,,,6,2011,2016,0,,,9,2009,2017,0,,False,,,,,,,,,,,,T,TABS II,,GERG Flower Gardens Buoy N,,"27.890 N 94.037 W (27°53'25"" N 94°2'12"" W)",C
42047,14,2004,2019,0,,,0,,,0,,,0,,,0,,,6,2014,2019,0,,,7,2013,2019,0,,False,,,,,,,,,,,,T,TABS II,,GERG Flower Gardens Buoy V,,"27.897 N 93.597 W (27°53'48"" N 93°35'50"" W)",C
42048,0,,,0,,,0,,,0,,,0,,,0,,,12,2010,2021,0,,,12,2009,2021,0,,False,TABS D,27.939,-96.843,0.0,TABS,IOOS Partners,buoy,False,False,False,False,T,TABS II,,TABS D,,"27.939 N 96.843 W (27°56'22"" N 96°50'34"" W)",C
42049,0,,,0,,,0,,,0,,,0,,,0,,,11,2010,2020,0,,,12,2009,2020,0,,False,TABS W,28.351,-96.006,0.0,TABS,IOOS Partners,buoy,False,False,False,False,T,TABS II,,TABS W,,"28.351 N 96.006 W (28°21'3"" N 96°0'21"" W)",C
42050,0,,,0,,,0,,,0,,,0,,,0,,,12,2010,2021,0,,,12,2009,2020,0,,False,TABS F,28.842,-94.242,0.0,TABS,IOOS Partners,buoy,False,False,False,False,T,TABS II,,TABS F,,"28.842 N 94.242 W (28°50'33"" N 94°14'30"" W)",C
42051,0,,,0,,,0,,,0,,,0,,,0,,,10,2010,2019,0,,,11,2009,2019,0,,False,TABS R,29.635,-93.642,0.0,TABS,IOOS Partners,buoy,False,False,False,False,T,TABS II,,TABS R,,"29.635 N 93.642 W (29°38'6"" N 93°38'30"" W)",C
42053,1,1999,1999,1,1999,1999,1,1999,1999,1,1999,1999,1,1999,1999,1,1999,1999,0,,,0,,,0,,,1,,False,,,,,,,,,,,,N,12-meter discus buoy,LNB11,Pascagoula South,MARS payload,"29.550 N 88.500 W (29°33'0"" N 88°30'0"" W)",C
42054,2,2000,2001,2,2000,2001,1,2000,2000,1,2000,2000,1,2000,2000,1,2000,2000,0,,,0,,,0,,,1,,False,,,,,,,,,,,,N,12-meter discus buoy,LNB06,East Gulf,MARS payload,"26.000 N 87.730 W (26°0'0"" N 87°43'48"" W)",C
42055,21,2005,2025,21,2005,2025,21,2005,2025,21,2005,2025,21,2005,2025,21,2005,2025,0,,,0,,,0,,,21,"spec,stdmet,swden,swdir,swdir2,swr1,swr2",True,"BAY OF CAMPECHE - 214 NM NE of Veracruz, MX",22.14,-94.112,0.0,NDBC,NDBC Meteorological/Ocean,buoy,True,False,False,False,N,3-meter foam buoy,3DV44,"BAY OF CAMPECHE - 214 NM NE of Veracruz, MX",SCOOP payload,"22.140 N 94.112 W (22°8'24"" N 94°6'42"" W)",C
42056,21,2005,2025,21,2005,2025,21,2005,2025,21,2005,2025,21,2005,2025,21,2005,2025,0,,,0,,,0,,,21,"spec,stdmet,swden,swdir,swdir2,swr1,swr2",True," Yucatan Basin - 120 NM ESE of Cozumel, MX",19.82,-84.98,0.0,NDBC,NDBC Meteorological/Ocean,buoy,True,False,False,False,N,3-meter foam buoy,3DV32,"Yucatan Basin - 120 NM ESE of Cozumel, MX",SCOOP payload,"19.820 N 84.980 W (19°49'12"" N 84°58'48"" W)",E
42057,19,2005,2025,18,2005,2025,18,2005,2025,18,2005,2025,18,2005,2025,18,2005,2025,0,,,0,,,0,,,18,"spec,stdmet,swden,swdir,swdir2,swr1,swr2",True,"Western Caribbean - 195 NM WSW of Negril, Jamaica",16.975,-81.578,0.0,NDBC,NDBC Meteorological/Ocean,buoy,True,False,False,False,N,3-meter discus buoy,3D66,"Western Caribbean - 195 NM WSW of Negril, Jamaica",SCOOP payload,"16.975 N 81.578 W (16°58'30"" N 81°34'41"" W)",E
42058,19,2005,2025,19,2005,2025,18,2005,2025,18,2005,2025,18,2005,2025,18,2005,2025,0,,,0,,,0,,,18,"spec,stdmet,swden,swdir,swdir2,swr1,swr2",True,"Central Caribbean - 210 NM SSE of Kingston, Jamaica",14.114,-75.949,0.0,NDBC,NDBC Meteorological/Ocean,buoy,True,False,False,False,N,3-meter foam buoy,3DV65,"Central Caribbean - 210 NM SSE of Kingston, Jamaica",SCOOP payload,"14.114 N 75.949 W (14°6'52"" N 75°56'55"" W)",E
42059,19,2007,2025,19,2007,2025,14,2009,2025,14,2009,2025,14,2009,2025,14,2009,2025,0,,,0,,,0,,,14,,False,"Eastern Caribbean Sea - 180 NM SSW of Ponce, PR",15.255,-67.621,0.0,NDBC,NDBC Meteorological/Ocean,buoy,False,False,False,False,N,3-meter foam buoy,,"Eastern Caribbean Sea - 180 NM SSW of Ponce, PR",SCOOP payload,"15.255 N 67.621 W (15°15'18"" N 67°37'14"" W)",N
42060,17,2009,2025,17,2009,2025,14,2009,2025,14,2009,2025,14,2009,2025,14,2009,2025,0,,,0,,,0,,,14,"spec,stdmet,swden,swdir,swdir2,swr1,swr2",True,Caribbean Valley - 63 NM WSW of Montserrat,16.428,-63.21,0.0,NDBC,NDBC Meteorological/Ocean,buoy,True,False,False,False,N,3-meter foam buoy,3DV67,Caribbean Valley - 63 NM WSW of Montserrat,SCOOP payload,"16.428 N 63.210 W (16°25'42"" N 63°12'35"" W)",N
42065,2,2011,2012,2,2011,2012,0,,,0,,,0,,,0,,,0,,,0,,,0,,,0,,False,,,,,,,,,,,,N,2.3-meter NOOSS buoy,2.3D09,Near 42058 Central Caribbean,AMPS payload,"14.926 N 75.046 W (14°55'35"" N 75°2'45"" W)",E
42066,1,2025,2025,0,,,0,,,0,,,0,,,0,,,0,,,0,,,0,,,0,,False,USM-R2,30.216,-89.183,0.0,USM,IOOS Partners,buoy,False,False,False,False,US,Buoy,,USM-R2,,"30.216 N 89.183 W (30°12'57"" N 89°11'0"" W)",C
42067,6,2005,2025,0,,,0,,,0,,,0,,,0,,,5,2011,2020,0,,,4,2016,2022,0,,False,USM-R1,30.05,-88.583,0.0,USM,IOOS Partners,buoy,False,False,False,False,US,2.2-meter buoy,,USM-R1,,"30.050 N 88.583 W (30°2'59"" N 88°35'0"" W)",C
42078,1,2018,2018,0,,,0,,,0,,,0,,,0,,,1,2018,2018,0,,,0,,,0,,False,,,,,,,,,,,,AC,Waverider Buoy,,"Big Pine Key, FL (237)",,"24.500 N 81.251 W (24°29'59"" N 81°15'3"" W)",E
42079,1,2018,2018,0,,,0,,,0,,,0,,,0,,,1,2018,2018,0,,,0,,,0,,False,,,,,,,,,,,,AC,Waverider Buoy,,"Bahia Honda Key, FL (242)",,"24.535 N 81.242 W (24°32'7"" N 81°14'32"" W)",E
42080,2,2007,2008,2,2007,2008,2,2007,2008,2,2007,2008,2,2007,2008,2,2007,2008,3,2007,2009,0,,,0,,,2,,False,,,,,,,,,,,,N,1.8-meter discus buoy,1.8D008,"Offshore Sand Key, FL",WAMDAS payload,"24.396 N 81.934 W (24°23'44"" N 81°56'2"" W)",E
42084,5,2021,2025,0,,,0,,,0,,,0,,,0,,,5,2021,2025,0,,,0,,,0,"adcp,spec,stdmet,swden,swdir,swdir2,swr1,swr2",False,"Southwest Pass Entrance W, LA (256)",28.988,-89.649,0.0,SCRIPPS,IOOS Partners,buoy,True,True,False,False,R,Waverider Buoy,,"Southwest Pass Entrance W, LA (256)",,"28.988 N 89.649 W (28°59'17"" N 89°38'56"" W)",C
42085,17,2009,2025,0,,,0,,,0,,,0,,,0,,,17,2009,2025,0,,,13,2013,2025,0,"adcp,ocean,spec,stdmet",False,"Southeast of Ponce, PR",17.87,-66.537,0.0,Caribbean Integrated Coastal Ocean Observing System (CarICoos),IOOS Partners,buoy,True,True,True,False,CI,Moored Buoy,,"Southeast of Ponce, PR",,"17.870 N 66.537 W (17°52'12"" N 66°32'13"" W)",N
42087,1,2016,2016,0,,,0,,,0,,,0,,,0,,,0,,,0,,,0,,,0,,False,,,,,,,,,,,,IC,Moored Buoy,,"Buccoo Reef, Buccoo Marine Park, TT",,"11.185 N 60.848 W (11°11'6"" N 60°50'52"" W)",N
42088,2,2016,2017,0,,,0,,,0,,,0,,,0,,,0,,,0,,,3,2016,2018,0,,False,,,,,,,,,,,,IC,2.5-meter ODAS buoy,,"Angel Reef, TT",,"11.301 N 60.521 W (11°18'4"" N 60°31'16"" W)",N
42089,3,2014,2016,0,,,0,,,0,,,0,,,0,,,0,,,0,,,0,,,0,,False,,,,,,,,,,,,IC,Moored Buoy,,"Little Cayman Research Center, CYM",,"19.699 N 80.061 W (19°41'57"" N 80°3'39"" W)",N
42090,2,2016,2017,0,,,0,,,0,,,0,,,0,,,0,,,0,,,2,2016,2017,0,,False,,,,,,,,,,,,IC,Moored Buoy,,"Catuan Wreck, Boca Chica, DR",,"18.432 N 69.580 W (18°25'55"" N 69°34'48"" W)",N
42091,5,2021,2025,0,,,0,,,0,,,0,,,0,,,0,,,0,,,0,,,0,,False,"Trinity Shoal, LA (255)",29.088,-92.505,0.0,SCRIPPS,IOOS Partners,buoy,False,False,False,False,R,Waverider Buoy,,"Trinity Shoal, LA (255)",,"29.088 N 92.505 W (29°5'16"" N 92°30'18"" W)",C
42092,4,2021,2025,0,,,0,,,0,,,0,,,0,,,0,,,0,,,0,,,0,"spec,stdmet,swden,swdir,swdir2,swr1,swr2",False,"Aransas Pass Channel Entrance S, TX (252)",27.639,-97.012,,"Conrad Blucher Institute (CBI) for Surveying and Science, Texas A&M University-Corpus Christi",IOOS Partners,buoy,True,False,False,False,BI,Waverider Buoy,,"Aransas Pass Channel Entrance S, TX (252)",,"27.639 N 97.012 W (27°38'22"" N 97°0'42"" W)",C
42093,2,2020,2021,0,,,0,,,0,,,0,,,0,,,0,,,0,,,0,,,0,,False,,,,,,,,,,,,AC,Waverider Buoy,,"Grand Isle Outer, LA (247)",,"29.017 N 89.832 W (29°1'0"" N 89°49'57"" W)",C
42094,1,2019,2019,0,,,0,,,0,,,0,,,0,,,0,,,0,,,0,,,0,,False,,,,,,,,,,,,R,Waverider Buoy,,"Grand Isle, LA (246)",,"29.085 N 89.907 W (29°5'5"" N 89°54'25"" W)",C
42095,7,2019,2025,0,,,0,,,0,,,0,,,0,,,6,2020,2025,0,,,0,,,0,"adcp,spec,stdmet,swden,swdir,swdir2,swr1,swr2",False,"Satan Shoal, FL (244)",24.407,-81.968,0.0,U.S. Army Corps of Engineers,IOOS Partners,buoy,True,True,False,False,AC,Waverider Buoy,,"Satan Shoal, FL (244)",,"24.407 N 81.968 W (24°24'27"" N 81°58'5"" W)",E
42097,10,2016,2025,0,,,0,,,0,,,0,,,0,,,0,,,0,,,0,,,0,,False,"Pulley Ridge, FL (226)",25.704,-83.654,0.0,U.S. Army Corps of Engineers,IOOS Partners,buoy,False,False,False,False,AC,Waverider Buoy,,"Pulley Ridge, FL (226)",,"25.704 N 83.654 W (25°42'14"" N 83°39'16"" W)",C
42098,11,2015,2025,0,,,0,,,0,,,0,,,0,,,1,2025,2025,0,,,0,,,0,"adcp,spec,stdmet,swden,swdir,swdir2,swr1,swr2",False,"Egmont Channel Entrance, FL (214)",27.59,-82.931,0.0,Greater Tampa Bay Marine Advisory Council-PORTS,IOOS Partners,buoy,True,True,False,False,TB,Waverider Buoy,,"Egmont Channel Entrance, FL (214)",,"27.590 N 82.931 W (27°35'24"" N 82°55'52"" W)",C
42099,19,2007,2025,0,,,0,,,0,,,0,,,0,,,3,2023,2025,0,,,0,,,0,"spec,stdmet,swden,swdir,swdir2,swr1,swr2",False,"Offshore St. Petersburg, FL (144)",27.352,-84.275,0.0,SCRIPPS,IOOS Partners,buoy,True,False,False,False,R,Waverider Buoy,,"Offshore St. Petersburg, FL (144)",,"27.352 N 84.275 W (27°21'7"" N 84°16'30"" W)",C
42354,1,2025,2025,0,,,0,,,0,,,0,,,0,,,0,,,0,,,0,,,0,,False,"Chandeleur Island SE, LA (279)",29.579,-88.643,0.0,SCRIPPS,IOOS Partners,buoy,False,False,False,False,R,Waverider Buoy,,"Chandeleur Island SE, LA (279)",,"29.579 N 88.643 W (29°34'43"" N 88°38'35"" W)",C
42357,1,2025,2025,0,,,0,,,0,,,0,,,0,,,0,,,0,,,0,,,0,"spec,stdmet",False,DISL Sofar Spotter,30.092,-88.212,0.0,Dauphin Island Sea Lab,IOOS Partners,other,False,False,False,False,DI,Spotter Buoy,,DISL Sofar Spotter,,"30.092 N 88.212 W (30°5'32"" N 88°12'44"" W)",C
42358,0,,,0,,,0,,,0,,,0,,,0,,,0,,,0,,,0,,,0,"spec,stdmet",False,FGBNMS Sofar Spotter,27.874,-93.815,0.0,Flower Garden Banks National Marine Sanctuary,IOOS Partners,other,True,False,False,False,FG,Spotter Buoy,,FGBNMS Sofar Spotter,,"27.874 N 93.815 W (27°52'28"" N 93°48'54"" W)",C
42360,12,2010,2021,0,,,0,,,0,,,0,,,0,,,11,2011,2021,0,,,0,,,0,,False,,,,,,,,,,,,,,,,,,
42361,14,2005,2018,0,,,0,,,0,,,0,,,0,,,0,,,0,,,0,,,0,,False,,,,,,,,,,,,,,,,,,
42362,12,2005,2017,0,,,0,,,0,,,0,,,0,,,0,,,0,,,0,,,0,,False,,,,,,,,,,,,,,,,,,
42363,11,2005,2016,0,,,0,,,0,,,0,,,0,,,0,,,0,,,1,2017,2017,0,,False,,,,,,,,,,,,,,,,,,
42364,12,2007,2018,0,,,0,,,0,,,0,,,0,,,0,,,0,,,0,,,0,,False,,,,,,,,,,,,,,,,,,
42365,2,2012,2013,0,,,0,,,0,,,0,,,0,,,0,,,0,,,6,2011,2020,0,,False,,,,,,,,,,,,,,,,,,
42368,0,,,0,,,0,,,0,,,0,,,0,,,0,,,0,,,1,2011,2011,0,,False,,,,,,,,,,,,,,,,,,
42369,8,2010,2017,0,,,0,,,0,,,0,,,0,,,0,,,0,,,1,2017,2017,0,,False,,,,,,,,,,,,,,,,,,
42370,3,2010,2012,0,,,0,,,0,,,0,,,0,,,0,,,0,,,0,,,0,,False,,,,,,,,,,,,,,,,,,
42372,0,,,0,,,0,,,0,,,0,,,0,,,0,,,0,,,10,2011,2020,0,,False,,,,,,,,,,,,,,,,,,
42373,0,,,0,,,0,,,0,,,0,,,0,,,0,,,0,,,6,2016,2021,0,,False,,,,,,,,,,,,,,,,,,
42374,3,2010,2012,0,,,0,,,0,,,0,,,0,,,0,,,0,,,1,2017,2017,0,,False,,,,,,,,,,,,,,,,,,
42375,7,2010,2017,0,,,0,,,0,,,0,,,0,,,0,,,0,,,1,2017,2017,0,,False,,,,,,,,,,,,,,,,,,
42376,4,2010,2013,0,,,0,,,0,,,0,,,0,,,0,,,0,,,0,,,0,,False,,,,,,,,,,,,,,,,,,
42377,0,,,0,,,0,,,0,,,0,,,0,,,0,,,0,,,6,2016,2021,0,,False,,,,,,,,,,,,,,,,,,
42381,0,,,0,,,0,,,0,,,0,,,0,,,0,,,0,,,3,2011,2013,0,,False,,,,,,,,,,,,,,,,,,
42382,0,,,0,,,0,,,0,,,0,,,0,,,0,,,0,,,10,2012,2021,0,,False,,,,,,,,,,,,,,,,,,
42383,0,,,0,,,0,,,0,,,0,,,0,,,0,,,0,,,8,2011,2021,0,,False,,,,,,,,,,,,,,,,,,
42385,0,,,0,,,0,,,0,,,0,,,0,,,0,,,0,,,4,2014,2020,0,,False,,,,,,,,,,,,,,,,,,
42386,0,,,0,,,0,,,0,,,0,,,0,,,0,,,0,,,7,2014,2020,0,,False,,,,,,,,,,,,,,,,,,
42388,0,,,0,,,0,,,0,,,0,,,0,,,0,,,0,,,10,2011,2021,0,,False,,,,,,,,,,,,,,,,,,
42390,7,2012,2018,0,,,0,,,0,,,0,,,0,,,0,,,0,,,1,2017,2017,0,,False,,,,,,,,,,,,,,,,,,
42391,0,,,0,,,0,,,0,,,0,,,0,,,0,,,0,,,2,2011,2012,0,,False,,,,,,,,,,,,,,,,,,
42392,8,2010,2017,0,,,0,,,0,,,0,,,0,,,0,,,0,,,0,,,0,,False,,,,,,,,,,,,,,,,,,
42393,0,,,0,,,0,,,0,,,0,,,0,,,0,,,0,,,2,2011,2017,0,,False,,,,,,,,,,,,,,,,,,
42394,5,2014,2018,0,,,0,,,0,,,0,,,0,,,0,,,0,,,2,2014,2017,0,,False,,,,,,,,,,,,,,,,,,
42395,7,2015,2021,0,,,0,,,0,,,0,,,0,,,7,2015,2021,0,,,0,,,0,,False,,,,,,,,,,,,,,,,,,
42396,0,,,0,,,0,,,0,,,0,,,0,,,0,,,0,,,3,2015,2018,0,,False,,,,,,,,,,,,,,,,,,
42397,0,,,0,,,0,,,0,,,0,,,0,,,0,,,0,,,3,2017,2020,0,,False,,,,,,,,,,,,,,,,,,
42398,0,,,0,,,0,,,0,,,0,,,0,,,0,,,0,,,3,2019,2021,0,,False,,,,,,,,,,,,,,,,,,
42399,0,,,0,,,0,,,0,,,0,,,0,,,0,,,0,,,6,2015,2021,0,,False,,,,,,,,,,,,,,,,,,
42407,0,,,0,,,0,,,0,,,0,,,0,,,0,,,0,,,0,,,0,,False,"SOUTH PUERTO RICO - 230 NM Southwest of San Juan, PR",15.276,-68.191,0.0,NDBC,Tsunami,dart,False,False,False,True,N,2.6-meter discus buoy,2.6D16,"SOUTH PUERTO RICO - 230 NM Southwest of San Juan, PR",DART II payload,"15.276 N 68.191 W (15°16'35"" N 68°11'28"" W)",?
42408,0,,,0,,,0,,,0,,,0,,,0,,,0,,,0,,,0,,,0,,False,,,,,,,,,,,,N,2.6-meter discus buoy,D22,"EAST GULF of AMERICA - 225NM WNW of Loggerhead Key, FL",DART II payload,"25.200 N 87.000 W (25°12'0"" N 87°0'0"" W)",?
42409,0,,,0,,,0,,,0,,,0,,,0,,,0,,,0,,,0,,,0,,False,"GULF OF AMERICA - 247 NM South of New Orleans, LA",25.797,-89.288,0.0,NDBC,Tsunami,dart,False,False,False,True,N,2.6-meter discus buoy,2.6D97,"GULF OF AMERICA - 247 NM South of New Orleans, LA",DART II payload,"25.797 N 89.288 W (25°47'48"" N 89°17'18"" W)",C
42501,0,,,0,,,0,,,0,,,0,,,0,,,0,,,0,,,0,,,0,,False,,,,,,,,,,,,N,Uncrewed Surface Vehicle,SD1042,"SD 1042 - 180 nm South of Southwest Pass, LA (Site of 42001)",Saildrone Explorer,"25.942 N 89.657 W (25°56'31"" N 89°39'25"" W)",C
42503,0,,,0,,,0,,,0,,,0,,,0,,,0,,,0,,,0,,,0,,False,,,,,,,,,,,,N,Uncrewed Surface Vehicle,SD1036,"SD 1036 - 208 NM West of Naples, FL (Site of 42003)",Saildrone Explorer,"25.925 N 85.615 W (25°55'31"" N 85°36'53"" W)",C
42851,0,,,0,,,0,,,0,,,0,,,0,,,0,,,0,,,7,2014,2021,0,,False,,,,,,,,,,,,,,,,,,
42852,0,,,0,,,0,,,0,,,0,,,0,,,0,,,0,,,7,2012,2019,0,,False,,,,,,,,,,,,,,,,,,
42853,0,,,0,,,0,,,0,,,0,,,0,,,0,,,0,,,4,2014,2019,0,,False,,,,,,,,,,,,,,,,,,
42854,0,,,0,,,0,,,0,,,0,,,0,,,0,,,0,,,2,2013,2016,0,,False,,,,,,,,,,,,,,,,,,
42855,0,,,0,,,0,,,0,,,0,,,0,,,0,,,0,,,4,2013,2016,0,,False,,,,,,,,,,,,,,,,,,
42856,0,,,0,,,0,,,0,,,0,,,0,,,0,,,0,,,2,2014,2015,0,,False,,,,,,,,,,,,,,,,,,
42857,0,,,0,,,0,,,0,,,0,,,0,,,0,,,0,,,4,2016,2019,0,,False,,,,,,,,,,,,,,,,,,
42858,0,,,0,,,0,,,0,,,0,,,0,,,0,,,0,,,1,2014,2014,0,,False,,,,,,,,,,,,,,,,,,
42859,0,,,0,,,0,,,0,,,0,,,0,,,0,,,0,,,2,2014,2015,0,,False,,,,,,,,,,,,,,,,,,
42860,0,,,0,,,0,,,0,,,0,,,0,,,0,,,0,,,3,2014,2016,0,,False,,,,,,,,,,,,,,,,,,
42861,0,,,0,,,0,,,0,,,0,,,0,,,0,,,0,,,2,2011,2012,0,,False,,,,,,,,,,,,,,,,,,
42862,0,,,0,,,0,,,0,,,0,,,0,,,0,,,0,,,2,2011,2012,0,,False,,,,,,,,,,,,,,,,,,
42863,0,,,0,,,0,,,0,,,0,,,0,,,0,,,0,,,2,2011,2013,0,,False,,,,,,,,,,,,,,,,,,
42864,0,,,0,,,0,,,0,,,0,,,0,,,0,,,0,,,6,2016,2021,0,,False,,,,,,,,,,,,,,,,,,
42865,0,,,0,,,0,,,0,,,0,,,0,,,0,,,0,,,7,2015,2021,0,,False,,,,,,,,,,,,,,,,,,
42867,0,,,0,,,0,,,0,,,0,,,0,,,0,,,0,,,2,2014,2015,0,,False,,,,,,,,,,,,,,,,,,
42868,0,,,0,,,0,,,0,,,0,,,0,,,0,,,0,,,2,2014,2015,0,,False,,,,,,,,,,,,,,,,,,
42869,0,,,0,,,0,,,0,,,0,,,0,,,0,,,0,,,2,2019,2020,0,,False,,,,,,,,,,,,,,,,,,
42871,0,,,0,,,0,,,0,,,0,,,0,,,0,,,0,,,2,2013,2014,0,,False,,,,,,,,,,,,,,,,,,
42873,0,,,0,,,0,,,0,,,0,,,0,,,0,,,0,,,5,2017,2021,0,,False,,,,,,,,,,,,,,,,,,
42874,0,,,0,,,0,,,0,,,0,,,0,,,0,,,0,,,7,2015,2021,0,,False,,,,,,,,,,,,,,,,,,
42875,0,,,0,,,0,,,0,,,0,,,0,,,0,,,0,,,2,2011,2015,0,,False,,,,,,,,,,,,,,,,,,
42876,0,,,0,,,0,,,0,,,0,,,0,,,0,,,0,,,6,2016,2021,0,,False,,,,,,,,,,,,,,,,,,
42878,0,,,0,,,0,,,0,,,0,,,0,,,0,,,0,,,4,2015,2018,0,,False,,,,,,,,,,,,,,,,,,
42879,0,,,0,,,0,,,0,,,0,,,0,,,0,,,0,,,6,2015,2020,0,,False,,,,,,,,,,,,,,,,,,
42880,0,,,0,,,0,,,0,,,0,,,0,,,0,,,0,,,7,2014,2020,0,,False,,,,,,,,,,,,,,,,,,
42882,0,,,0,,,0,,,0,,,0,,,0,,,0,,,0,,,3,2019,2021,0,,False,,,,,,,,,,,,,,,,,,
42883,0,,,0,,,0,,,0,,,0,,,0,,,0,,,0,,,2,2015,2016,0,,False,,,,,,,,,,,,,,,,,,
42884,0,,,0,,,0,,,0,,,0,,,0,,,0,,,0,,,8,2014,2021,0,,False,,,,,,,,,,,,,,,,,,
42885,0,,,0,,,0,,,0,,,0,,,0,,,0,,,0,,,2,2012,2013,0,,False,,,,,,,,,,,,,,,,,,
42886,0,,,0,,,0,,,0,,,0,,,0,,,0,,,0,,,4,2011,2014,0,,False,,,,,,,,,,,,,,,,,,
42887,9,2009,2017,0,,,0,,,0,,,0,,,0,,,0,,,0,,,2,2014,2017,0,,False,,,,,,,,,,,,,,,,,,
42888,0,,,0,,,0,,,0,,,0,,,0,,,0,,,0,,,4,2015,2021,0,,False,,,,,,,,,,,,,,,,,,
42890,0,,,0,,,0,,,0,,,0,,,0,,,0,,,0,,,2,2011,2012,0,,False,,,,,,,,,,,,,,,,,,
42893,0,,,0,,,0,,,0,,,0,,,0,,,0,,,0,,,3,2014,2016,0,,False,,,,,,,,,,,,,,,,,,
42895,0,,,0,,,0,,,0,,,0,,,0,,,0,,,0,,,2,2015,2016,0,,False,,,,,,,,,,,,,,,,,,
42896,0,,,0,,,0,,,0,,,0,,,0,,,0,,,0,,,7,2014,2021,0,,False,,,,,,,,,,,,,,,,,,
42897,0,,,0,,,0,,,0,,,0,,,0,,,0,,,0,,,2,2011,2013,0,,False,,,,,,,,,,,,,,,,,,
42898,0,,,0,,,0,,,0,,,0,,,0,,,0,,,0,,,2,2016,2017,0,,False,,,,,,,,,,,,,,,,,,
42901,0,,,0,,,0,,,0,,,0,,,0,,,0,,,0,,,7,2015,2021,0,,False,,,,,,,,,,,,,,,,,,
42902,1,2009,2009,0,,,0,,,0,,,0,,,0,,,0,,,0,,,6,2016,2021,0,,False,,,,,,,,,,,,,,,,,,
42903,0,,,0,,,0,,,0,,,0,,,0,,,0,,,0,,,4,2015,2020,0,,False,,,,,,,,,,,,,,,,,,
42905,0,,,0,,,0,,,0,,,0,,,0,,,0,,,0,,,2,2017,2018,0,,False,,,,,,,,,,,,,,,,,,
42906,0,,,0,,,0,,,0,,,0,,,0,,,0,,,0,,,4,2018,2021,0,,False,,,,,,,,,,,,,,,,,,
42908,0,,,0,,,0,,,0,,,0,,,0,,,0,,,0,,,3,2011,2013,0,,False,,,,,,,,,,,,,,,,,,
42909,0,,,0,,,0,,,0,,,0,,,0,,,0,,,0,,,5,2011,2015,0,,False,,,,,,,,,,,,,,,,,,
42911,0,,,0,,,0,,,0,,,0,,,0,,,0,,,0,,,1,2011,2011,0,,False,,,,,,,,,,,,,,,,,,
42912,0,,,0,,,0,,,0,,,0,,,0,,,0,,,0,,,7,2011,2017,0,,False,,,,,,,,,,,,,,,,,,
42913,0,,,0,,,0,,,0,,,0,,,0,,,0,,,0,,,5,2011,2015,0,,False,,,,,,,,,,,,,,,,,,
42914,0,,,0,,,0,,,0,,,0,,,0,,,0,,,0,,,3,2011,2013,0,,False,,,,,,,,,,,,,,,,,,
42915,0,,,0,,,0,,,0,,,0,,,0,,,0,,,0,,,6,2011,2016,0,,False,,,,,,,,,,,,,,,,,,
42916,0,,,0,,,0,,,0,,,0,,,0,,,0,,,0,,,6,2011,2016,0,,False,,,,,,,,,,,,,,,,,,
42917,0,,,0,,,0,,,0,,,0,,,0,,,0,,,0,,,8,2011,2020,0,,False,,,,,,,,,,,,,,,,,,
42918,0,,,0,,,0,,,0,,,0,,,0,,,0,,,0,,,3,2011,2015,0,,False,,,,,,,,,,,,,,,,,,
42919,0,,,0,,,0,,,0,,,0,,,0,,,0,,,0,,,6,2012,2017,0,,False,,,,,,,,,,,,,,,,,,
42921,0,,,0,,,0,,,0,,,0,,,0,,,0,,,0,,,4,2011,2014,0,,False,,,,,,,,,,,,,,,,,,
42922,0,,,0,,,0,,,0,,,0,,,0,,,0,,,0,,,3,2012,2016,0,,False,,,,,,,,,,,,,,,,,,
42923,0,,,0,,,0,,,0,,,0,,,0,,,0,,,0,,,1,2012,2012,0,,False,,,,,,,,,,,,,,,,,,
42924,0,,,0,,,0,,,0,,,0,,,0,,,0,,,0,,,6,2012,2020,0,,False,,,,,,,,,,,,,,,,,,
42925,0,,,0,,,0,,,0,,,0,,,0,,,0,,,0,,,5,2011,2015,0,,False,,,,,,,,,,,,,,,,,,
42926,0,,,0,,,0,,,0,,,0,,,0,,,0,,,0,,,4,2012,2016,0,,False,,,,,,,,,,,,,,,,,,
42927,0,,,0,,,0,,,0,,,0,,,0,,,0,,,0,,,2,2016,2017,0,,False,,,,,,,,,,,,,,,,,,
42928,0,,,0,,,0,,,0,,,0,,,0,,,0,,,0,,,10,2012,2021,0,,False,,,,,,,,,,,,,,,,,,
42929,0,,,0,,,0,,,0,,,0,,,0,,,0,,,0,,,4,2014,2017,0,,False,,,,,,,,,,,,,,,,,,
42930,0,,,0,,,0,,,0,,,0,,,0,,,0,,,0,,,4,2013,2016,0,,False,,,,,,,,,,,,,,,,,,
42931,0,,,0,,,0,,,0,,,0,,,0,,,0,,,0,,,5,2014,2018,0,,False,,,,,,,,,,,,,,,,,,
42932,0,,,0,,,0,,,0,,,0,,,0,,,0,,,0,,,6,2016,2021,0,,False,,,,,,,,,,,,,,,,,,
42933,0,,,0,,,0,,,0,,,0,,,0,,,0,,,0,,,2,2015,2019,0,,False,,,,,,,,,,,,,,,,,,
42934,0,,,0,,,0,,,0,,,0,,,0,,,0,,,0,,,7,2014,2020,0,,False,,,,,,,,,,,,,,,,,,
42935,0,,,0,,,0,,,0,,,0,,,0,,,0,,,0,,,4,2015,2019,0,,False,,,,,,,,,,,,,,,,,,
42936,0,,,0,,,0,,,0,,,0,,,0,,,0,,,0,,,7,2014,2020,0,,False,,,,,,,,,,,,,,,,,,
42937,0,,,0,,,0,,,0,,,0,,,0,,,0,,,0,,,1,2018,2018,0,,False,,,,,,,,,,,,,,,,,,
42938,0,,,0,,,0,,,0,,,0,,,0,,,0,,,0,,,2,2014,2015,0,,False,,,,,,,,,,,,,,,,,,
42A01,0,,,0,,,0,,,0,,,0,,,0,,,0,,,0,,,0,,,0,,False,,,,,,,,,,,,,,,,,,
42A02,1,2000,2000,0,,,0,,,0,,,0,,,0,,,0,,,0,,,0,,,0,,False,,,,,,,,,,,,,,,,,,
42A03,1,2000,2000,0,,,0,,,0,,,0,,,0,,,0,,,0,,,0,,,0,,False,,,,,,,,,,,,,,,,,,
42OTP,1,2000,2000,1,2000,2000,0,,,0,,,0,,,0,,,0,,,0,,,0,,,0,,False,,,,,,,,,,,,,,,,,,
43010,2,2016,2017,2,2016,2017,2,2016,2017,2,2016,2017,2,2016,2017,2,2016,2017,0,,,0,,,0,,,2,,False,,,,,,,,,,,,WH,2.4-meter discus buoy,,Woods Hole Spurs Wave Station,WAMDAS payload,"10.051 N 125.032 W (10°3'2"" N 125°1'56"" W)",?
43412,0,,,0,,,0,,,0,,,0,,,0,,,0,,,0,,,0,,,0,,False,"SOUTHWEST MANZANILLO - 240 NM SW of Manzanillo, MX",14.8562,-106.712,,NDBC,Tsunami,dart,False,False,False,False,N,2.6-meter discus buoy,2.6D84,"SOUTHWEST MANZANILLO - 240 NM SW of Manzanillo, MX",DART II payload,"16.020 N 107.000 W (16°1'12"" N 107°0'0"" W)",?
43413,0,,,0,,,0,,,0,,,0,,,0,,,0,,,0,,,0,,,0,,False,"SOUTH ACAPULCO - 360NM South of Acapulco, MX",10.927,-100.012,0.0,NDBC,Tsunami,dart,False,False,False,True,N,2.6-meter discus buoy,2.6D12,"SOUTH ACAPULCO - 360NM South of Acapulco, MX",DART II payload,"10.927 N 100.012 W (10°55'37"" N 100°0'43"" W)",?
43WSL,2,2019,2020,0,,,0,,,0,,,0,,,0,,,0,,,0,,,0,,,0,,False,,,,,,,,,,,,,,,,,,
44001,7,1975,1991,0,,,0,,,0,,,0,,,0,,,0,,,0,,,0,,,0,,False,,,,,,,,,,,,N,6-meter NOMAD buoy,,,MVXI payload,"38.700 N 73.600 W (38°42'0"" N 73°35'60"" W)",E
44004,32,1977,2008,13,1996,2008,0,,,0,,,0,,,0,,,0,,,0,,,0,,,0,,False,,,,,,,,,,,,N,6-meter NOMAD buoy,3D06,"HOTEL 200NM East of Cape May,NJ",ARES payload,"38.484 N 70.433 W (38°29'2"" N 70°25'57"" W)",E
44005,46,1978,2024,28,1996,2024,9,2016,2024,9,2016,2024,9,2016,2024,9,2016,2024,0,,,0,,,0,,,9,,False,"GULF OF MAINE - 78 NM East of Portsmouth, NH",43.201,-69.127,0.0,NDBC,NDBC Meteorological/Ocean,buoy,False,False,False,False,N,3-meter discus buoy,3D51,"GULF OF MAINE - 78 NM East of Portsmouth, NH",SCOOP payload,"43.201 N 69.127 W (43°12'2"" N 69°7'37"" W)",E
44006,7,1980,1995,0,,,0,,,0,,,0,,,0,,,0,,,0,,,0,,,0,,False,,,,,,,,,,,,N,3-meter discus buoy,,,GSBP payload,"36.300 N 75.400 W (36°17'60"" N 75°24'0"" W)",E
44007,44,1982,2025,30,1996,2025,17,2007,2025,17,2007,2025,17,2007,2025,17,2007,2025,1,2010,2010,0,,,0,,,17,"spec,stdmet,swden,swdir,swdir2,swr1,swr2",True,"PORTLAND - 12 NM Southeast of Portland,ME",43.525,-70.14,0.0,NDBC,NDBC Meteorological/Ocean,buoy,True,False,False,False,N,3-meter discus buoy,3D69,"PORTLAND - 12 NM Southeast of Portland,ME",SCOOP payload,"43.525 N 70.140 W (43°31'30"" N 70°8'25"" W)",E
44008,43,1982,2025,29,1996,2025,18,2007,2025,18,2007,2025,18,2007,2025,18,2007,2025,1,2007,2007,0,,,0,,,18,"spec,stdmet,swden,swdir,swdir2,swr1,swr2",True,NANTUCKET 54 NM Southeast of Nantucket,40.5,-69.254,0.0,NDBC,NDBC Meteorological/Ocean,buoy,True,False,False,False,N,3-meter discus buoy,3D24,NANTUCKET 54 NM Southeast of Nantucket,SCOOP payload,"40.500 N 69.254 W (40°29'59"" N 69°15'14"" W)",E
44009,42,1984,2025,30,1996,2025,16,1996,2025,15,1997,2025,15,1997,2025,15,1997,2025,0,,,0,,,0,,,15,stdmet,True,"DELAWARE BAY 26 NM Southeast of Cape May, NJ",38.46,-74.692,0.0,NDBC,NDBC Meteorological/Ocean,buoy,False,False,False,False,N,3-meter discus buoy,3D56,"DELAWARE BAY 26 NM Southeast of Cape May, NJ",SCOOP payload,"38.460 N 74.692 W (38°27'35"" N 74°41'31"" W)",E
44010,3,1984,1995,0,,,0,,,0,,,0,,,0,,,0,,,0,,,0,,,0,,False,,,,,,,,,,,,N,3-meter discus buoy,,,GSBP payload,"36.900 N 75.700 W (36°53'59"" N 75°41'59"" W)",E
44011,41,1984,2025,29,1996,2025,12,2010,2025,12,2010,2025,12,2010,2025,12,2010,2025,2,2007,2010,0,,,0,,,12,"spec,stdmet,swden,swdir,swdir2,swr1,swr2",True,"GEORGES BANK 170 NM East of Hyannis, MA",41.088,-66.546,0.0,NDBC,NDBC Meteorological/Ocean,buoy,True,False,False,False,N,3-meter foam buoy,3DV66,"GEORGES BANK 170 NM East of Hyannis, MA",SCOOP payload,"41.088 N 66.546 W (41°5'18"" N 66°32'44"" W)",N
44012,9,1984,1992,0,,,0,,,0,,,0,,,0,,,0,,,0,,,0,,,0,,False,,,,,,,,,,,,N,USCG Large Navigational Buoy,,,DACT payload,"38.800 N 74.600 W (38°47'60"" N 74°35'60"" W)",E
44013,42,1984,2025,30,1996,2025,16,1996,2025,14,2012,2025,14,2012,2025,14,2012,2025,2,2009,2010,0,,,4,2009,2012,14,"spec,stdmet,swden,swdir,swdir2,swr1,swr2",True,"BOSTON 16 NM East of Boston, MA",42.346,-70.651,0.0,NDBC,NDBC Meteorological/Ocean,buoy,True,False,False,False,N,2.1-meter ionomer foam buoy,2.1D13,"BOSTON 16 NM East of Boston, MA",SCOOP payload,"42.346 N 70.651 W (42°20'44"" N 70°39'4"" W)",E
44014,36,1990,2025,30,1996,2025,30,1996,2025,28,1998,2025,28,1998,2025,28,1998,2025,5,2007,2013,0,,,0,,,28,"spec,stdmet,swden,swdir,swdir2,swr1,swr2",True,"VIRGINIA BEACH 64 NM East of Virginia Beach, VA",36.603,-74.837,0.0,NDBC,NDBC Meteorological/Ocean,buoy,True,False,False,False,N,2.1-meter ionomer foam buoy,2.1D03,"VIRGINIA BEACH 64 NM East of Virginia Beach, VA",SCOOP payload,"36.603 N 74.837 W (36°36'10"" N 74°50'13"" W)",E
44015,2,1990,1991,0,,,0,,,0,,,0,,,0,,,0,,,0,,,0,,,0,,False,,,,,,,,,,,,N,3-meter discus buoy,,,DACT payload,"37.500 N 73.400 W (37°30'0"" N 73°24'0"" W)",E
44017,21,2002,2023,21,2002,2023,13,2008,2023,13,2008,2023,13,2008,2023,13,2008,2023,0,,,0,,,0,,,13,,False,"MONTAUK POINT - 23 NM SSW of Montauk Point, NY",40.693,-72.049,0.0,NDBC,NDBC Meteorological/Ocean,buoy,False,False,False,False,N,3-meter foam buoy,3DV50,"MONTAUK POINT - 23 NM SSW of Montauk Point, NY",SCOOP payload,"40.693 N 72.049 W (40°41'34"" N 72°2'56"" W)",E
44018,21,2002,2024,21,2002,2024,16,2007,2024,16,2007,2024,16,2007,2024,16,2007,2024,0,,,0,,,1,2007,2007,16,,False,"CAPE COD - 9 NM North of Provincetown, MA",42.203,-70.154,0.0,NDBC,NDBC Meteorological/Ocean,buoy,False,False,False,False,N,3-meter foam buoy,3DV23,"CAPE COD - 9 NM North of Provincetown, MA",SCOOP payload,"42.203 N 70.154 W (42°12'11"" N 70°9'14"" W)",E
44019,2,1994,1995,0,,,0,,,0,,,0,,,0,,,0,,,0,,,0,,,0,,False,,,,,,,,,,,,N,3-meter discus buoy,,,VEEP payload,"36.400 N 75.200 W (36°23'60"" N 75°12'0"" W)",E
44020,17,2009,2025,17,2009,2025,17,2009,2025,17,2009,2025,17,2009,2025,17,2009,2025,0,,,0,,,0,,,17,"spec,stdmet,swden,swdir,swdir2,swr1,swr2",True,NANTUCKET SOUND,41.497,-70.283,0.0,NDBC,NDBC Meteorological/Ocean,buoy,True,False,False,False,N,3-meter foam buoy,3DV04,NANTUCKET SOUND,SCOOP payload,"41.497 N 70.283 W (41°29'50"" N 70°16'59"" W)",E
44022,20,2005,2024,0,,,0,,,0,,,0,,,0,,,0,,,0,,,0,,,0,,False,Execution Rocks,40.883,-73.728,0.0,MYSOUND,IOOS Partners,buoy,False,False,False,False,Y,Moored Buoy,,Execution Rocks,,"40.883 N 73.728 W (40°53'0"" N 73°43'42"" W)",E
44023,1,1991,1991,0,,,0,,,0,,,0,,,0,,,0,,,0,,,0,,,0,,False,,,,,,,,,,,,N,3-meter discus buoy,,,DACT payload,"37.500 N 74.400 W (37°30'0"" N 74°24'0"" W)",E
44025,41,1975,2025,30,1996,2025,30,1996,2025,29,1997,2025,29,1997,2025,29,1997,2025,0,,,0,,,3,2008,2010,29,"spec,stdmet,swden,swdir,swdir2,swr1,swr2",True,"LONG ISLAND - 30 NM South of Islip, NY",40.258,-73.175,0.0,NDBC,NDBC Meteorological/Ocean,buoy,True,False,False,False,N,3-meter foam buoy,3DV48,"LONG ISLAND - 30 NM South of Islip, NY",SCOOP payload,"40.258 N 73.175 W (40°15'30"" N 73°10'29"" W)",E
44026,1,1991,1991,0,,,0,,,0,,,0,,,0,,,0,,,0,,,0,,,0,,False,,,,,,,,,,,,N,3-meter discus buoy,,,DACT payload,"36.000 N 73.500 W (36°0'0"" N 73°30'0"" W)",E
44027,23,2003,2025,22,2003,2025,10,2015,2025,10,2015,2025,10,2015,2025,10,2015,2025,3,2003,2012,0,,,0,,,10,"spec,stdmet,swden,swdir,swdir2,swr1,swr2",True,"Jonesport, ME - 20 NM SE of Jonesport, ME",44.284,-67.301,0.0,NDBC,NDBC Meteorological/Ocean,buoy,True,False,False,False,N,3-meter foam buoy,3DV52,"Jonesport, ME - 20 NM SE of Jonesport, ME",SCOOP payload,"44.284 N 67.301 W (44°17'2"" N 67°18'4"" W)",N
44028,4,1994,1997,2,1996,1997,0,,,0,,,0,,,0,,,0,,,0,,,0,,,0,,False,,,,,,,,,,,,N,USCG Large Navigational Buoy,09,Buzzard's Bay,DACT payload,"41.400 N 71.080 W (41°24'0"" N 71°4'48"" W)",E
44029,1,2025,2025,0,,,0,,,0,,,0,,,0,,,1,2025,2025,0,,,0,,,0,"adcp,ocean,stdmet",False,Buoy A01 - Massachusetts Bay,42.523,-70.566,0.0,Northeastern Regional Association of Coastal Ocean Observing Systems,IOOS Partners,buoy,True,False,True,False,NC,Moored Buoy,,Buoy A01 - Massachusetts Bay,,"42.523 N 70.566 W (42°31'24"" N 70°33'56"" W)",E
44030,1,2025,2025,0,,,0,,,0,,,0,,,0,,,1,2025,2025,0,,,0,,,0,"adcp,ocean,stdmet",False,Buoy B01 - Western Maine Shelf,43.179,-70.426,0.0,Northeastern Regional Association of Coastal Ocean Observing Systems,IOOS Partners,buoy,True,True,True,False,NC,Moored Buoy,,Buoy B01 - Western Maine Shelf,,"43.179 N 70.426 W (43°10'45"" N 70°25'35"" W)",E
44032,1,2025,2025,0,,,0,,,0,,,0,,,0,,,0,,,0,,,0,,,0,"adcp,ocean,stdmet",False,Buoy E01 - Central Maine Shelf,43.715,-69.355,0.0,Northeastern Regional Association of Coastal Ocean Observing Systems,IOOS Partners,buoy,True,True,True,False,NC,Moored Buoy,,Buoy E01 - Central Maine Shelf,,"43.715 N 69.355 W (43°42'53"" N 69°21'18"" W)",E
44033,1,2025,2025,0,,,0,,,0,,,0,,,0,,,1,2025,2025,0,,,0,,,0,"adcp,ocean,stdmet",False,Buoy F01 - Penobscot Bay,44.055,-68.996,0.0,Northeastern Regional Association of Coastal Ocean Observing Systems,IOOS Partners,buoy,True,True,True,False,NC,Moored Buoy,,Buoy F01 - Penobscot Bay,,"44.055 N 68.996 W (44°3'18"" N 68°59'47"" W)",E
44034,1,2025,2025,0,,,0,,,0,,,0,,,0,,,1,2025,2025,0,,,0,,,0,"adcp,ocean,stdmet",False,Buoy I01 - Eastern Maine Shelf,44.103,-68.112,0.0,Northeastern Regional Association of Coastal Ocean Observing Systems,IOOS Partners,buoy,True,False,False,False,NC,Moored Buoy,,Buoy I01 - Eastern Maine Shelf,,"44.103 N 68.112 W (44°6'10"" N 68°6'44"" W)",E
4403585,0,,,0,,,0,,,0,,,0,,,0,,,0,,,0,,,0,,,0,stdmet,False,Walnut Creek Buoy,42.132,-80.27,173.5,Regional Science Consortium,IOOS Partners,buoy,True,False,False,False,RC,Moored Buoy,,Walnut Creek Buoy,,"42.132 N 80.270 W (42°7'55"" N 80°16'11"" W)",E
4403586,0,,,0,,,0,,,0,,,0,,,0,,,0,,,0,,,0,,,0,stdmet,False,Buffalo Buoy,42.847,-78.904,174.35,SUNY Buffalo State University,IOOS Partners,fixed,True,False,False,False,BS,GLOS Weather Station,,Buffalo Buoy,,"42.847 N 78.904 W (42°50'48"" N 78°54'14"" W)",E
4403587,0,,,0,,,0,,,0,,,0,,,0,,,0,,,0,,,0,,,0,stdmet,False,Whitefish Bay,46.545,-84.769,183.5,Bay Mills Indian Community,IOOS Partners,buoy,True,False,False,False,BMI,Buoy,,Whitefish Bay,,"46.545 N 84.769 W (46°32'43"" N 84°46'9"" W)",E
44039,20,2004,2024,0,,,0,,,0,,,0,,,0,,,0,,,0,,,0,,,0,,False,Central Long Island Sound,41.138,-72.655,0.0,MYSOUND,IOOS Partners,buoy,False,False,False,False,Y,Moored Buoy,,Central Long Island Sound,,"41.138 N 72.655 W (41°8'15"" N 72°39'18"" W)",E
44040,19,2004,2023,0,,,0,,,0,,,0,,,0,,,0,,,0,,,0,,,0,,False,Western Long Island Sound,40.956,-73.58,0.0,MYSOUND,IOOS Partners,buoy,False,False,False,False,Y,Moored Buoy,,Western Long Island Sound,,"40.956 N 73.580 W (40°57'21"" N 73°34'48"" W)",E
44041,18,2007,2025,0,,,0,,,0,,,0,,,0,,,5,2019,2024,0,,,12,2008,2019,0,,False,,,,,,,,,,,,CB,Moored Buoy,,"Jamestown, VA",,"37.211 N 76.787 W (37°12'41"" N 76°47'12"" W)",E
44042,19,2007,2025,0,,,0,,,0,,,0,,,0,,,8,2018,2025,0,,,18,2008,2025,0,"ocean,stdmet",False,"Potomac, MD",38.033,-76.335,0.0,Chesapeake Bay Interpretive Buoy System (CBIBS),IOOS Partners,buoy,True,False,True,False,CB,Moored Buoy,,"Potomac, MD",,"38.033 N 76.335 W (38°1'59"" N 76°20'8"" W)",E
44043,13,2007,2024,0,,,0,,,0,,,0,,,0,,,2,2023,2024,0,,,11,2009,2024,0,,False,,,,,,,,,,,,CB,Moored Buoy,,"Patapsco, MD",,"39.152 N 76.391 W (39°9'7"" N 76°23'28"" W)",E
44044,1,2005,2005,0,,,0,,,0,,,0,,,0,,,0,,,0,,,0,,,0,,False,,,,,,,,,,,,B,Moored Buoy,,Patuxent River Buoy,,"38.389 N 76.526 W (38°23'19"" N 76°31'35"" W)",E
44052,3,2006,2008,0,,,0,,,0,,,0,,,0,,,0,,,0,,,0,,,0,,False,,,,,,,,,,,,VM,Marine Observation Buoy,,Goodwin Islands,,"37.236 N 76.399 W (37°14'11"" N 76°23'56"" W)",E
44053,4,2006,2009,0,,,0,,,0,,,0,,,0,,,0,,,0,,,0,,,0,,False,,,,,,,,,,,,VM,Marine Observation Buoy,,Gloucester Point,,"37.244 N 76.500 W (37°14'40"" N 76°30'1"" W)",E
44054,2,2007,2008,0,,,0,,,0,,,0,,,0,,,0,,,0,,,0,,,0,,False,,,,,,,,,,,,DW,Moored Buoy,,Lower Delaware Bay Buoy,,"38.883 N 75.183 W (38°53'0"" N 75°11'0"" W)",E
44055,2,2007,2008,0,,,0,,,0,,,0,,,0,,,0,,,0,,,0,,,0,,False,,,,,,,,,,,,DW,Moored Buoy,,Central Delaware Bay,,"39.122 N 75.256 W (39°7'20"" N 75°15'20"" W)",E
44056,19,2007,2025,0,,,0,,,0,,,0,,,0,,,1,2025,2025,0,,,0,,,0,"adcp,spec,stdmet,swden,swdir,swdir2,swr1,swr2",False,"Duck FRF, NC",36.2,-75.714,0.0,U.S. Army Corps of Engineers,IOOS Partners,buoy,True,True,False,False,AC,Waverider Buoy,,"Duck FRF, NC",,"36.200 N 75.714 W (36°11'59"" N 75°42'51"" W)",E
44057,10,2008,2017,0,,,0,,,0,,,0,,,0,,,0,,,0,,,10,2008,2017,0,,False,,,,,,,,,,,,CB,Moored Buoy,,"Susquehanna, MD",,"39.540 N 76.074 W (39°32'25"" N 76°4'25"" W)",E
44058,18,2008,2025,0,,,0,,,0,,,0,,,0,,,8,2018,2025,0,,,18,2008,2025,0,"ocean,stdmet",False,"Stingray Point, VA",37.567,-76.257,0.0,Chesapeake Bay Interpretive Buoy System (CBIBS),IOOS Partners,buoy,True,False,True,False,CB,Moored Buoy,,"Stingray Point, VA",,"37.567 N 76.257 W (37°34'2"" N 76°15'27"" W)",E
44059,9,2008,2016,0,,,0,,,0,,,0,,,0,,,0,,,0,,,3,2008,2010,0,,False,,,,,,,,,,,,CB,Moored Buoy,,"Norfolk, VA",,"36.846 N 76.298 W (36°50'44"" N 76°17'53"" W)",E
44060,10,2007,2016,0,,,0,,,0,,,0,,,0,,,0,,,0,,,0,,,0,,False,,,,,,,,,,,,Y,2.4-meter foam hull buoy,,Eastern Long Island Sound,,"41.263 N 72.067 W (41°15'48"" N 72°4'0"" W)",E
44061,8,2010,2017,0,,,0,,,0,,,0,,,0,,,0,,,0,,,8,2010,2017,0,,False,,,,,,,,,,,,CB,Moored Buoy,,"Upper Potomac, MD",,"38.788 N 77.036 W (38°47'16"" N 77°2'9"" W)",E
44062,16,2010,2025,0,,,0,,,0,,,0,,,0,,,8,2018,2025,0,,,14,2012,2025,0,"ocean,stdmet",False,"Gooses Reef, MD",38.556,-76.415,0.0,Chesapeake Bay Interpretive Buoy System (CBIBS),IOOS Partners,buoy,True,False,True,False,CB,Moored Buoy,,"Gooses Reef, MD",,"38.556 N 76.415 W (38°33'23"" N 76°24'53"" W)",E
44063,16,2010,2025,0,,,0,,,0,,,0,,,0,,,8,2018,2025,0,,,16,2010,2025,0,"ocean,stdmet",False,"Annapolis, MD",38.963,-76.448,0.0,Chesapeake Bay Interpretive Buoy System (CBIBS),IOOS Partners,buoy,True,False,True,False,CB,Moored Buoy,,"Annapolis, MD",,"38.963 N 76.448 W (38°57'47"" N 76°26'51"" W)",E
44064,14,2011,2025,0,,,0,,,0,,,0,,,0,,,6,2018,2024,0,,,13,2011,2024,0,,False,"First Landing, VA",36.998,-76.087,0.0,Chesapeake Bay Interpretive Buoy System (CBIBS),IOOS Partners,buoy,False,False,False,False,CB,Moored Buoy,,"First Landing, VA",,"36.998 N 76.087 W (36°59'53"" N 76°5'14"" W)",E
44065,18,2008,2025,18,2008,2025,18,2008,2025,18,2008,2025,18,2008,2025,18,2008,2025,0,,,0,,,0,,,18,"spec,stdmet,swden,swdir,swdir2,swr1,swr2",True,"New York Harbor Entrance - 15 NM SE of Breezy Point , NY",40.368,-73.701,0.0,NDBC,NDBC Meteorological/Ocean,buoy,True,False,False,False,N,3-meter foam buoy,3D58,"New York Harbor Entrance - 15 NM SE of Breezy Point , NY",SCOOP payload,"40.368 N 73.701 W (40°22'6"" N 73°42'2"" W)",E
44066,15,2009,2023,15,2009,2023,11,2013,2023,11,2013,2023,11,2013,2023,11,2013,2023,0,,,0,,,0,,,11,,False,"Texas Tower #4 - 75 NM East of Long Beach, NJ",39.618,-72.644,0.0,NDBC,NDBC Meteorological/Ocean,buoy,False,False,False,False,N,3-meter foam buoy,3DV46,"Texas Tower #4 - 75 NM East of Long Beach, NJ",SCOOP payload,"39.618 N 72.644 W (39°37'6"" N 72°38'40"" W)",E
44067,3,2011,2013,0,,,0,,,0,,,0,,,0,,,0,,,0,,,0,,,0,,False,,,,,,,,,,,,IN,Buoy,,"Potomac River, Near HWY 301",,"38.368 N 76.996 W (38°22'5"" N 76°59'45"" W)",E
44068,2,2014,2015,0,,,0,,,0,,,0,,,0,,,0,,,0,,,0,,,0,,False,,,,,,,,,,,,CB,Moored Buoy,,VCU Rice Rivers Center,,"37.314 N 77.191 W (37°18'50"" N 77°11'28"" W)",E
44069,9,2016,2024,0,,,0,,,0,,,0,,,0,,,0,,,0,,,8,2016,2025,0,"ocean,stdmet",False,Great South Bay,40.699,-73.087,0.0,Stony Brook University,IOOS Partners,buoy,True,False,True,False,ST,Buoy,,Great South Bay,,"40.699 N 73.087 W (40°41'55"" N 73°5'12"" W)",E
44070,3,2008,2010,3,2008,2010,3,2008,2010,3,2008,2010,3,2008,2010,3,2008,2010,1,2008,2008,0,,,0,,,3,,False,,,,,,,,,,,,N,1.8-meter discus buoy,18D13,Buzzards Bay MA. Offshore,WAMDAS payload,"41.392 N 71.004 W (41°23'33"" N 71°0'13"" W)",E
44072,10,2016,2025,0,,,0,,,0,,,0,,,0,,,9,2016,2025,0,,,10,2016,2025,0,"ocean,stdmet",False,"York Spit, VA   ",37.201,-76.266,0.0,Chesapeake Bay Interpretive Buoy System (CBIBS),IOOS Partners,buoy,True,False,True,False,CB,Moored Buoy,,"York Spit, VA",,"37.201 N 76.266 W (37°12'2"" N 76°15'58"" W)",E
44073,7,2019,2025,0,,,0,,,0,,,0,,,0,,,0,,,0,,,0,,,0,,False,CO2 Gulf of Maine Buoy,43.02,-70.54,0.0,University of New Hampshire,IOOS Partners,buoy,False,False,False,False,NH,Moored Buoy,,CO2 Gulf of Maine Buoy,,"43.020 N 70.540 W (43°1'12"" N 70°32'24"" W)",E
44074,0,,,0,,,0,,,0,,,0,,,0,,,0,,,0,,,0,,,0,"ocean,stdmet",False,Great Bay Buoy,43.071,-70.868,0.0,University of New Hampshire,IOOS Partners,buoy,True,False,True,False,NH,Moored Buoy,,Great Bay Buoy,,"43.071 N 70.868 W (43°4'17"" N 70°52'4"" W)",E
44075,3,2020,2022,0,,,0,,,0,,,0,,,0,,,0,,,0,,,3,2020,2022,0,,False,,,,,,,,,,,,OO,Buoy,,OOI Pioneer Inshore Surface Mooring,,"40.363 N 70.883 W (40°21'47"" N 70°52'59"" W)",E
44076,3,2020,2022,0,,,0,,,0,,,0,,,0,,,0,,,0,,,3,2020,2022,0,,False,,,,,,,,,,,,OO,Buoy,,OOI Pioneer Central Surface Mooring,,"40.137 N 70.775 W (40°8'13"" N 70°46'30"" W)",E
44077,3,2020,2022,0,,,0,,,0,,,0,,,0,,,0,,,0,,,3,2020,2022,0,,False,,,,,,,,,,,,OO,Buoy,,OOI Pioneer Offshore Surface Mooring,,"39.940 N 70.883 W (39°56'24"" N 70°52'59"" W)",E
44078,6,2020,2025,0,,,0,,,0,,,0,,,0,,,0,,,0,,,6,2020,2025,0,"ocean,spec,stdmet",False,OOI Irminger Sea Surface Mooring,59.94,-39.52,0.0,NSF Ocean Observatories Initiative,IOOS Partners,buoy,True,False,True,False,OO,Buoy,,OOI Irminger Sea Surface Mooring,,"59.940 N 39.520 W (59°56'24"" N 39°31'12"" W)",?
44079,2,2024,2025,0,,,0,,,0,,,0,,,0,,,0,,,0,,,2,2024,2025,0,"ocean,spec,stdmet",False,OOI Pioneer - Mid-Atlantic Bight Northern Surface Mooring,36.175,-74.827,,NSF Ocean Observatories Initiative,IOOS Partners,buoy,True,False,True,False,OO,Moored Buoy,,OOI Pioneer - Mid-Atlantic Bight Northern Surface Mooring,,"36.175 N 74.827 W (36°10'30"" N 74°49'37"" W)",E
44080,1,2025,2025,0,,,0,,,0,,,0,,,0,,,0,,,0,,,1,2025,2025,0,"ocean,spec,stdmet",False,Baltimore,39.223,-76.528,0.0,Chesapeake Bay Interpretive Buoy System (CBIBS),IOOS Partners,buoy,True,False,True,False,CB,Moored Buoy,,Baltimore,,"39.223 N 76.528 W (39°13'22"" N 76°31'42"" W)",E
44084,4,2022,2025,0,,,0,,,0,,,0,,,0,,,1,2024,2024,0,,,0,,,0,"spec,stdmet,swden,swdir,swdir2,swr1,swr2",False,"Bethany Beach, DE (263)",38.537,-75.044,0.0,SCRIPPS,IOOS Partners,buoy,True,False,False,False,R,Waverider Buoy,,"Bethany Beach, DE (263)",,"38.537 N 75.044 W (38°32'14"" N 75°2'38"" W)",E
44085,4,2022,2025,0,,,0,,,0,,,0,,,0,,,4,2022,2025,0,,,0,,,0,"adcp,spec,stdmet,swden,swdir,swdir2,swr1,swr2",False,"Buzzards Bay, MA (260)",41.387,-71.032,0.0,Woods Hole Group/NERACOOS,IOOS Partners,buoy,True,True,False,False,WN,Waverider Buoy,,"Buzzards Bay, MA (260)",,"41.387 N 71.032 W (41°23'13"" N 71°1'55"" W)",E
44086,8,2018,2025,0,,,0,,,0,,,0,,,0,,,0,,,0,,,0,,,0,"adcp,spec,stdmet,swden,swdir,swdir2,swr1,swr2",False,"Nags Head, NC (243)",36.001,-75.421,0.0,UNC Coastal Studies Institute,IOOS Partners,buoy,True,True,False,False,SI,Waverider Buoy,,"Nags Head, NC (243)",,"36.001 N 75.421 W (36°0'5"" N 75°25'16"" W)",E
44087,8,2018,2025,0,,,0,,,0,,,0,,,0,,,0,,,0,,,0,,,0,"spec,stdmet,swden,swdir,swdir2,swr1,swr2",False,"Thimble Shoal, VA (240)",37.043,-76.129,0.0,U.S. Navy,IOOS Partners,buoy,True,False,False,False,NV,Waverider Buoy,,"Thimble Shoal, VA (240)",,"37.043 N 76.129 W (37°2'34"" N 76°7'44"" W)",E
44088,8,2017,2025,0,,,0,,,0,,,0,,,0,,,6,2020,2025,0,,,0,,,0,"adcp,spec,stdmet,swden,swdir,swdir2,swr1,swr2",False,"Virginia Beach Offshore, VA (171)",36.612,-74.839,0.0,SCRIPPS,IOOS Partners,buoy,True,True,False,False,R,Waverider Buoy,,"Virginia Beach Offshore, VA (171)",,"36.612 N 74.839 W (36°36'42"" N 74°50'20"" W)",E
44089,10,2016,2025,0,,,0,,,0,,,0,,,0,,,0,,,0,,,0,,,0,,False,"Wallops Island, VA (224)",37.756,-75.325,0.0,U.S. Army Corps of Engineers,IOOS Partners,buoy,False,False,False,False,AC,Waverider Buoy,,"Wallops Island, VA (224)",,"37.756 N 75.325 W (37°45'22"" N 75°19'31"" W)",E
44090,10,2016,2025,0,,,0,,,0,,,0,,,0,,,4,2022,2025,0,,,0,,,0,"adcp,spec,stdmet,swden,swdir,swdir2,swr1,swr2",False,"Cape Cod Bay, MA (221)",41.84,-70.329,0.0,Woods Hole Group/NERACOOS,IOOS Partners,buoy,True,True,False,False,WN,Waverider Buoy,,"Cape Cod Bay, MA (221)",,"41.840 N 70.329 W (41°50'24"" N 70°19'43"" W)",E
44091,12,2014,2025,0,,,0,,,0,,,0,,,0,,,1,2025,2025,0,,,0,,,0,"adcp,spec,stdmet,swden,swdir,swdir2,swr1,swr2",False,"Barnegat, NJ (209)",39.772,-73.769,0.0,U.S. Army Corps of Engineers,IOOS Partners,buoy,True,True,False,False,AC,Waverider Buoy,,"Barnegat, NJ (209)",,"39.772 N 73.769 W (39°46'19"" N 73°46'8"" W)",E
44092,1,2014,2014,0,,,0,,,0,,,0,,,0,,,0,,,0,,,0,,,0,,False,,,,,,,,,,,,NO,Waverider Buoy,,"Isle of Shoals, NH (211)",,"42.942 N 70.632 W (42°56'32"" N 70°37'55"" W)",E
44093,4,2014,2017,0,,,0,,,0,,,0,,,0,,,0,,,0,,,0,,,0,,False,,,,,,,,,,,,VD,Waverider Buoy,,"Offshore Wind Energy Area, VA (210)",,"36.872 N 75.492 W (36°52'21"" N 75°29'30"" W)",E
44094,2,2014,2015,0,,,0,,,0,,,0,,,0,,,0,,,0,,,0,,,0,,False,,,,,,,,,,,,R,Waverider Buoy,,"Fire Island Nearshore, NY (207)",,"40.585 N 73.106 W (40°35'5"" N 73°6'23"" W)",E
44095,14,2012,2025,0,,,0,,,0,,,0,,,0,,,0,,,0,,,0,,,0,"spec,stdmet,swden,swdir,swdir2,swr1,swr2",False,"Oregon Inlet, NC (192)",35.75,-75.33,0.0,UNC Coastal Studies Institute,IOOS Partners,buoy,True,False,False,False,SI,Waverider Buoy,,"Oregon Inlet, NC (192)",,"35.750 N 75.330 W (35°45'0"" N 75°19'48"" W)",E
44096,7,2012,2018,0,,,0,,,0,,,0,,,0,,,0,,,0,,,0,,,0,,False,,,,,,,,,,,,R,Waverider Buoy,,"Cape Charles, VA (186)",,"37.023 N 75.809 W (37°1'25"" N 75°48'33"" W)",E
44097,17,2009,2025,0,,,0,,,0,,,0,,,0,,,0,,,0,,,0,,,0,"spec,stdmet,swden,swdir,swdir2,swr1,swr2",False,"Block Island, RI  (154)",40.966,-71.123,0.0,SCRIPPS,IOOS Partners,buoy,True,False,False,False,R,Waverider Buoy,,"Block Island, RI  (154)",,"40.966 N 71.123 W (40°57'57"" N 71°7'22"" W)",E
44098,18,2008,2025,0,,,0,,,0,,,0,,,0,,,1,2025,2025,0,,,0,,,0,"adcp,spec,stdmet,swden,swdir,swdir2,swr1,swr2",False,"Jeffrey's Ledge, NH (160)",42.8,-70.169,0.0,University of New Hampshire,IOOS Partners,buoy,True,True,False,False,NH,Waverider Buoy,,"Jeffrey's Ledge, NH (160)",,"42.800 N 70.169 W (42°48'0"" N 70°10'8"" W)",E
44099,18,2008,2025,0,,,0,,,0,,,0,,,0,,,0,,,0,,,0,,,0,"spec,stdmet,swden,swdir,swdir2,swr1,swr2",False,"Cape Henry, VA (147)",36.915,-75.722,0.0,SCRIPPS,IOOS Partners,buoy,True,False,False,False,R,Waverider Buoy,,"Cape Henry, VA (147)",,"36.915 N 75.722 W (36°54'53"" N 75°43'19"" W)",E
44100,18,2008,2025,0,,,0,,,0,,,0,,,0,,,3,2023,2025,0,,,0,,,0,"adcp,spec,stdmet,swden,swdir,swdir2,swr1,swr2",False,"Duck FRF 26m, NC (430)",36.257,-75.593,0.0,SCRIPPS,IOOS Partners,buoy,True,True,False,False,R,Waverider Buoy,,"Duck FRF 26m, NC (430)",,"36.257 N 75.593 W (36°15'26"" N 75°35'36"" W)",E
44137,0,,,0,,,0,,,0,,,0,,,0,,,0,,,0,,,0,,,0,stdmet,False,East Scotia Slope,42.26,-62.03,0.0,Environment and Climate Change Canada,International Partners,buoy,True,False,False,False,C,6-meter NOMAD buoy,,East Scotia Slope,,"42.260 N 62.030 W (42°15'36"" N 62°1'48"" W)",N
44139,0,,,0,,,0,,,0,,,0,,,0,,,0,,,0,,,0,,,0,stdmet,False,Banqureau Banks,44.24,-57.1,0.0,Environment and Climate Change Canada,International Partners,buoy,True,False,False,False,C,6-meter NOMAD buoy,,Banqureau Banks,,"44.240 N 57.100 W (44°14'24"" N 57°6'0"" W)",N
44150,0,,,0,,,0,,,0,,,0,,,0,,,0,,,0,,,0,,,0,stdmet,False,La Have Bank,42.5,-64.02,0.0,Environment and Climate Change Canada,International Partners,buoy,True,False,False,False,C,6-meter NOMAD buoy,,La Have Bank,,"42.500 N 64.020 W (42°30'0"" N 64°1'12"" W)",N
44172,2,2011,2012,0,,,0,,,0,,,0,,,0,,,0,,,0,,,0,,,0,,False,,,,,,,,,,,,R,Waverider Buoy,,"Halifax Harbor, NS, Canada - 176",,"44.500 N 63.408 W (44°30'0"" N 63°24'29"" W)",N
44235,1,2011,2011,0,,,0,,,0,,,0,,,0,,,0,,,0,,,0,,,0,,False,,,,,,,,,,,,C,Waverider Buoy,,"South Ramea Island, Newfoundland (170)",,"47.263 N 57.341 W (47°15'45"" N 57°20'26"" W)",N
44258,0,,,0,,,0,,,0,,,0,,,0,,,0,,,0,,,0,,,0,stdmet,False,Halifax Harbour,44.5,-63.4,0.0,Environment and Climate Change Canada,International Partners,buoy,True,False,False,False,C,3-meter discus buoy,,Halifax Harbour,,"44.500 N 63.400 W (44°30'0"" N 63°24'0"" W)",N
44401,0,,,0,,,0,,,0,,,0,,,0,,,0,,,0,,,0,,,0,,False,,,,,,,,,,,,N,2.6-meter discus buoy,2.6D73,"NORTHEAST CASTLE ROCK SEAMOUNT - 620NM South of St John's Newfoundland, CN",DART II payload,"37.592 N 50.030 W (37°35'30"" N 50°1'48"" W)",?
44402,0,,,0,,,0,,,0,,,0,,,0,,,0,,,0,,,0,,,0,,False,"SOUTHEAST BLOCK CANYON - 130 NM SE of Fire Island, NY",39.314,-70.717,0.0,NDBC,Tsunami,dart,False,False,False,False,N,2.6-meter discus buoy,,"SOUTHEAST BLOCK CANYON - 130 NM SE of Fire Island, NY",DART II payload,"39.314 N 70.717 W (39°18'52"" N 70°43'1"" W)",?
44403,0,,,0,,,0,,,0,,,0,,,0,,,0,,,0,,,0,,,0,,False,"SABLE ISLAND BANK - 437 NM E of Boston, MA",41.928,-61.664,0.0,NDBC,Tsunami,dart,False,False,False,True,N,2.6 meter DART buoy,2.6D20,"SABLE ISLAND BANK - 437 NM E of Boston, MA",DART II payload,"41.928 N 61.664 W (41°55'41"" N 61°39'49"" W)",N
44488,0,,,0,,,0,,,0,,,0,,,0,,,0,,,0,,,0,,,0,stdmet,False,East of Chedabucto Bay,45.44,-60.95,0.0,Environment and Climate Change Canada,International Partners,buoy,True,False,False,False,C,3-meter discus buoy,,East of Chedabucto Bay,,"45.440 N 60.950 W (45°26'24"" N 60°57'0"" W)",?
44489,0,,,0,,,0,,,0,,,0,,,0,,,0,,,0,,,0,,,0,stdmet,False,West Chedabucto Bay,45.49,-61.14,0.0,Environment and Climate Change Canada,International Partners,buoy,True,False,False,False,C,3-meter discus buoy,,West Chedabucto Bay,,"45.490 N 61.140 W (45°29'24"" N 61°8'24"" W)",?
45001,47,1979,2025,30,1996,2025,22,2004,2025,22,2004,2025,22,2004,2025,22,2004,2025,0,,,0,,,0,,,22,"spec,stdmet,swden,swdir,swdir2,swr1,swr2",True,"MID SUPERIOR- 60 NM North Northeast Hancock, MI",48.061,-87.793,183.0,NDBC,NDBC Meteorological/Ocean,buoy,True,False,False,False,N,2.1-meter ionomer foam buoy,2.1D02,"MID SUPERIOR- 60 NM North Northeast Hancock, MI",SCOOP payload,"48.061 N 87.793 W (48°3'41"" N 87°47'33"" W)",E
45002,47,1979,2025,30,1996,2025,18,2008,2025,18,2008,2025,18,2008,2025,18,2008,2025,0,,,0,,,0,,,18,"spec,stdmet,swden,swdir,swdir2,swr1,swr2",True,NORTH MICHIGAN- Halfway between North Manitou and Washington Islands.,45.344,-86.411,176.0,NDBC,NDBC Meteorological/Ocean,buoy,True,False,False,False,N,2.1-meter ionomer foam buoy,2.6D57,NORTH MICHIGAN- Halfway between North Manitou and Washington Islands.,SCOOP payload,"45.344 N 86.411 W (45°20'39"" N 86°24'41"" W)",E
45003,46,1980,2025,29,1996,2025,23,2002,2025,23,2002,2025,23,2002,2025,23,2002,2025,0,,,0,,,0,,,23,,False,"NORTH HURON - 32NM Northeast of Alpena, MI",45.351,-82.84,177.0,NDBC,NDBC Meteorological/Ocean,other,False,False,False,False,N,2.3-meter foam discus buoy,2.6D57,"NORTH HURON - 32NM Northeast of Alpena, MI",SCOOP payload,"45.351 N 82.840 W (45°21'3"" N 82°50'23"" W)",E
45004,46,1980,2025,30,1996,2025,13,2013,2025,13,2013,2025,13,2013,2025,13,2013,2025,0,,,0,,,0,,,13,"spec,stdmet,swden,swdir,swdir2,swr1,swr2",True,"EAST SUPERIOR -70 NM NE Marquette, MI",47.583,-86.586,183.0,NDBC,NDBC Meteorological/Ocean,other,True,False,False,False,N,2.3-meter foam discus buoy,2.6D99,"EAST SUPERIOR -70 NM NE Marquette, MI",SCOOP payload,"47.583 N 86.586 W (47°34'59"" N 86°35'11"" W)",E
45005,46,1980,2025,30,1996,2025,23,2003,2025,23,2003,2025,23,2003,2025,23,2003,2025,0,,,0,,,0,,,23,stdmet,False,"WEST ERIE - 16 NM NW of Lorain, OH",41.677,-82.398,174.0,NDBC,NDBC Meteorological/Ocean,other,True,False,False,False,N,2.3-meter foam discus buoy,2.3D10,"WEST ERIE - 16 NM NW of Lorain, OH",SCOOP payload,"41.677 N 82.398 W (41°40'36"" N 82°23'54"" W)",E
45006,45,1981,2025,30,1996,2025,9,2017,2025,9,2017,2025,9,2017,2025,9,2017,2025,0,,,0,,,0,,,9,"spec,stdmet,swden,swdir,swdir2,swr1,swr2",True,"WEST SUPERIOR - 30NM NE of Outer Island, WI",47.335,-89.793,183.0,NDBC,NDBC Meteorological/Ocean,other,True,False,False,False,N,2.3-meter foam discus buoy,2.6D57,"WEST SUPERIOR - 30NM NE of Outer Island, WI",SCOOP payload,"47.335 N 89.793 W (47°20'5"" N 89°47'34"" W)",E
45007,45,1981,2025,30,1996,2025,30,1996,2025,29,1997,2025,29,1997,2025,29,1997,2025,0,,,0,,,0,,,29,,False,"SOUTH MICHIGAN - 43NM East Southeast of Milwaukee, WI",42.674,-87.026,176.0,NDBC,NDBC Meteorological/Ocean,other,False,False,False,False,N,2.3-meter foam discus buoy,2.6D57,"SOUTH MICHIGAN - 43NM East Southeast of Milwaukee, WI",SCOOP payload,"42.674 N 87.026 W (42°40'25"" N 87°1'34"" W)",E
45008,45,1981,2025,30,1996,2025,19,2006,2025,19,2006,2025,19,2006,2025,19,2006,2025,0,,,0,,,0,,,19,,False,"SOUTH HURON - 43NM East of Oscoda, MI",44.283,-82.416,177.0,NDBC,NDBC Meteorological/Ocean,other,False,False,False,False,N,2.3-meter foam discus buoy,2.6D57,"SOUTH HURON - 43NM East of Oscoda, MI",SCOOP payload,"44.283 N 82.416 W (44°17'0"" N 82°24'59"" W)",E
45009,1,1983,1983,0,,,0,,,0,,,0,,,0,,,0,,,0,,,0,,,0,,False,,,,,,,,,,,,N,3-meter discus buoy,,,DACT payload,"41.600 N 82.000 W (41°36'0"" N 82°0'0"" W)",E
45010,3,1993,1995,0,,,0,,,0,,,0,,,0,,,0,,,0,,,0,,,0,,False,,,,,,,,,,,,N,2.4-meter discus buoy,,,DACT payload,"43.000 N 87.800 W (43°0'0"" N 87°47'60"" W)",E
45011,1,1997,1997,1,1997,1997,0,,,0,,,0,,,0,,,0,,,0,,,0,,,0,,False,,,,,,,,,,,,N,3-meter discus buoy,02,Grand Haven Michigan,VEEP payload,"43.020 N 86.270 W (43°1'12"" N 86°16'12"" W)",E
45012,24,2002,2025,24,2002,2025,19,2002,2025,19,2002,2025,19,2002,2025,19,2002,2025,0,,,0,,,0,,,19,"spec,stdmet,swden,swdir,swdir2,swr1,swr2",True,"EAST Lake America  - 20NM North Northeast of Rochester, NY",43.621,-77.401,74.7,NDBC,NDBC Meteorological/Ocean,other,True,False,False,False,N,2.3-meter foam discus buoy,2.6D57,"EAST Lake America  - 20NM North Northeast of Rochester, NY",SCOOP payload,"43.621 N 77.401 W (43°37'15"" N 77°24'3"" W)",E
45013,14,2012,2025,0,,,0,,,0,,,0,,,0,,,12,2013,2025,0,,,12,2013,2024,0,"ocean,spec,stdmet",False,"ATW20 - Atwater Park, WI",43.098,-87.85,176.0,University of Wisconsin-Milwaukee,IOOS Partners,buoy,True,False,True,False,WM,Buoy,,"ATW20 - Atwater Park, WI",,"43.098 N 87.850 W (43°5'53"" N 87°50'59"" W)",C
45014,13,2012,2025,0,,,0,,,0,,,0,,,0,,,11,2014,2025,0,,,10,2014,2024,0,"spec,stdmet",False,"GB17 - South Green Bay, WI",44.794,-87.758,176.0,University of Wisconsin-Milwaukee,IOOS Partners,buoy,True,False,False,False,WM,Buoy,,"GB17 - South Green Bay, WI",,"44.794 N 87.758 W (44°47'40"" N 87°45'28"" W)",C
45015,5,2011,2016,0,,,0,,,0,,,0,,,0,,,0,,,0,,,3,2014,2016,0,,False,,,,,,,,,,,,CH,Buoy,,"Calumet Beach, Chicago, IL",,"41.714 N 87.527 W (41°42'52"" N 87°31'38"" W)",C
45016,4,2011,2015,0,,,0,,,0,,,0,,,0,,,0,,,0,,,2,2014,2015,0,,False,,,,,,,,,,,,CH,Buoy,,"Sixth-third St. Beach, Chicago, IL",,"41.783 N 87.573 W (41°46'58"" N 87°34'23"" W)",
45017,1,2011,2011,0,,,0,,,0,,,0,,,0,,,0,,,0,,,0,,,0,,False,,,,,,,,,,,,CH,Buoy,,"Oak St. Beach, Chicago, IL",,"41.903 N 87.622 W (41°54'12"" N 87°37'20"" W)",C
45018,5,2011,2016,0,,,0,,,0,,,0,,,0,,,0,,,0,,,3,2014,2016,0,,False,,,,,,,,,,,,CH,Buoy,,"Montrose Ave. Beach, Chicago, IL",,"41.968 N 87.637 W (41°58'4"" N 87°38'14"" W)",C
45019,1,2011,2011,0,,,0,,,0,,,0,,,0,,,0,,,0,,,0,,,0,,False,,,,,,,,,,,,CH,Buoy,,"Foster Ave. Beach, Chicago, IL",,"41.979 N 87.649 W (41°58'45"" N 87°38'55"" W)",C
45020,4,2009,2018,0,,,0,,,0,,,0,,,0,,,0,,,0,,,2,2016,2018,0,,False,,,,,,,,,,,,NI,Moored Buoy,,"Grand Traverse Bay South Buoy, MI",,"44.789 N 85.604 W (44°47'20"" N 85°36'14"" W)",E
45022,15,2010,2025,0,,,0,,,0,,,0,,,0,,,0,,,0,,,12,2013,2025,0,"ocean,spec,stdmet",False,"Little Traverse Bay Buoy, MI",45.404,-85.088,176.0,University of Michigan CILER,IOOS Partners,buoy,False,False,False,False,MC,Moored Buoy,,"Little Traverse Bay Buoy, MI",,"45.404 N 85.088 W (45°24'16"" N 85°5'17"" W)",E
45023,16,2010,2025,0,,,0,,,0,,,0,,,0,,,11,2014,2024,0,,,5,2021,2025,0,"adcp,ocean,spec,stdmet",False,"North Entry Buoy, North Keweenaw Peninsula, MI",47.27,-88.607,183.0,Michigan Technological University,IOOS Partners,buoy,True,True,True,False,MT,Moored Buoy,,"North Entry Buoy, North Keweenaw Peninsula, MI",,"47.270 N 88.607 W (47°16'12"" N 88°36'25"" W)",E
45024,14,2012,2025,0,,,0,,,0,,,0,,,0,,,1,2014,2014,0,,,14,2012,2025,0,"spec,stdmet",False,"Ludington Buoy, MI",43.98,-86.56,176.0,University of Michigan CILER,IOOS Partners,buoy,True,False,False,False,MC,Moored Buoy,,"Ludington Buoy, MI",,"43.980 N 86.560 W (43°58'48"" N 86°33'36"" W)",E
45025,15,2011,2025,0,,,0,,,0,,,0,,,0,,,0,,,0,,,10,2014,2024,0,"spec,stdmet",False,"South Entry Buoy, South Keweenaw Peninsula, MI",46.969,-88.398,183.0,Michigan Technological University,IOOS Partners,buoy,True,False,False,False,MT,Buoy,,"South Entry Buoy, South Keweenaw Peninsula, MI",,"46.969 N 88.398 W (46°58'7"" N 88°23'52"" W)",E
45026,15,2011,2025,0,,,0,,,0,,,0,,,0,,,14,2011,2025,0,,,13,2012,2025,0,"adcp,ocean,spec,stdmet",False,"Cook Nuclear Plant Buoy, Stevensville, MI",41.982,-86.619,176.0,Limno Tech,IOOS Partners,buoy,True,True,True,False,LT,Buoy,,"Cook Nuclear Plant Buoy, Stevensville, MI",,"41.982 N 86.619 W (41°58'55"" N 86°37'10"" W)",E
45027,15,2011,2025,0,,,0,,,0,,,0,,,0,,,0,,,0,,,11,2015,2025,0,"ocean,spec,stdmet",False,"McQuade Harbor Nearshore, MN",46.86,-91.93,183.0,"University of Minnesota, Duluth",IOOS Partners,buoy,True,False,False,False,MN,Buoy,,"McQuade Harbor Nearshore, MN",,"46.860 N 91.930 W (46°51'35"" N 91°55'48"" W)",C
45028,15,2011,2025,0,,,0,,,0,,,0,,,0,,,0,,,0,,,11,2014,2025,0,"spec,stdmet",False,Western Lake Superior,46.814,-91.829,183.0,"University of Minnesota, Duluth",IOOS Partners,buoy,True,False,False,False,MN,Buoy,,Western Lake Superior,,"46.814 N 91.829 W (46°48'51"" N 91°49'43"" W)",C
45029,14,2012,2025,0,,,0,,,0,,,0,,,0,,,1,2013,2013,0,,,10,2015,2024,0,"ocean,spec,stdmet",False,"Holland Buoy, MI",42.9,-86.272,176.0,Limno Tech,IOOS Partners,buoy,True,False,True,False,LT,Buoy,,"Holland Buoy, MI",,"42.900 N 86.272 W (42°53'58"" N 86°16'20"" W)",E
45132,0,,,0,,,0,,,0,,,0,,,0,,,0,,,0,,,0,,,0,stdmet,False,Port Stanley,42.46,-81.22,174.0,Environment and Climate Change Canada,International Partners,buoy,True,False,False,False,C,3-meter discus buoy,,Port Stanley,,"42.460 N 81.220 W (42°27'36"" N 81°13'12"" W)",E
45135,0,,,0,,,0,,,0,,,0,,,0,,,0,,,0,,,0,,,0,stdmet,False,Prince Edward Pt,43.78,-76.87,75.0,Environment and Climate Change Canada,International Partners,buoy,True,False,False,False,C,3-meter discus buoy,,Prince Edward Pt,,"43.780 N 76.870 W (43°46'48"" N 76°52'12"" W)",E
45136,0,,,0,,,0,,,0,,,0,,,0,,,0,,,0,,,0,,,0,stdmet,False,Slate Island,48.54,-86.95,183.0,Environment and Climate Change Canada,International Partners,buoy,True,False,False,False,C,Buoy,,Slate Island,,"48.540 N 86.950 W (48°32'24"" N 86°57'0"" W)",E
45137,0,,,0,,,0,,,0,,,0,,,0,,,0,,,0,,,0,,,0,stdmet,False,Georgian Bay,45.54,-81.02,177.0,Environment and Climate Change Canada,International Partners,buoy,True,False,False,False,C,Buoy,,Georgian Bay,,"45.540 N 81.020 W (45°32'24"" N 81°1'12"" W)",E
45139,0,,,0,,,0,,,0,,,0,,,0,,,0,,,0,,,0,,,0,stdmet,False,West Lake Ontario - Grimsby,43.25,-79.53,75.0,Environment and Climate Change Canada,International Partners,buoy,True,False,False,False,C,3-meter discus buoy,,West Lake Ontario - Grimsby,,"43.250 N 79.530 W (43°15'0"" N 79°31'48"" W)",E
45140,0,,,0,,,0,,,0,,,0,,,0,,,0,,,0,,,0,,,0,stdmet,False,Lake Winnipeg S. Basin,50.8,-96.73,217.0,Environment and Climate Change Canada,International Partners,buoy,True,False,False,False,C,Buoy,,Lake Winnipeg S. Basin,,"50.800 N 96.730 W (50°48'0"" N 96°43'48"" W)",C
45142,0,,,0,,,0,,,0,,,0,,,0,,,0,,,0,,,0,,,0,stdmet,False,Port Colborne,42.74,-79.29,174.0,Environment and Climate Change Canada,International Partners,buoy,True,False,False,False,C,3-meter discus buoy,,Port Colborne,,"42.740 N 79.290 W (42°44'24"" N 79°17'24"" W)",E
45143,0,,,0,,,0,,,0,,,0,,,0,,,0,,,0,,,0,,,0,stdmet,False,South Georgian Bay,44.94,-80.627,177.0,Environment and Climate Change Canada,International Partners,buoy,True,False,False,False,C,3-meter discus buoy,,South Georgian Bay,,"44.940 N 80.627 W (44°56'24"" N 80°37'36"" W)",E
45144,0,,,0,,,0,,,0,,,0,,,0,,,0,,,0,,,0,,,0,stdmet,False,Lake Winnipeg North,53.23,-98.29,217.0,Environment and Climate Change Canada,International Partners,buoy,True,False,False,False,C,Buoy,,Lake Winnipeg North,,"53.230 N 98.290 W (53°13'48"" N 98°17'24"" W)",C
45145,0,,,0,,,0,,,0,,,0,,,0,,,0,,,0,,,0,,,0,stdmet,False,Lake Winnipeg Narrows,51.87,-96.97,217.0,Environment and Climate Change Canada,International Partners,buoy,True,False,False,False,C,Buoy,,Lake Winnipeg Narrows,,"51.870 N 96.970 W (51°52'12"" N 96°58'12"" W)",C
45147,0,,,0,,,0,,,0,,,0,,,0,,,0,,,0,,,0,,,0,stdmet,False,Lake St Clair,42.43,-82.68,175.0,Environment and Climate Change Canada,International Partners,buoy,True,False,False,False,C,Buoy,,Lake St Clair,,"42.430 N 82.680 W (42°25'48"" N 82°40'48"" W)",E
45148,0,,,0,,,0,,,0,,,0,,,0,,,0,,,0,,,0,,,0,stdmet,False,Lake of the Woods,49.65,-94.5,332.0,Environment and Climate Change Canada,International Partners,buoy,True,False,False,False,C,Buoy,,Lake of the Woods,,"49.650 N 94.500 W (49°39'0"" N 94°30'0"" W)",C
45149,0,,,0,,,0,,,0,,,0,,,0,,,0,,,0,,,0,,,0,stdmet,False,Southern Lake Huron,43.54,-82.08,177.0,Environment and Climate Change Canada,International Partners,buoy,True,False,False,False,C,Buoy,,Southern Lake Huron,,"43.540 N 82.080 W (43°32'24"" N 82°4'48"" W)",E
45151,0,,,0,,,0,,,0,,,0,,,0,,,0,,,0,,,0,,,0,stdmet,False,Lake Simcoe,44.5,-79.37,219.0,Environment and Climate Change Canada,International Partners,buoy,True,False,False,False,C,Buoy,,Lake Simcoe,,"44.500 N 79.370 W (44°30'0"" N 79°22'12"" W)",E
45152,0,,,0,,,0,,,0,,,0,,,0,,,0,,,0,,,0,,,0,stdmet,False,Lake Nipissing,46.23,-79.72,196.0,Environment and Climate Change Canada,International Partners,buoy,True,False,False,False,C,Buoy,,Lake Nipissing,,"46.230 N 79.720 W (46°13'48"" N 79°43'12"" W)",E
45154,0,,,0,,,0,,,0,,,0,,,0,,,0,,,0,,,0,,,0,stdmet,False,North Channel East,46.05,-82.64,177.0,Environment and Climate Change Canada,International Partners,buoy,True,False,False,False,C,Buoy,,North Channel East,,"46.050 N 82.640 W (46°3'0"" N 82°38'24"" W)",E
45159,0,,,0,,,0,,,0,,,0,,,0,,,0,,,0,,,0,,,0,stdmet,False,NW Lake Ontario Ajax,43.77,-78.98,75.0,Environment and Climate Change Canada,International Partners,buoy,True,False,False,False,C,3-meter discus buoy,,NW Lake Ontario Ajax,,"43.770 N 78.980 W (43°46'12"" N 78°58'48"" W)",E
45161,14,2012,2025,0,,,0,,,0,,,0,,,0,,,1,2013,2013,0,,,10,2015,2025,0,"ocean,stdmet",False,"Muskegon Buoy, MI",43.185,-86.354,176.0,GLERL,IOOS Partners,buoy,True,False,True,False,G,Buoy,,"Muskegon Buoy, MI",,"43.185 N 86.354 W (43°11'7"" N 86°21'16"" W)",E
45162,14,2012,2025,0,,,0,,,0,,,0,,,0,,,0,,,0,,,11,2015,2025,0,"ocean,spec,stdmet",False,"Thunder Bay Buoy, Alpena, MI",44.988,-83.269,176.0,GLERL,IOOS Partners,buoy,True,False,True,False,G,Buoy,,"Thunder Bay Buoy, Alpena, MI",,"44.988 N 83.269 W (44°59'18"" N 83°16'7"" W)",E
45163,14,2012,2025,0,,,0,,,0,,,0,,,0,,,1,2013,2013,0,,,11,2015,2025,0,,False,"Saginaw Bay Buoy, MI",43.983,-83.6,176.0,GLERL,IOOS Partners,buoy,False,False,False,False,G,Buoy,,"Saginaw Bay Buoy, MI",,"43.983 N 83.600 W (43°58'57"" N 83°36'0"" W)",E
45164,13,2012,2025,0,,,0,,,0,,,0,,,0,,,0,,,0,,,10,2015,2024,0,"ocean,stdmet",False,"Cleveland Buoy, OH",41.748,-81.698,174.2,Limno Tech,IOOS Partners,buoy,True,False,True,False,LT,Buoy,,"Cleveland Buoy, OH",,"41.748 N 81.698 W (41°44'52"" N 81°41'54"" W)",E
45165,13,2013,2025,0,,,0,,,0,,,0,,,0,,,12,2014,2025,0,,,0,,,0,"adcp,spec,stdmet",False,"Toledo Water Intake Buoy, Oregon, OH",41.704,-83.264,174.0,Limno Tech,IOOS Partners,buoy,True,True,False,False,LT,Buoy,,"Toledo Water Intake Buoy, Oregon, OH",,"41.704 N 83.264 W (41°42'14"" N 83°15'51"" W)",E
45166,6,2013,2019,0,,,0,,,0,,,0,,,0,,,5,2014,2019,0,,,4,2014,2019,0,,False,Lake Champlain - Inland Sea,44.785,-73.258,30.0,Vermont EPSCOR,IOOS Partners,buoy,False,False,False,False,VE,Buoy,,Lake Champlain - Inland Sea,,"44.785 N 73.258 W (44°47'6"" N 73°15'29"" W)",E
45167,10,2014,2025,0,,,0,,,0,,,0,,,0,,,0,,,0,,,7,2014,2020,0,"spec,stdmet",False,"Erie Nearshore Buoy, Erie, PA",42.185,-80.135,173.9,Regional Science Consortium,IOOS Partners,buoy,True,False,False,False,RC,Buoy,,"Erie Nearshore Buoy, Erie, PA",,"42.185 N 80.135 W (42°11'5"" N 80°8'5"" W)",E
45168,12,2014,2025,0,,,0,,,0,,,0,,,0,,,0,,,0,,,12,2014,2025,0,"ocean,spec,stdmet",False,"South Haven Buoy, MI",42.397,-86.331,177.0,Limno Tech,IOOS Partners,buoy,True,False,True,False,LT,Buoy,,"South Haven Buoy, MI",,"42.397 N 86.331 W (42°23'49"" N 86°19'51"" W)",E
45169,6,2015,2020,0,,,0,,,0,,,0,,,0,,,0,,,0,,,1,2020,2020,0,,False,,,,,,,,,,,,LT,Buoy,,"Lakewood Buoy, OH",,"41.615 N 81.821 W (41°36'53"" N 81°49'16"" W)",E
45170,13,2013,2025,0,,,0,,,0,,,0,,,0,,,0,,,0,,,12,2014,2025,0,"ocean,spec,stdmet",False,"Michigan City Buoy, IN",41.755,-86.968,177.0,Illinois-Indiana Sea Grant and Purdue Civil Engineering,IOOS Partners,buoy,True,False,True,False,II,Buoy,,"Michigan City Buoy, IN",,"41.755 N 86.968 W (41°45'18"" N 86°58'5"" W)",C
45171,3,2015,2017,0,,,0,,,0,,,0,,,0,,,0,,,0,,,0,,,0,,False,"Granite Island Buoy, Granite Island, MI",46.724,-87.411,183.0,Northern Michigan University,IOOS Partners,buoy,False,False,False,False,NN,Buoy,,"Granite Island Buoy, Granite Island, MI",,"46.724 N 87.411 W (46°43'26"" N 87°24'41"" W)",E
45172,5,2015,2020,0,,,0,,,0,,,0,,,0,,,0,,,0,,,0,,,0,,False,"Grand Marais Buoy, Grand Marais, MI",46.74,-85.98,183.0,Northern Michigan University,IOOS Partners,buoy,False,False,False,False,NN,Buoy,,"Grand Marais Buoy, Grand Marais, MI",,"46.740 N 85.980 W (46°44'24"" N 85°58'48"" W)",E
45173,6,2015,2020,0,,,0,,,0,,,0,,,0,,,0,,,0,,,2,2015,2016,0,,False,"Munising Buoy, Munising, MI",46.573,-86.572,178.0,Northern Michigan University,IOOS Partners,buoy,False,False,False,False,NN,Buoy,,"Munising Buoy, Munising, MI",,"46.573 N 86.572 W (46°34'22"" N 86°34'20"" W)",E
45174,11,2015,2025,0,,,0,,,0,,,0,,,0,,,0,,,0,,,3,2021,2025,0,"ocean,spec,stdmet",False,"Wilmette Buoy, IL",42.135,-87.655,176.0,Illinois-Indiana Sea Grant,IOOS Partners,buoy,True,False,True,False,IG,Buoy,,"Wilmette Buoy, IL",,"42.135 N 87.655 W (42°8'6"" N 87°39'18"" W)",C
45175,11,2015,2025,0,,,0,,,0,,,0,,,0,,,10,2015,2024,0,,,6,2015,2020,0,"spec,stdmet",False,"Mackinac Straits West, Mackinaw City, MI ",45.825,-84.772,176.0,Michigan Technological University,IOOS Partners,buoy,True,False,False,False,MT,Buoy,,"Mackinac Straits West, Mackinaw City, MI",,"45.825 N 84.772 W (45°49'31"" N 84°46'20"" W)",E
45176,10,2016,2025,0,,,0,,,0,,,0,,,0,,,0,,,0,,,9,2017,2025,0,"ocean,spec,stdmet",False,"Cleveland Intake Crib Buoy, OH",41.55,-81.765,174.0,Limno Tech,IOOS Partners,buoy,True,False,True,False,LT,Buoy,,"Cleveland Intake Crib Buoy, OH",,"41.550 N 81.765 W (41°33'1"" N 81°45'55"" W)",E
45177,4,2016,2019,0,,,0,,,0,,,0,,,0,,,0,,,0,,,4,2016,2019,0,,False,"Ohio St. Beach, Chicago, IL",41.894,-87.613,176.0,Chicago Park District,IOOS Partners,buoy,False,False,False,False,CH,Buoy,,"Ohio St. Beach, Chicago, IL",,"41.894 N 87.613 W (41°53'39"" N 87°36'47"" W)",C
45178,7,2017,2025,0,,,0,,,0,,,0,,,0,,,0,,,0,,,7,2017,2025,0,"ocean,stdmet",False,"1 NM SE of Valcour Island, NY",44.603,-73.394,30.0,SUNY Plattsburgh Center for Earth and Environmental Science/Lake Champlain Research Institute,IOOS Partners,buoy,True,False,True,False,PL,Buoy,,"1 NM SE of Valcour Island, NY",,"44.603 N 73.394 W (44°36'11"" N 73°23'38"" W)",E
45179,1,2017,2017,0,,,0,,,0,,,0,,,0,,,0,,,0,,,0,,,0,,False,,,,,,,,,,,,SW,Buoy,,Stannard Rock Buoy,,"47.195 N 87.224 W (47°11'41"" N 87°13'26"" W)",E
45180,6,2017,2023,0,,,0,,,0,,,0,,,0,,,0,,,0,,,0,,,0,,False,,,,,,,,,,,,AC,Waverider Buoy,,"Isle of Royale East, MI (230)",,"48.034 N 87.730 W (48°2'3"" N 87°43'48"" W)",E
45183,6,2018,2023,0,,,0,,,0,,,0,,,0,,,0,,,0,,,6,2018,2023,0,"ocean,spec,stdmet",False,Sleeping Bear Dunes,44.982,-85.831,176.0,National Park Service - Sleeping Bear Dunes,IOOS Partners,buoy,True,False,True,False,SD,Moored Buoy,,Sleeping Bear Dunes,,"44.982 N 85.831 W (44°58'54"" N 85°49'51"" W)",E
45184,1,2021,2021,0,,,0,,,0,,,0,,,0,,,0,,,0,,,1,2021,2021,0,,False,,,,,,,,,,,,WM,Moored Buoy,,Green Bay East Buoy,,"44.550 N 87.959 W (44°33'1"" N 87°57'32"" W)",C
45185,1,2021,2021,0,,,0,,,0,,,0,,,0,,,0,,,0,,,1,2021,2021,0,,False,,,,,,,,,,,,WM,Moored Buoy,,Green Bay West Buoy,,"44.577 N 87.987 W (44°34'36"" N 87°59'15"" W)",C
45186,8,2018,2025,0,,,0,,,0,,,0,,,0,,,8,2018,2025,0,,,0,,,0,"adcp,spec,stdmet",False,"Waukegan Buoy, IL",42.368,-87.795,176.0,University of Illinois at Urbana-Champaign,IOOS Partners,buoy,True,True,False,False,UC,Moored Buoy,,"Waukegan Buoy, IL",,"42.368 N 87.795 W (42°22'6"" N 87°47'41"" W)",C
45187,8,2018,2025,0,,,0,,,0,,,0,,,0,,,8,2018,2025,0,,,0,,,0,"adcp,spec,stdmet",False,"Winthrop Harbor Buoy, IL",42.491,-87.779,176.0,University of Illinois at Urbana-Champaign,IOOS Partners,buoy,True,True,False,False,UC,Moored Buoy,,"Winthrop Harbor Buoy, IL",,"42.491 N 87.779 W (42°29'27"" N 87°46'44"" W)",C
45188,2,2019,2020,0,,,0,,,0,,,0,,,0,,,0,,,0,,,2,2019,2020,0,,False,,,,,,,,,,,,PL,Buoy,,Champlain Bridge Buoy,,"44.094 N 73.423 W (44°5'37"" N 73°25'22"" W)",E
45190,0,,,0,,,0,,,0,,,0,,,0,,,0,,,0,,,0,,,0,stdmet,False,"Sodus Point, NY",43.282,-76.961,74.7,SUNY Plattsburgh Center for Earth and Environmental Science/Lake Champlain Research Institute,IOOS Partners,buoy,True,False,False,False,PL,Buoy,,"Sodus Point, NY",,"43.282 N 76.961 W (43°16'55"" N 76°57'40"" W)",E
45191,0,,,0,,,0,,,0,,,0,,,0,,,0,,,0,,,0,,,0,"ocean,stdmet",False,"Oak Orchard, NY",43.388,-78.192,74.7,SUNY Plattsburgh Center for Earth and Environmental Science/Lake Champlain Research Institute,IOOS Partners,buoy,True,False,True,False,PL,Buoy,,"Oak Orchard, NY",,"43.388 N 78.192 W (43°23'17"" N 78°11'31"" W)",E
45194,5,2021,2025,0,,,0,,,0,,,0,,,0,,,5,2021,2025,0,,,0,,,0,"adcp,spec,stdmet,swden,swdir,swdir2,swr1,swr2",False,"McGulpin Point North, MI (253)",45.803,-84.792,177.0,Michigan Technological University,IOOS Partners,buoy,True,True,False,False,MT,Waverider Buoy,,"McGulpin Point North, MI (253)",,"45.803 N 84.792 W (45°48'12"" N 84°47'32"" W)",E
45195,2,2021,2022,0,,,0,,,0,,,0,,,0,,,0,,,0,,,0,,,0,,False,,,,,,,,,,,,G,Waverider Buoy,,"Schuyler Reef, NY (251)",,"44.488 N 73.339 W (44°29'16"" N 73°20'21"" W)",E
45196,5,2021,2025,0,,,0,,,0,,,0,,,0,,,0,,,0,,,5,2021,2025,0,"ocean,spec,stdmet",False,"Rocky River, OH",41.521,-81.88,174.0,Limno Tech,IOOS Partners,buoy,True,False,True,False,LT,Buoy,,"Rocky River, OH",,"41.521 N 81.880 W (41°31'15"" N 81°52'49"" W)",E
45197,4,2021,2025,0,,,0,,,0,,,0,,,0,,,0,,,0,,,5,2021,2025,0,"ocean,spec,stdmet",False,"Euclid, OH",41.619,-81.617,174.0,Limno Tech,IOOS Partners,buoy,True,False,True,False,LT,Buoy,,"Euclid, OH",,"41.619 N 81.617 W (41°37'10"" N 81°37'3"" W)",E
45198,5,2021,2025,0,,,0,,,0,,,0,,,0,,,0,,,0,,,3,2023,2025,0,"ocean,spec,stdmet",False,Chicago Buoy,41.892,-87.563,176.0,Illinois-Indiana Sea Grant and Purdue Civil Engineering,IOOS Partners,buoy,True,False,True,False,II,Buoy,,Chicago Buoy,,"41.892 N 87.563 W (41°53'33"" N 87°33'47"" W)",C
45199,4,2022,2025,0,,,0,,,0,,,0,,,0,,,4,2022,2025,0,,,3,2022,2024,0,"adcp,ocean,spec,stdmet",False,Salmon Unlimited Wisconsin,42.702,-87.647,176.0,Salmon Unlimited Wisconsin,IOOS Partners,buoy,True,True,True,False,SU,Buoy,,Salmon Unlimited Wisconsin,,"42.702 N 87.647 W (42°42'6"" N 87°38'48"" W)",C
45200,3,2023,2025,0,,,0,,,0,,,0,,,0,,,0,,,0,,,0,,,0,"spec,stdmet",False,Maumee Bay Buoy,41.724,-83.37,174.0,Cleveland Water Alliance,IOOS Partners,buoy,True,False,False,False,CA,Moored Buoy,,Maumee Bay Buoy,,"41.724 N 83.370 W (41°43'28"" N 83°22'13"" W)",E
45201,4,2022,2025,0,,,0,,,0,,,0,,,0,,,0,,,0,,,0,,,0,"spec,stdmet",False,Erie Islands Buoy,41.601,-82.781,174.0,Cleveland Water Alliance,IOOS Partners,buoy,True,False,False,False,CA,Moored Buoy,,Erie Islands Buoy,,"41.601 N 82.781 W (41°36'4"" N 82°46'50"" W)",E
45202,4,2022,2025,0,,,0,,,0,,,0,,,0,,,0,,,0,,,0,,,0,"spec,stdmet",False,Port Clinton Buoy,41.532,-82.941,174.0,Cleveland Water Alliance,IOOS Partners,buoy,True,False,False,False,CA,Moored Buoy,,Port Clinton Buoy,,"41.532 N 82.941 W (41°31'56"" N 82°56'29"" W)",E
45203,4,2022,2025,0,,,0,,,0,,,0,,,0,,,0,,,0,,,0,,,0,"spec,stdmet",False,Huron Buoy,41.393,-82.512,174.0,Cleveland Water Alliance,IOOS Partners,buoy,True,False,False,False,CA,Moored Buoy,,Huron Buoy,,"41.393 N 82.512 W (41°23'34"" N 82°30'44"" W)",E
45204,4,2022,2025,0,,,0,,,0,,,0,,,0,,,0,,,0,,,0,,,0,"spec,stdmet",False,Sheffield Buoy,41.508,-82.115,174.0,Cleveland Water Alliance,IOOS Partners,buoy,True,False,False,False,CA,Moored Buoy,,Sheffield Buoy,,"41.508 N 82.115 W (41°30'30"" N 82°6'53"" W)",E
45205,4,2022,2025,0,,,0,,,0,,,0,,,0,,,0,,,0,,,0,,,0,"spec,stdmet",False,Edgewater Beach Buoy,41.501,-81.748,174.0,Cleveland Water Alliance,IOOS Partners,buoy,True,False,False,False,CA,Moored Buoy,,Edgewater Beach Buoy,,"41.501 N 81.748 W (41°30'4"" N 81°44'54"" W)",E
45206,4,2022,2025,0,,,0,,,0,,,0,,,0,,,0,,,0,,,0,,,0,"spec,stdmet",False,Euclid Beach Buoy,41.585,-81.583,174.0,Cleveland Water Alliance,IOOS Partners,buoy,True,False,False,False,CA,Moored Buoy,,Euclid Beach Buoy,,"41.585 N 81.583 W (41°35'7"" N 81°34'59"" W)",E
45207,4,2022,2025,0,,,0,,,0,,,0,,,0,,,0,,,0,,,0,,,0,"spec,stdmet",False,Mentor Harbor Buoy,41.731,-81.367,174.0,Cleveland Water Alliance,IOOS Partners,buoy,True,False,False,False,CA,Moored Buoy,,Mentor Harbor Buoy,,"41.731 N 81.367 W (41°43'53"" N 81°22'1"" W)",E
45208,4,2022,2025,0,,,0,,,0,,,0,,,0,,,0,,,0,,,0,,,0,"spec,stdmet",False,Ashtabula Buoy,41.913,-80.807,174.0,Cleveland Water Alliance,IOOS Partners,buoy,True,False,False,False,CA,Moored Buoy,,Ashtabula Buoy,,"41.913 N 80.807 W (41°54'47"" N 80°48'26"" W)",E
45209,4,2022,2025,0,,,0,,,0,,,0,,,0,,,0,,,0,,,0,,,0,"spec,stdmet",False,"Lakeport Buoy, MI",43.129,-82.391,176.0,Great Lakes Water Authority,IOOS Partners,buoy,True,False,False,False,GA,Moored Buoy,,"Lakeport Buoy, MI",,"43.129 N 82.391 W (43°7'44"" N 82°23'28"" W)",E
45210,3,2023,2025,0,,,0,,,0,,,0,,,0,,,0,,,0,,,0,,,0,"spec,stdmet,swden,swdir,swdir2,swr1,swr2",False,"Rawley Point East, WI (269)",44.055,-87.05,176.0,SCRIPPS,IOOS Partners,buoy,True,False,False,False,R,Waverider Buoy,,"Rawley Point East, WI (269)",,"44.055 N 87.050 W (44°3'18"" N 87°3'0"" W)",C
45211,3,2023,2025,0,,,0,,,0,,,0,,,0,,,0,,,0,,,0,,,0,"spec,stdmet,swden,swdir,swdir2,swr1,swr2",False,"Grand Island North, MI (268)",46.973,-86.568,183.0,SCRIPPS,IOOS Partners,buoy,True,False,False,False,R,Waverider Buoy,,"Grand Island North, MI (268)",,"46.973 N 86.568 W (46°58'22"" N 86°34'6"" W)",C
45212,3,2023,2025,0,,,0,,,0,,,0,,,0,,,0,,,0,,,0,,,0,"spec,stdmet",False,North Huron Spotter,45.351,-82.84,177.0,Michigan Technological University,IOOS Partners,other,True,False,False,False,MT,Spotter Buoy,,North Huron Spotter,,"45.351 N 82.840 W (45°21'4"" N 82°50'24"" W)",E
45213,3,2023,2025,0,,,0,,,0,,,0,,,0,,,0,,,0,,,0,,,0,"spec,stdmet",False,East Superior Spotter,47.588,-86.588,183.0,Michigan Technological University,IOOS Partners,other,True,False,False,False,MT,Spotter Buoy,,East Superior Spotter,,"47.588 N 86.588 W (47°35'17"" N 86°35'17"" W)",E
45214,3,2023,2025,0,,,0,,,0,,,0,,,0,,,0,,,0,,,0,,,0,"spec,stdmet",False,South Michigan Spotter,42.674,-87.026,176.0,Michigan Technological University,IOOS Partners,other,True,False,False,False,MT,Spotter Buoy,,South Michigan Spotter,,"42.674 N 87.026 W (42°40'25"" N 87°1'34"" W)",E
45215,2,2024,2025,0,,,0,,,0,,,0,,,0,,,0,,,0,,,0,,,0,"spec,stdmet,swden,swdir,swdir2,swr1,swr2",False,"Oswego, NY (274)",43.501,-76.539,74.0,SCRIPPS,IOOS Partners,buoy,True,False,False,False,R,Waverider Buoy,,"Oswego, NY (274)",,"43.501 N 76.539 W (43°30'3"" N 76°32'19"" W)",E
45216,2,2024,2025,0,,,0,,,0,,,0,,,0,,,0,,,0,,,1,2024,2024,0,"ocean,spec,stdmet",False,"Ontonagon, MI",46.907,-89.354,183.0,Michigan Technological University,IOOS Partners,buoy,True,False,True,False,MT,Moored Buoy,,"Ontonagon, MI",,"46.907 N 89.354 W (46°54'27"" N 89°21'14"" W)",C
45217,0,,,0,,,0,,,0,,,0,,,0,,,0,,,0,,,0,,,0,stdmet,False,Wisconsin Point,46.708,-92.0,183.0,"University of Minnesota, Duluth",IOOS Partners,buoy,True,False,False,False,MN,Buoy,,Wisconsin Point,,"46.708 N 92.000 W (46°42'27"" N 91°59'59"" W)",C
45218,2,2024,2025,0,,,0,,,0,,,0,,,0,,,2,2024,2025,0,,,2,2024,2025,0,,False,"Wisconsin Shipwreck Coast NMS / Sheboygan, WI",43.731,-87.624,176.0,"University of Wisconsin-Madison, Division of Extension",IOOS Partners,buoy,False,False,False,False,WD,Buoy,,"Wisconsin Shipwreck Coast NMS / Sheboygan, WI",,"43.731 N 87.624 W (43°43'50"" N 87°37'28"" W)",
45219,2,2024,2025,0,,,0,,,0,,,0,,,0,,,0,,,0,,,0,,,0,stdmet,False,Two Harbors Nearshore Buoy,47.021,-91.625,183.0,"University of Minnesota, Duluth",IOOS Partners,buoy,True,False,False,False,MN,Moored Buoy,,Two Harbors Nearshore Buoy,,"47.021 N 91.625 W (47°1'16"" N 91°37'30"" W)",C
45220,0,,,0,,,0,,,0,,,0,,,0,,,0,,,0,,,0,,,0,"ocean,spec,stdmet",False,Dunkirk Buoy,42.561,-79.432,174.35,SUNY Buffalo State University,IOOS Partners,fixed,True,False,False,False,BS,GLOS Weather Station,,Dunkirk Buoy,,"42.561 N 79.432 W (42°33'40"" N 79°25'54"" W)",E
45221,1,2025,2025,0,,,0,,,0,,,0,,,0,,,0,,,0,,,0,,,0,"ocean,stdmet",False,North Lake Champlain,44.756,-73.355,30.0,SUNY Plattsburgh Center for Earth and Environmental Science/Lake Champlain Research Institute,IOOS Partners,buoy,True,False,True,False,PL,Moored Buoy,,North Lake Champlain,,"44.756 N 73.355 W (44°45'21"" N 73°21'19"" W)",E
45222,0,,,0,,,0,,,0,,,0,,,0,,,0,,,0,,,0,,,0,stdmet,False,Beach 2 Buoy,42.126,-80.148,173.5,Regional Science Consortium,IOOS Partners,buoy,True,False,False,False,RC,Moored Buoy,,Beach 2 Buoy,,"42.126 N 80.148 W (42°7'35"" N 80°8'51"" W)",E
45223,0,,,0,,,0,,,0,,,0,,,0,,,0,,,0,,,0,,,0,stdmet,False,Beach 6 Buoy,42.144,-80.139,173.5,Regional Science Consortium,IOOS Partners,buoy,True,False,False,False,RC,Moored Buoy,,Beach 6 Buoy,,"42.144 N 80.139 W (42°8'40"" N 80°8'22"" W)",E
45T01,1,2018,2018,1,2018,2018,1,2018,2018,1,2018,2018,1,2018,2018,1,2018,2018,0,,,0,,,0,,,1,,False,,,,,,,,,,,,N,2.1-meter ionomer foam buoy,2.1D02,"MID SUPERIOR- 60NM North Northeast Hancock, MI",SCOOP payload,"48.008 N 87.666 W (48°0'27"" N 87°39'56"" W)",E
46001,54,1972,2025,30,1996,2025,9,2017,2025,9,2017,2025,9,2017,2025,9,2017,2025,3,2010,2012,0,,,0,,,9,"spec,stdmet,swden,swdir,swdir2,swr1,swr2",True,"WESTERN GULF OF ALASKA  - 175NM SE of Kodiak, AK",56.296,-148.027,0.0,NDBC,NDBC Meteorological/Ocean,buoy,True,False,False,False,N,3-meter foam buoy w/ seal cage,3DV13,"WESTERN GULF OF ALASKA  - 175NM SE of Kodiak, AK",SCOOP payload,"56.296 N 148.027 W (56°17'46"" N 148°1'37"" W)",H
46002,48,1975,2025,27,1996,2025,10,2015,2025,10,2015,2025,10,2015,2025,10,2015,2025,1,2007,2007,0,,,0,,,10,"spec,stdmet,swden,swdir,swdir2,swr1,swr2",True,"WEST OREGON - 275NM West of Coos Bay, OR",42.56,-130.523,0.0,NDBC,NDBC Meteorological/Ocean,buoy,True,False,False,False,N,3-meter foam buoy w/ seal cage,3DV56,"WEST OREGON - 275NM West of Coos Bay, OR",SCOOP payload,"42.560 N 130.523 W (42°33'36"" N 130°31'24"" W)",A
46003,24,1976,1999,4,1996,1999,0,,,0,,,0,,,0,,,0,,,0,,,0,,,0,,False,,,,,,,,,,,,N,6-meter NOMAD buoy,21,S ALEUTIANS,DACT payload,"51.831 N 155.850 W (51°49'53"" N 155°51'1"" W)",A
46004,13,1976,1988,0,,,0,,,0,,,0,,,0,,,0,,,0,,,0,,,0,stdmet,False,Middle Nomad,50.93,-136.1,0.0,Environment and Climate Change Canada,International Partners,buoy,True,False,False,False,C,6-meter NOMAD buoy,,Middle Nomad,,"50.930 N 136.100 W (50°55'48"" N 136°6'0"" W)",A
46005,46,1976,2024,26,1996,2024,8,2017,2024,8,2017,2024,8,2017,2024,8,2017,2024,0,,,0,,,0,,,8,"spec,stdmet,swden,swdir,swdir2,swr1,swr2",True,"WEST WASHINGTON - 300NM West of Aberdeen, WA",46.147,-131.077,0.0,NDBC,NDBC Meteorological/Ocean,buoy,True,False,False,False,N,3-meter foam buoy,3DV64,"WEST WASHINGTON - 300NM West of Aberdeen, WA",SCOOP payload,"46.147 N 131.077 W (46°8'48"" N 131°4'38"" W)",A
46006,47,1977,2025,28,1996,2025,10,2016,2025,10,2016,2025,10,2016,2025,10,2016,2025,0,,,0,,,0,,,10,stdmet,True,"SOUTHEAST PAPA - 600NM West of Eureka, CA",40.73,-137.42,0.0,NDBC,NDBC Meteorological/Ocean,buoy,True,False,False,False,N,3-meter foam buoy,3D05,"SOUTHEAST PAPA - 600NM West of Eureka, CA",SCOOP payload,"40.730 N 137.420 W (40°43'48"" N 137°25'12"" W)",P
46007,3,1977,1979,0,,,0,,,0,,,0,,,0,,,0,,,0,,,0,,,0,,False,,,,,,,,,,,,N,6-meter NOMAD buoy,,,MVXI payload,"59.200 N 152.700 W (59°12'0"" N 152°41'60"" W)",A
46008,3,1977,1979,0,,,0,,,0,,,0,,,0,,,0,,,0,,,0,,,0,,False,,,,,,,,,,,,N,12-meter discus buoy,,,MVXII payload,"57.100 N 151.700 W (57°6'0"" N 151°42'0"" W)",A
46009,3,1977,1979,0,,,0,,,0,,,0,,,0,,,0,,,0,,,0,,,0,,False,,,,,,,,,,,,N,6-meter NOMAD buoy,,,MVXI payload,"60.200 N 146.800 W (60°12'0"" N 146°48'0"" W)",A
46010,13,1979,1991,0,,,0,,,0,,,0,,,0,,,0,,,0,,,0,,,0,,False,,,,,,,,,,,,N,USCG Large Navigational Buoy,,,GSBP payload,"46.200 N 124.200 W (46°12'0"" N 124°12'0"" W)",P
46011,45,1980,2025,30,1996,2025,21,2005,2025,21,2005,2025,21,2005,2025,21,2005,2025,4,2005,2008,0,,,0,,,21,"spec,stdmet,swden,swdir,swdir2,swr1,swr2",True,"SANTA MARIA - 21NM NW of Point Arguello, CA",34.937,-120.999,0.0,NDBC,NDBC Meteorological/Ocean,buoy,True,False,False,False,N,3-meter discus buoy w/ seal cage,3D26,"SANTA MARIA - 21NM NW of Point Arguello, CA",SCOOP payload,"34.937 N 120.999 W (34°56'14"" N 120°59'58"" W)",P
46012,44,1980,2023,28,1996,2023,14,2010,2023,14,2010,2023,14,2010,2023,14,2010,2023,0,,,0,,,0,,,14,"spec,stdmet",False,"HALF MOON BAY - 24NM SSW of San Francisco, CA",37.356,-122.881,0.0,NDBC,NDBC Meteorological/Ocean,usv,True,False,False,False,N,Uncrewed Surface Vehicle,,"HALF MOON BAY - 24NM SSW of San Francisco, CA",DataXplorer,"37.356 N 122.881 W (37°21'20"" N 122°52'51"" W)",P
46013,45,1981,2025,30,1996,2025,14,2007,2025,14,2007,2025,14,2007,2025,14,2007,2025,3,2011,2013,0,,,2,2007,2008,14,"spec,stdmet,swden,swdir,swdir2,swr1,swr2",True,"BODEGA BAY - 48NM NW of San Francisco, CA",38.235,-123.317,0.0,NDBC,NDBC Meteorological/Ocean,buoy,True,False,False,False,N,3-meter discus buoy w/ seal cage,3D76,"BODEGA BAY - 48NM NW of San Francisco, CA",SCOOP payload,"38.235 N 123.317 W (38°14'5"" N 123°19'1"" W)",P
46014,45,1981,2025,30,1996,2025,11,2015,2025,11,2015,2025,11,2015,2025,11,2015,2025,0,,,0,,,0,,,11,"spec,stdmet,swden,swdir,swdir2,swr1,swr2",True,"PT ARENA - 19NM North of Point Arena, CA",39.225,-123.98,0.0,NDBC,NDBC Meteorological/Ocean,buoy,True,False,False,False,N,3-meter discus buoy w/ seal cage,3D30,"PT ARENA - 19NM North of Point Arena, CA",SCOOP payload,"39.225 N 123.980 W (39°13'29"" N 123°58'47"" W)",P
46015,23,2002,2025,23,2002,2025,18,2007,2025,18,2007,2025,18,2007,2025,18,2007,2025,1,2011,2011,0,,,3,2007,2011,18,"spec,stdmet,swden,swdir,swdir2,swr1,swr2",True,"PORT ORFORD - 15 NM West of Port Orford, OR",42.754,-124.839,0.0,NDBC,NDBC Meteorological/Ocean,buoy,True,False,False,False,N,3-meter discus buoy w/ seal cage,3D12,"PORT ORFORD - 15 NM West of Port Orford, OR",SCOOP payload,"42.754 N 124.839 W (42°45'13"" N 124°50'19"" W)",P
46016,8,1981,1988,0,,,0,,,0,,,0,,,0,,,0,,,0,,,0,,,0,,False,,,,,,,,,,,,N,Platform EXXON,,,,"63.283 N 170.300 W (63°17'0"" N 170°18'0"" W)",A
46017,8,1981,1988,0,,,0,,,0,,,0,,,0,,,0,,,0,,,0,,,0,,False,,,,,,,,,,,,N,Platform EXXON 6,,,,"60.283 N 172.300 W (60°17'0"" N 172°18'0"" W)",A
46018,5,1981,1985,0,,,0,,,0,,,0,,,0,,,0,,,0,,,0,,,0,,False,,,,,,,,,,,,N,MAREX,,,,"60.283 N 177.000 W (60°17'0"" N 177°0'0"" W)",A
46019,3,1981,1983,0,,,0,,,0,,,0,,,0,,,0,,,0,,,0,,,0,,False,,,,,,,,,,,,N,Platform,,,,"57.200 N 170.300 W (57°12'0"" N 170°18'0"" W)",A
46020,5,1981,2015,0,,,0,,,0,,,0,,,0,,,0,,,0,,,0,,,0,,False,,,,,,,,,,,,N,MAREX,,,,"55.883 N 168.000 W (55°53'0"" N 168°0'0"" W)",A
46021,6,1981,2016,0,,,0,,,0,,,0,,,0,,,0,,,0,,,0,,,0,,False,,,,,,,,,,,,N,MAREX,,,,"57.700 N 160.000 W (57°42'0"" N 160°0'0"" W)",A
46022,44,1982,2025,30,1996,2025,16,2007,2025,16,2007,2025,16,2007,2025,16,2007,2025,2,2010,2011,0,,,2,2010,2011,16,"spec,stdmet,swden,swdir,swdir2,swr1,swr2",True,"EEL RIVER - 17NM WSW of Eureka, CA",40.716,-124.54,0.0,NDBC,NDBC Meteorological/Ocean,buoy,True,False,False,False,N,3-meter foam buoy w/ seal cage,3DV57,"EEL RIVER - 17NM WSW of Eureka, CA",SCOOP payload,"40.716 N 124.540 W (40°42'58"" N 124°32'24"" W)",P
46023,32,1982,2016,15,1996,2010,0,,,0,,,0,,,0,,,10,1996,2005,0,,,0,,,0,,False,,,,,,,,,,,,N,10-meter discus buoy,10D04,"PT ARGUELLO - 17NM WNW of Point Arguello, CA",DACT payload,"34.714 N 120.967 W (34°42'50"" N 120°58'0"" W)",P
46024,9,1982,2016,0,,,0,,,0,,,0,,,0,,,0,,,0,,,0,,,0,,False,,,,,,,,,,,,N,10-meter discus buoy,,,GSBP payload,"33.000 N 119.200 W (33°0'0"" N 119°12'0"" W)",P
46025,44,1982,2025,30,1996,2025,20,1996,2025,18,2008,2025,18,2008,2025,18,2008,2025,1,2007,2007,0,,,3,2007,2009,18,"spec,stdmet,swden,swdir,swdir2,swr1,swr2",True,"Santa Monica Basin - 33NM WSW of Santa Monica, CA",33.765,-119.077,0.0,NDBC,NDBC Meteorological/Ocean,buoy,True,False,False,False,N,3-meter discus buoy w/ seal cage,3D15,"Santa Monica Basin - 33NM WSW of Santa Monica, CA",SCOOP payload,"33.765 N 119.077 W (33°45'54"" N 119°4'36"" W)",P
46026,44,1982,2025,30,1996,2025,19,2007,2025,19,2007,2025,19,2007,2025,19,2007,2025,1,2007,2007,0,,,0,,,19,"spec,stdmet,swden,swdir,swdir2,swr1,swr2",True,"SAN FRANCISCO - 18NM West of San Francisco, CA",37.75,-122.838,0.0,NDBC,NDBC Meteorological/Ocean,buoy,True,False,False,False,N,3-meter foam buoy,3DV40,"SAN FRANCISCO - 18NM West of San Francisco, CA",SCOOP payload,"37.750 N 122.838 W (37°45'0"" N 122°50'18"" W)",P
46027,43,1983,2025,30,1996,2025,21,2005,2025,21,2005,2025,21,2005,2025,22,1999,2025,4,2005,2008,0,,,0,,,21,"spec,stdmet,swden,swdir,swdir2,swr1,swr2",True,"ST GEORGES - 8 NM NW of Crescent City, CA",41.84,-124.382,0.0,NDBC,NDBC Meteorological/Ocean,buoy,True,False,False,False,N,3-meter discus buoy w/ seal cage,3D76,"ST GEORGES - 8 NM NW of Crescent City, CA",SCOOP payload,"41.840 N 124.382 W (41°50'24"" N 124°22'54"" W)",P
46028,43,1983,2025,30,1996,2025,24,2002,2025,24,2002,2025,24,2002,2025,24,2002,2025,0,,,0,,,2,2008,2009,24,"spec,stdmet,swden,swdir,swdir2,swr1,swr2",True,"CAPE SAN MARTIN - 55NM West NW of Morro Bay, CA",35.763,-121.9,0.0,NDBC,NDBC Meteorological/Ocean,buoy,True,False,False,False,N,3-meter foam buoy w/ seal cage,3DV38,"CAPE SAN MARTIN - 55NM West NW of Morro Bay, CA",SCOOP payload,"35.763 N 121.900 W (35°45'47"" N 121°54'0"" W)",P
46029,39,1984,2025,30,1996,2025,30,1996,2025,29,1997,2025,29,1997,2025,29,1997,2025,2,2008,2009,0,,,2,2008,2009,29,"spec,stdmet,swden,swdir,swdir2,swr1,swr2",True,COLUMBIA RIVER BAR - 20NM West of Columbia River Mouth,46.148,-124.508,0.0,NDBC,NDBC Meteorological/Ocean,buoy,True,False,False,False,N,2.1-meter ionomer foam buoy w/ seal cage,2.1D14,COLUMBIA RIVER BAR - 20NM West of Columbia River Mouth,SCOOP payload,"46.148 N 124.508 W (46°8'54"" N 124°30'30"" W)",P
46030,18,1984,2002,7,1996,2002,2,1996,1997,0,,,0,,,0,,,0,,,0,,,0,,,0,,False,,,,,,,,,,,,N,3-meter discus buoy,56,BLUNTS REEF,VEEP payload,"40.423 N 124.525 W (40°25'22"" N 124°31'31"" W)",P
46031,2,1984,1985,0,,,0,,,0,,,0,,,0,,,0,,,0,,,0,,,0,,False,,,,,,,,,,,,N,Platform,,,,"55.500 N 161.683 W (55°30'0"" N 161°41'0"" W)",P
46032,2,1984,1985,0,,,0,,,0,,,0,,,0,,,0,,,0,,,0,,,0,,False,,,,,,,,,,,,N,MAREX,,,,"54.200 N 165.800 W (54°12'0"" N 165°48'0"" W)",A
46033,2,1984,1985,0,,,0,,,0,,,0,,,0,,,0,,,0,,,0,,,0,,False,,,,,,,,,,,,N,MAREX,,,,"55.783 N 159.800 W (55°47'0"" N 159°48'0"" W)",P
46034,2,1984,1985,0,,,0,,,0,,,0,,,0,,,0,,,0,,,0,,,0,,False,,,,,,,,,,,,N,MAREX,,,,"55.100 N 163.100 W (55°6'0"" N 163°5'60"" W)",A
46035,40,1985,2025,29,1996,2025,12,2014,2025,12,2014,2025,12,2014,2025,12,2014,2025,0,,,0,,,0,,,12,"spec,stdmet,swden,swdir,swdir2,swr1,swr2",True,"CENTRAL BERING SEA - 310 NM North of Adak, AK",57.034,-177.468,0.0,NDBC,NDBC Meteorological/Ocean,buoy,True,False,False,False,N,3-meter foam buoy,3DV50,"CENTRAL BERING SEA - 310 NM North of Adak, AK",SCOOP payload,"57.034 N 177.468 W (57°2'1"" N 177°28'4"" W)",H
46036,2,1986,1987,0,,,0,,,0,,,0,,,0,,,0,,,0,,,0,,,0,stdmet,False,South Nomad,48.36,-133.94,0.0,Environment and Climate Change Canada,International Partners,buoy,True,False,False,False,C,6-meter NOMAD buoy,,South Nomad,,"48.360 N 133.940 W (48°21'36"" N 133°56'24"" W)",A
46037,2,1986,1987,0,,,0,,,0,,,0,,,0,,,0,,,0,,,0,,,0,,False,,,,,,,,,,,,N,3-meter discus buoy,,,DACT payload,"48.300 N 133.800 W (48°17'60"" N 133°48'0"" W)",P
46038,2,1986,1987,0,,,0,,,0,,,0,,,0,,,0,,,0,,,0,,,0,,False,,,,,,,,,,,,N,ELB,,,DACT payload,"41.900 N 124.400 W (41°53'60"" N 124°24'0"" W)",P
46039,3,1986,1988,0,,,0,,,0,,,0,,,0,,,0,,,0,,,0,,,0,,False,,,,,,,,,,,,N,ATON,,,DACT payload,"48.200 N 123.400 W (48°12'0"" N 123°24'0"" W)",P
46040,6,1987,1992,0,,,0,,,0,,,0,,,0,,,0,,,0,,,0,,,0,,False,,,,,,,,,,,,N,3-meter discus buoy,,,DACT payload,"44.800 N 124.300 W (44°47'60"" N 124°17'60"" W)",P
46041,39,1987,2025,30,1996,2025,25,1998,2025,25,1998,2025,25,1998,2025,25,1998,2025,1,2007,2007,0,,,0,,,25,"spec,stdmet,swden,swdir,swdir2,swr1,swr2",True,"CAPE ELIZABETH - 45NM NW of Aberdeen, WA",47.3526,-124.74,0.0,NDBC,NDBC Meteorological/Ocean,buoy,True,False,False,False,N,3-meter discus buoy w/ seal cage,3D19,"CAPE ELIZABETH - 45NM NW of Aberdeen, WA",SCOOP payload,"47.351 N 124.741 W (47°21'2"" N 124°44'28"" W)",P
46042,37,1987,2023,28,1996,2023,28,1996,2023,26,1998,2023,26,1998,2023,26,1998,2023,0,,,0,,,0,,,26,"spec,stdmet,swden,swdir,swdir2,swr1,swr2",True,"MONTEREY - 27NM WNW of Monterey, CA",36.787,-122.408,0.0,NDBC,NDBC Meteorological/Ocean,buoy,True,False,False,False,N,3-meter foam buoy w/ seal cage,3DV25,"MONTEREY - 27NM WNW of Monterey, CA",SCOOP payload,"36.787 N 122.408 W (36°47'12"" N 122°24'30"" W)",P
46043,1,1987,1987,0,,,0,,,0,,,0,,,0,,,0,,,0,,,0,,,0,,False,,,,,,,,,,,,N,ELB,,,DACT payload,"46.900 N 124.200 W (46°53'60"" N 124°12'0"" W)",P
46044,3,2013,2015,0,,,0,,,0,,,0,,,0,,,0,,,1,2013,2013,1,2013,2013,0,,False,,,,,,,,,,,,MB,2.3-meter NOOSS buoy,2.3D05,,AMPS payload,"36.700 N 122.378 W (36°42'1"" N 122°22'40"" W)",
46045,9,1991,1999,4,1996,1999,0,,,0,,,0,,,0,,,0,,,0,,,0,,,0,,False,,,,,,,,,,,,N,3-meter discus buoy,V08,REDONDO BEACH,DACT payload,"33.840 N 118.450 W (33°50'24"" N 118°27'0"" W)",P
46047,30,1991,2025,27,1999,2025,19,2007,2025,19,2007,2025,19,2007,2025,19,2007,2025,3,2010,2012,0,,,0,,,19,"spec,stdmet,swden,swdir,swdir2,swr1,swr2",True,"TANNER BANK - 121 NM West of San Diego, CA",32.418,-119.535,0.0,NDBC,NDBC Meteorological/Ocean,buoy,True,False,False,False,N,3-meter foam buoy,3DV45,"TANNER BANK - 121 NM West of San Diego, CA",SCOOP payload,"32.418 N 119.535 W (32°25'6"" N 119°32'6"" W)",P
46048,3,1991,1993,0,,,0,,,0,,,0,,,0,,,0,,,0,,,0,,,0,,False,,,,,,,,,,,,N,10-meter discus buoy,,,VEEP payload,"32.900 N 117.900 W (32°53'60"" N 117°54'0"" W)",P
46050,35,1991,2025,30,1996,2025,19,1996,2025,18,2008,2025,18,2008,2025,18,2008,2025,1,2008,2008,0,,,1,2008,2008,18,"spec,stdmet,swden,swdir,swdir2,swr1,swr2",True,"STONEWALL BANK - 20NM West of Newport, OR",44.679,-124.535,0.0,NDBC,NDBC Meteorological/Ocean,buoy,True,False,False,False,N,3-meter foam buoy,3D62,"STONEWALL BANK - 20NM West of Newport, OR",SCOOP payload,"44.679 N 124.535 W (44°40'46"" N 124°32'6"" W)",P
46051,5,1992,1996,1,1996,1996,1,1996,1996,0,,,0,,,0,,,0,,,0,,,0,,,0,,False,,,,,,,,,,,,N,3-meter discus buoy,41,Harvest Experiment Platform,DACT payload,"34.480 N 120.690 W (34°28'48"" N 120°41'24"" W)",P
46053,31,1994,2025,29,1996,2025,19,2007,2025,19,2007,2025,19,2007,2025,19,2007,2025,5,1994,2007,0,,,2,2007,2008,19,"spec,stdmet,swden,swdir,swdir2,swr1,swr2",True,"EAST SANTA BARBARA  - 12NM Southwest of Santa Barbara, CA",34.246,-119.842,0.0,NDBC,NDBC Meteorological/Ocean,buoy,True,False,False,False,N,3-meter foam buoy w/ seal cage,3DV14,"EAST SANTA BARBARA  - 12NM Southwest of Santa Barbara, CA",SCOOP payload,"34.246 N 119.842 W (34°14'46"" N 119°50'31"" W)",P
46054,32,1994,2025,30,1996,2025,14,1996,2025,13,2013,2025,13,2013,2025,13,2013,2025,11,1994,2005,0,,,0,,,13,"spec,stdmet,swden,swdir,swdir2,swr1,swr2",True,"WEST SANTA BARBARA  38 NM West of Santa Barbara, CA",34.274,-120.468,0.0,NDBC,NDBC Meteorological/Ocean,buoy,True,False,False,False,N,3-meter discus buoy w/ seal cage,3D89,"WEST SANTA BARBARA  38 NM West of Santa Barbara, CA",SCOOP payload,"34.274 N 120.468 W (34°16'26"" N 120°28'5"" W)",P
46059,30,1994,2025,28,1996,2025,11,2015,2025,11,2015,2025,11,2015,2025,11,2015,2025,0,,,0,,,0,,,11,"spec,stdmet,swden,swdir,swdir2,swr1,swr2",True,"WEST CALIFORNIA - 357NM West of San Francisco, CA",38.067,-129.895,0.0,NDBC,NDBC Meteorological/Ocean,buoy,True,False,False,False,N,3-meter discus buoy,3D57,"WEST CALIFORNIA - 357NM West of San Francisco, CA",SCOOP payload,"38.067 N 129.895 W (38°4'1"" N 129°53'42"" W)",A
46060,31,1995,2025,30,1996,2025,19,2007,2025,19,2007,2025,19,2007,2025,19,2007,2025,8,2004,2012,0,,,2,2005,2006,19,"spec,stdmet,swden,swdir,swdir2,swr1,swr2",True,"WEST ORCA BAY - 8NM NW of Hinchinbrook Is., AK",60.571,-146.795,0.0,NDBC,NDBC Meteorological/Ocean,buoy,True,False,False,False,N,3-meter foam buoy w/ seal cage,3DV55,"WEST ORCA BAY - 8NM NW of Hinchinbrook Is., AK",SCOOP payload,"60.571 N 146.795 W (60°34'16"" N 146°47'42"" W)",A
46061,31,1995,2025,29,1996,2025,11,2014,2025,11,2014,2025,11,2014,2025,11,2014,2025,1,2006,2006,0,,,0,,,11,"spec,stdmet,swden,swdir,swdir2,swr1,swr2",True,"Seal Rocks - Between Montague and Hinchinbrook Islands, AK",60.23,-146.837,0.0,NDBC,NDBC Meteorological/Ocean,buoy,True,False,False,False,N,3-meter discus buoy w/ seal cage,3D55,"Seal Rocks - Between Montague and Hinchinbrook Islands, AK",SCOOP payload,"60.230 N 146.837 W (60°13'48"" N 146°50'12"" W)",A
46062,8,1997,2004,8,1997,2004,0,,,0,,,0,,,0,,,7,1997,2003,0,,,0,,,0,,False,,,,,,,,,,,,N,3-meter discus buoy,06,"Pt. San Luis, CA - 18 NM South Southwest of Morro Bay, CA",ARES payload,"35.101 N 121.010 W (35°6'3"" N 121°0'36"" W)",P
46063,12,1998,2009,12,1998,2009,4,2006,2009,4,2006,2009,4,2006,2009,4,2006,2009,4,2006,2009,0,,,3,2007,2009,4,,False,,,,,,,,,,,,N,3-meter discus buoy,3D60,"Pt.Conception, CA - 50NM West of Santa Barbara, CA",ARES 4.4 payload,"34.273 N 120.699 W (34°16'21"" N 120°41'55"" W)",P
46066,25,2000,2025,25,2000,2025,13,2013,2025,13,2013,2025,13,2013,2025,13,2013,2025,0,,,0,,,0,,,13,"spec,stdmet,swden,swdir,swdir2,swr1,swr2",True,"SOUTH KODIAK - 310NM SSW of Kodiak, AK",52.776,-154.992,0.0,NDBC,NDBC Meteorological/Ocean,buoy,True,False,False,False,N,3-meter discus buoy,3D86,"SOUTH KODIAK - 310NM SSW of Kodiak, AK",SCOOP payload,"52.776 N 154.992 W (52°46'34"" N 154°59'31"" W)",H
46069,23,2003,2025,23,2003,2025,20,2003,2025,19,2003,2025,20,2003,2025,20,2003,2025,0,,,0,,,0,,,19,"spec,stdmet,swden,swdir,swdir2,swr1,swr2",True,"SOUTH SANTA ROSA - 14 NM SW of Santa Rosa Island, CA",33.657,-120.227,0.0,NDBC,NDBC Meteorological/Ocean,buoy,True,False,False,False,N,3-meter foam buoy w/ seal cage,3DV58,"SOUTH SANTA ROSA - 14 NM SW of Santa Rosa Island, CA",SCOOP payload,"33.657 N 120.227 W (33°39'24"" N 120°13'36"" W)",P
46070,18,2006,2025,18,2006,2025,10,2015,2025,10,2015,2025,10,2015,2025,10,2015,2025,0,,,0,,,0,,,10,"spec,stdmet,swden,swdir,swdir2,swr1,swr2",True,"SOUTHWEST BERING SEA - 142NM NNE OF ATTU IS, AK",55.048,175.246,0.0,NDBC,NDBC Meteorological/Ocean,buoy,True,False,False,False,N,3-meter foam buoy,3DV30,"SOUTHWEST BERING SEA - 142NM NNE OF ATTU IS, AK",SCOOP payload,"55.048 N 175.246 E (55°2'53"" N 175°14'47"" E)",H
46071,16,2004,2025,16,2004,2025,9,2016,2025,9,2016,2025,9,2016,2025,9,2016,2025,0,,,0,,,0,,,9,"spec,stdmet,swden,swdir,swdir2,swr1,swr2",True,"WESTERN ALEUTIANS - 14NM SOUTH OF AMCHITKA IS, AK ",51.035,179.808,0.0,NDBC,NDBC Meteorological/Ocean,buoy,True,False,False,False,N,3-meter discus buoy w/ seal cage,3D20,"WESTERN ALEUTIANS - 14NM SOUTH OF AMCHITKA IS, AK",SCOOP payload,"51.035 N 179.808 E (51°2'6"" N 179°48'30"" E)",H
46072,23,2002,2025,23,2002,2025,9,2016,2025,9,2016,2025,9,2016,2025,9,2016,2025,1,2010,2010,0,,,0,,,9,"spec,stdmet,swden,swdir,swdir2,swr1,swr2",True,CENTRAL ALEUTIANS 230 NM SW Dutch Harbor,51.645,-172.145,0.0,NDBC,NDBC Meteorological/Ocean,buoy,True,False,False,False,N,3-meter discus buoy,3D47,CENTRAL ALEUTIANS 230 NM SW Dutch Harbor,SCOOP payload,"51.645 N 172.145 W (51°38'42"" N 172°8'42"" W)",H
46073,19,2005,2025,19,2005,2025,12,2014,2025,12,2014,2025,12,2014,2025,12,2014,2025,0,,,0,,,0,,,12,"spec,stdmet,swden,swdir,swdir2,swr1,swr2",True,"SOUTHEAST BERING SEA - 205 NM WNW of Dutch Harbor, AK",54.985,-171.874,0.0,NDBC,NDBC Meteorological/Ocean,buoy,True,False,False,False,N,3-meter discus buoy,3D73,"SOUTHEAST BERING SEA - 205 NM WNW of Dutch Harbor, AK",SCOOP payload,"54.985 N 171.874 W (54°59'4"" N 171°52'27"" W)",H
46074,1,2016,2016,1,2016,2016,1,2016,2016,1,2016,2016,1,2016,2016,1,2016,2016,0,,,0,,,0,,,1,,False,,,,,,,,,,,,,,,,,,
46075,22,2004,2025,22,2004,2025,10,2016,2025,10,2016,2025,10,2016,2025,10,2016,2025,0,,,0,,,0,,,10,"spec,stdmet,swden,swdir,swdir2,swr1,swr2",True,"SHUMAGIN ISLANDS - 85NM South of Sand Point, AK",53.93,-160.763,0.0,NDBC,NDBC Meteorological/Ocean,buoy,True,False,False,False,N,3-meter discus buoy w/ seal cage,3D10,"SHUMAGIN ISLANDS - 85NM South of Sand Point, AK",SCOOP payload,"53.930 N 160.763 W (53°55'48"" N 160°45'47"" W)",A
46076,21,2005,2025,21,2005,2025,11,2015,2025,11,2015,2025,11,2015,2025,11,2015,2025,0,,,0,,,0,,,11,"spec,stdmet,swden,swdir,swdir2,swr1,swr2",True,"CAPE CLEARE - 17 NM South of Montague Is,  AK",59.508,-148.005,0.0,NDBC,NDBC Meteorological/Ocean,buoy,True,False,False,False,N,3-meter discus buoy w/ seal cage,unk,"CAPE CLEARE - 17 NM South of Montague Is,  AK",SCOOP payload,"59.508 N 148.005 W (59°30'29"" N 148°0'17"" W)",A
46077,19,2005,2025,19,2005,2025,9,2017,2025,9,2017,2025,9,2017,2025,9,2017,2025,0,,,0,,,0,,,9,"spec,stdmet,swden,swdir,swdir2,swr1,swr2",True,"SHELIKOF STRAIT, AK",57.869,-154.211,0.0,NDBC,NDBC Meteorological/Ocean,buoy,True,False,False,False,N,3-meter discus buoy w/ seal cage,3D68,"SHELIKOF STRAIT, AK",SCOOP payload,"57.869 N 154.211 W (57°52'7"" N 154°12'40"" W)",A
46078,22,2004,2025,22,2004,2025,13,2013,2025,13,2013,2025,13,2013,2025,13,2013,2025,0,,,0,,,0,,,13,"spec,stdmet,swden,swdir,swdir2,swr1,swr2",True,"ALBATROSS BANK - 104NM South of Kodiak Is., AK",55.561,-152.599,0.0,NDBC,NDBC Meteorological/Ocean,buoy,True,False,False,False,N,3-meter discus buoy w/ seal cage,3D46,"ALBATROSS BANK - 104NM South of Kodiak Is., AK",SCOOP payload,"55.561 N 152.599 W (55°33'38"" N 152°35'56"" W)",A
46079,2,2001,2002,2,2001,2002,0,,,0,,,0,,,0,,,0,,,0,,,0,,,0,,False,,,,,,,,,,,,N,6-meter NOMAD buoy,34,Barren Island,DACT payload,"59.050 N 152.230 W (59°3'0"" N 152°13'48"" W)",N
46080,23,2002,2025,23,2002,2025,9,2017,2025,9,2017,2025,9,2017,2025,9,2017,2025,0,,,0,,,0,,,9,"spec,stdmet,swden,swdir,swdir2,swr1,swr2",True,"PORTLOCK BANK - 76 NM ENE of Kodiak, AK",57.91,-150.129,0.0,NDBC,NDBC Meteorological/Ocean,buoy,True,False,False,False,N,3-meter discus buoy w/ seal cage,3D25,"PORTLOCK BANK - 76 NM ENE of Kodiak, AK",SCOOP payload,"57.910 N 150.129 W (57°54'37"" N 150°7'46"" W)",A
46081,23,2003,2025,23,2003,2025,8,2018,2025,8,2018,2025,8,2018,2025,8,2018,2025,6,2005,2010,2,2010,2011,7,2005,2011,8,"spec,stdmet,swden,swdir,swdir2,swr1,swr2",True,Western Prince William Sound,60.802,-148.283,0.0,NDBC,NDBC Meteorological/Ocean,buoy,True,False,False,False,N,3-meter discus buoy w/ seal cage,3D50,Western Prince William Sound,SCOOP payload,"60.802 N 148.283 W (60°48'8"" N 148°16'59"" W)",A
46082,24,2002,2025,24,2002,2025,11,2015,2025,11,2015,2025,11,2015,2025,11,2015,2025,0,,,0,,,0,,,11,"spec,stdmet,swden,swdir,swdir2,swr1,swr2",True,"Cape Suckling - 35 NM SE of Kayak Is, AK",59.67,-143.353,0.0,NDBC,NDBC Meteorological/Ocean,buoy,True,False,False,False,N,3-meter discus buoy w/ seal cage,3D63,"Cape Suckling - 35 NM SE of Kayak Is, AK",SCOOP payload,"59.670 N 143.353 W (59°40'13"" N 143°21'12"" W)",A
46083,24,2001,2025,24,2001,2025,11,2015,2025,11,2015,2025,11,2015,2025,11,2015,2025,0,,,0,,,0,,,11,"spec,stdmet,swden,swdir,swdir2,swr1,swr2",True,"FAIRWEATHER GROUND - 105 NM West  of Juneau, AK",58.276,-138.024,0.0,NDBC,NDBC Meteorological/Ocean,buoy,True,False,False,False,N,3-meter discus buoy,3D84,"FAIRWEATHER GROUND - 105 NM West  of Juneau, AK",SCOOP payload,"58.276 N 138.024 W (58°16'34"" N 138°1'25"" W)",A
46084,23,2002,2025,23,2002,2025,10,2016,2025,10,2016,2025,10,2016,2025,10,2016,2025,0,,,0,,,2,2007,2008,10,"spec,stdmet,swden,swdir,swdir2,swr1,swr2",True,"CAPE EDGECUMBE - 25NM SSW of Cape Edgecumbe, AK",56.614,-136.04,0.0,NDBC,NDBC Meteorological/Ocean,buoy,True,False,False,False,N,3-meter discus buoy w/ seal cage,3D32,"CAPE EDGECUMBE - 25NM SSW of Cape Edgecumbe, AK",SCOOP payload,"56.614 N 136.040 W (56°36'51"" N 136°2'24"" W)",A
46085,16,2007,2025,15,2007,2025,5,2019,2025,5,2019,2025,5,2019,2025,5,2019,2025,0,,,0,,,0,,,5,"spec,stdmet,swden,swdir,swdir2,swr1,swr2",True,"CENTRAL GULF OF ALASKA -  265NM West of Cape Ommaney, AK",55.84,-142.895,0.0,NDBC,NDBC Meteorological/Ocean,buoy,True,False,False,False,N,3-meter foam buoy,3DV10,"CENTRAL GULF OF ALASKA -  265NM West of Cape Ommaney, AK",SCOOP payload,"55.840 N 142.895 W (55°50'24"" N 142°53'42"" W)",A
46086,23,2003,2025,23,2003,2025,22,2004,2025,23,2003,2025,23,2003,2025,23,2003,2025,3,2007,2011,0,,,1,2006,2006,22,"spec,stdmet,swden,swdir,swdir2,swr1,swr2",True,"SAN CLEMENTE BASIN - 27NM SE Of San Clemente Is, CA",32.504,-118.029,0.0,NDBC,NDBC Meteorological/Ocean,buoy,True,False,False,False,N,2.1-meter ionomer foam buoy,2.1D01,"SAN CLEMENTE BASIN - 27NM SE Of San Clemente Is, CA",SCOOP payload,"32.504 N 118.029 W (32°30'15"" N 118°1'44"" W)",P
46087,20,2004,2025,20,2004,2025,20,2004,2025,20,2004,2025,20,2004,2025,20,2004,2025,14,2011,2025,0,,,0,,,20,"adcp,spec,stdmet,swden,swdir,swdir2,swr1,swr2",True,"Neah Bay - 6 NM North of Cape Flattery, WA (Traffic Separation Lighted Buoy)",48.493,-124.727,0.0,NDBC,NDBC Meteorological/Ocean,buoy,True,False,False,False,N,3-meter discus buoy w/ seal cage,3D87,"Neah Bay - 6 NM North of Cape Flattery, WA (Traffic Separation Lighted Buoy)",SCOOP payload,"48.493 N 124.727 W (48°29'35"" N 124°43'37"" W)",P
46088,22,2004,2025,22,2004,2025,22,2004,2025,22,2004,2025,22,2004,2025,22,2004,2025,17,2007,2025,0,,,0,,,22,"adcp,spec,stdmet,swden,swdir,swdir2,swr1,swr2",True,"NEW DUNGENESS - 17 NM NE of Port Angeles, WA",48.332,-123.179,0.0,NDBC,NDBC Meteorological/Ocean,buoy,True,True,False,False,N,3-meter discus buoy w/ seal cage,3D02,"NEW DUNGENESS - 17 NM NE of Port Angeles, WA",SCOOP payload,"48.332 N 123.179 W (48°19'56"" N 123°10'44"" W)",P
46089,22,2004,2025,22,2004,2025,21,2004,2025,21,2004,2025,21,2004,2025,21,2004,2025,6,2004,2011,3,2011,2013,1,2007,2007,21,"spec,stdmet,swden,swdir,swdir2,swr1,swr2",True,"TILLAMOOK, OR - 85 NM WNW of Tillamook, OR",45.928,-125.815,,NDBC,NDBC Meteorological/Ocean,buoy,True,False,False,False,N,3-meter discus buoy w/ seal cage,3DV20,"TILLAMOOK, OR - 85 NM WNW of Tillamook, OR",SCOOP payload,"45.928 N 125.815 W (45°55'42"" N 125°48'54"" W)",P
46091,7,2005,2011,0,,,0,,,0,,,0,,,0,,,0,,,0,,,0,,,0,,False,,,,,,,,,,,,MB,Buoy,,MBM0,,"36.835 N 121.899 W (36°50'6"" N 121°53'55"" W)",P
46092,21,2005,2025,0,,,0,,,0,,,0,,,0,,,0,,,0,,,0,,,0,stdmet,False,MBM1,36.751,-122.029,0.0,MBARI,IOOS Partners,buoy,True,False,False,False,MB,Buoy,,MBM1,,"36.751 N 122.029 W (36°45'4"" N 122°1'45"" W)",P
46093,7,2005,2011,0,,,0,,,0,,,0,,,0,,,0,,,0,,,0,,,0,,False,,,,,,,,,,,,MB,Buoy,,MBM2,,"36.690 N 122.410 W (36°41'24"" N 122°24'36"" W)",P
46094,10,2007,2016,0,,,0,,,0,,,0,,,0,,,0,,,0,,,9,2008,2016,0,,False,,,,,,,,,,,,NA,Moored Buoy,,"Buoy NH-10 - West of Newport, OR",,"44.642 N 124.300 W (44°38'32"" N 124°18'0"" W)",P
46096,8,2011,2019,0,,,0,,,0,,,0,,,0,,,0,,,0,,,3,2011,2022,0,,False,Columbia River Entrance - SATURN Station #02 Offshore,46.173,-124.127,0.0,Columbia River Inter-Tribal Fish Commission,IOOS Partners,buoy,False,False,False,False,CM,Buoy,,Columbia River Entrance - SATURN Station #02 Offshore,,"46.173 N 124.127 W (46°10'24"" N 124°7'38"" W)",P
46097,10,2016,2025,0,,,0,,,0,,,0,,,0,,,0,,,0,,,10,2016,2025,0,,False,OOI Newport Shelf,44.639,-124.304,0.0,NSF Ocean Observatories Initiative,IOOS Partners,buoy,False,False,False,False,OO,Buoy,,OOI Newport Shelf,,"44.639 N 124.304 W (44°38'21"" N 124°18'15"" W)",P
46098,10,2016,2025,0,,,0,,,0,,,0,,,0,,,0,,,0,,,10,2016,2025,0,,False,OOI Waldport Offshore,44.378,-124.947,0.0,NSF Ocean Observatories Initiative,IOOS Partners,buoy,False,False,False,False,OO,Buoy,,OOI Waldport Offshore,,"44.378 N 124.947 W (44°22'42"" N 124°56'50"" W)",P
46099,10,2016,2025,0,,,0,,,0,,,0,,,0,,,0,,,0,,,10,2016,2025,0,,False,OOI Westport Shelf,46.988,-124.567,0.0,NSF Ocean Observatories Initiative,IOOS Partners,buoy,False,False,False,False,OO,Buoy,,OOI Westport Shelf,,"46.988 N 124.567 W (46°59'17"" N 124°34'1"" W)",P
46100,10,2016,2025,0,,,0,,,0,,,0,,,0,,,0,,,0,,,10,2016,2025,0,,False,OOI Westport Offshore,46.851,-124.964,0.0,NSF Ocean Observatories Initiative,IOOS Partners,buoy,False,False,False,False,OO,Buoy,,OOI Westport Offshore,,"46.851 N 124.964 W (46°51'5"" N 124°57'51"" W)",P
46105,3,2008,2012,3,2008,2012,3,2008,2012,3,2008,2012,3,2008,2012,3,2008,2012,0,,,0,,,0,,,3,,False,,,,,,,,,,,,N,1.8-meter discus buoy,1.8D06,"South Cook Inlet - 10NM NW of East Amatuli Light, AK",WAMDAS payload,"59.049 N 152.233 W (59°2'55"" N 152°14'0"" W)",A
46106,4,2007,2010,4,2007,2010,4,2007,2010,4,2007,2010,4,2007,2010,4,2007,2010,0,,,0,,,0,,,4,,False,,,,,,,,,,,,N,1.8-meter discus buoy,,Central Cook Inlet AK,WAMDAS payload,"59.760 N 152.090 W (59°45'36"" N 152°5'24"" W)",A
46107,3,2008,2010,3,2008,2010,3,2008,2010,3,2008,2010,3,2008,2010,3,2008,2010,2,2008,2009,0,,,0,,,3,,False,,,,,,,,,,,,N,1.8-meter discus buoy,1.8D09,Montague Strait,WAMDAS payload,"59.925 N 147.992 W (59°55'30"" N 147°59'31"" W)",A
46108,14,2011,2025,0,,,0,,,0,,,0,,,0,,,6,2020,2025,0,,,0,,,0,"adcp,spec,stdmet,swden,swdir,swdir2,swr1,swr2",False,Lower Cook Inlet (204),59.598,-151.828,0.0,Alaska Ocean Observing System,IOOS Partners,buoy,True,True,False,False,AS,Waverider Buoy,,Lower Cook Inlet (204),,"59.598 N 151.828 W (59°35'53"" N 151°49'42"" W)",A
46109,3,2011,2013,0,,,0,,,0,,,0,,,0,,,0,,,0,,,3,2011,2013,0,,False,,,,,,,,,,,,IN,Buoy,,Port Angeles Buoy,,"48.123 N 123.395 W (48°7'23"" N 123°23'42"" W)",P
46110,3,2011,2013,0,,,0,,,0,,,0,,,0,,,0,,,0,,,3,2011,2013,0,,False,,,,,,,,,,,,IN,Buoy,,Sequim Buoy,,"48.115 N 123.032 W (48°6'56"" N 123°1'54"" W)",P
46111,3,2011,2013,0,,,0,,,0,,,0,,,0,,,0,,,0,,,2,2011,2012,0,,False,,,,,,,,,,,,IN,Buoy,,Fort Worden Buoy,,"48.131 N 122.748 W (48°7'51"" N 122°44'54"" W)",P
46112,2,2011,2012,0,,,0,,,0,,,0,,,0,,,0,,,0,,,0,,,0,,False,,,,,,,,,,,,IN,Buoy,,Marrowstone Buoy,,"48.100 N 122.730 W (48°5'59"" N 122°43'48"" W)",P
46113,2,2011,2012,0,,,0,,,0,,,0,,,0,,,0,,,0,,,2,2011,2012,0,,False,,,,,,,,,,,,IN,Buoy,,Poulsbo Buoy,,"47.730 N 122.646 W (47°43'47"" N 122°38'45"" W)",P
46114,13,2011,2023,0,,,0,,,0,,,0,,,0,,,0,,,0,,,0,,,0,,False,,,,,,,,,,,,R,Waverider Buoy,30744,"West Monterey Bay, CA (185)",An industry-supplied payload,"36.700 N 122.343 W (36°42'0"" N 122°20'33"" W)",P
46116,0,,,0,,,0,,,0,,,0,,,0,,,0,,,0,,,9,2016,2025,0,,False,"SATURN Estuary Station #07, Baker Bay, WA",46.287,-124.016,0.0,Columbia River Inter-Tribal Fish Commission,IOOS Partners,buoy,False,False,False,False,CM,Buoy,,"SATURN Estuary Station #07, Baker Bay, WA",,"46.287 N 124.016 W (46°17'12"" N 124°0'58"" W)",
46117,0,,,0,,,0,,,0,,,0,,,0,,,0,,,0,,,7,2019,2025,0,,False,"SATURN Estuary Station #09, Youngs Bay, OR",46.176,-123.869,0.0,Columbia River Inter-Tribal Fish Commission,IOOS Partners,buoy,False,False,False,False,CM,Buoy,,"SATURN Estuary Station #09, Youngs Bay, OR",,"46.176 N 123.869 W (46°10'34"" N 123°52'8"" W)",
46118,5,2016,2020,0,,,0,,,0,,,0,,,0,,,0,,,0,,,0,,,0,stdmet,False,Se'lhaem Bellingham Bay,48.724,-122.576,0.0,Northwest Association of Networked Ocean Observing Systems,IOOS Partners,buoy,False,False,False,False,NA,Buoy,,Se'lhaem Bellingham Bay,,"48.724 N 122.576 W (48°43'25"" N 122°34'35"" W)",P
46119,1,2016,2016,0,,,0,,,0,,,0,,,0,,,0,,,0,,,0,,,0,stdmet,False,Cha'Ba La Push,47.967,-124.95,0.0,Northwest Association of Networked Ocean Observing Systems,IOOS Partners,buoy,False,False,False,False,NA,Buoy,,Cha'Ba La Push,,"47.967 N 124.950 W (47°58'2"" N 124°57'1"" W)",P
46120,9,2016,2025,0,,,0,,,0,,,0,,,0,,,0,,,0,,,7,2011,2020,0,stdmet,False,"Pt Wells, WA (U of Wash)",47.761,-122.397,0.0,University of Washington,IOOS Partners,buoy,False,False,False,False,WA,Buoy,,"Pt Wells, WA (U of Wash)",,"47.761 N 122.397 W (47°45'40"" N 122°23'50"" W)",P
46121,10,2016,2025,0,,,0,,,0,,,0,,,0,,,0,,,0,,,10,2011,2020,0,stdmet,False,"Carr Inlet, WA (U of Wash) ",47.28,-122.73,0.0,University of Washington,IOOS Partners,buoy,False,False,False,False,WA,Buoy,,"Carr Inlet, WA (U of Wash)",,"47.280 N 122.730 W (47°16'48"" N 122°43'48"" W)",P
46122,2,2016,2025,0,,,0,,,0,,,0,,,0,,,0,,,0,,,7,2011,2020,0,,False,"Dabob Bay, WA (U of Wash)",47.803,-122.803,0.0,University of Washington,IOOS Partners,buoy,False,False,False,False,WA,Buoy,,"Dabob Bay, WA (U of Wash)",,"47.803 N 122.803 W (47°48'12"" N 122°48'10"" W)",P
46123,0,,,0,,,0,,,0,,,0,,,0,,,0,,,0,,,5,2011,2015,0,stdmet,False,"Twanoh - Hood Canal, WA (U of Wash)",47.375,-123.008,0.0,University of Washington,IOOS Partners,buoy,False,False,False,False,WA,Buoy,,"Twanoh - Hood Canal, WA (U of Wash)",,"47.375 N 123.008 W (47°22'30"" N 123°0'30"" W)",P
46124,5,2016,2020,0,,,0,,,0,,,0,,,0,,,0,,,0,,,7,2011,2020,0,,False,"Hoodsport - Hood Canal, WA (U of Wash)",47.422,-123.113,0.0,University of Washington,IOOS Partners,buoy,False,False,False,False,WA,Buoy,,"Hoodsport - Hood Canal, WA (U of Wash)",,"47.422 N 123.113 W (47°25'18"" N 123°6'45"" W)",P
46125,9,2016,2024,0,,,0,,,0,,,0,,,0,,,0,,,0,,,7,2011,2020,0,stdmet,False,"Hansville - Hood Canal, WA",47.907,-122.627,0.0,University of Washington,IOOS Partners,buoy,False,False,False,False,WA,Buoy,,"Hansville - Hood Canal, WA",,"47.907 N 122.627 W (47°54'26"" N 122°37'37"" W)",P
46126,2,2013,2014,0,,,0,,,0,,,0,,,0,,,0,,,0,,,0,,,0,,False,,,,,,,,,,,,SH,Buoy,,Wide Bay (Shell),,"53.951 N 166.602 W (53°57'5"" N 166°36'9"" W)",A
46127,1,2016,2016,0,,,0,,,0,,,0,,,0,,,0,,,0,,,0,,,0,,False,,,,,,,,,,,,CM,Buoy,,"SATURN Offshore Station #10, Columbia River, South Jetty, OR",,"46.215 N 124.063 W (46°12'54"" N 124°3'46"" W)",
46128,9,2017,2025,0,,,0,,,0,,,0,,,0,,,3,2017,2019,0,,,5,2017,2021,0,stdmet,False,"Buoy CB-06 - West of Coos Bay, OR",43.292,-124.538,0.0,Northwest Association of Networked Ocean Observing Systems,IOOS Partners,buoy,False,False,False,False,NA,Buoy,,"Buoy CB-06 - West of Coos Bay, OR",,"43.292 N 124.538 W (43°17'30"" N 124°32'18"" W)",P
46131,0,,,0,,,0,,,0,,,0,,,0,,,0,,,0,,,0,,,0,stdmet,False,Sentry Shoal,49.91,-124.98,0.0,Environment and Climate Change Canada,International Partners,buoy,True,False,False,False,C,3-meter discus buoy,,Sentry Shoal,,"49.910 N 124.980 W (49°54'36"" N 124°58'48"" W)",P
46132,0,,,0,,,0,,,0,,,0,,,0,,,0,,,0,,,0,,,0,stdmet,False,South Brooks,49.78,-127.89,0.0,Environment and Climate Change Canada,International Partners,buoy,True,False,False,False,C,3-meter discus buoy,,South Brooks,,"49.780 N 127.890 W (49°46'48"" N 127°53'24"" W)",A
46138,1,2011,2011,0,,,0,,,0,,,0,,,0,,,0,,,0,,,0,,,0,,False,,,,,,,,,,,,C,Waverider Buoy,,"South Hecate Strait, Canada (174)",,"52.437 N 129.795 W (52°26'12"" N 129°47'42"" W)",A
46139,2,2012,2013,0,,,0,,,0,,,0,,,0,,,0,,,0,,,0,,,0,,False,,,,,,,,,,,,C,Waverider Buoy,,"La Perouse Bank DWR, Canada  (195)",,"48.844 N 126.010 W (48°50'37"" N 126°0'37"" W)",P
46145,0,,,0,,,0,,,0,,,0,,,0,,,0,,,0,,,0,,,0,stdmet,False,Central Dixon Entrance Buoy,54.37,-132.42,0.0,Environment and Climate Change Canada,International Partners,buoy,True,False,False,False,C,3-meter discus buoy,,Central Dixon Entrance Buoy,,"54.370 N 132.420 W (54°22'12"" N 132°25'12"" W)",P
46146,0,,,0,,,0,,,0,,,0,,,0,,,0,,,0,,,0,,,0,stdmet,False,Halibut Bank,49.34,-123.73,0.0,Environment and Climate Change Canada,International Partners,buoy,True,False,False,False,C,3-meter discus buoy,,Halibut Bank,,"49.340 N 123.730 W (49°20'24"" N 123°43'48"" W)",P
46147,0,,,0,,,0,,,0,,,0,,,0,,,0,,,0,,,0,,,0,stdmet,False,South Moresby,51.83,-131.22,0.0,Environment and Climate Change Canada,International Partners,buoy,True,False,False,False,C,3-meter discus buoy,,South Moresby,,"51.830 N 131.220 W (51°49'48"" N 131°13'12"" W)",P
46181,0,,,0,,,0,,,0,,,0,,,0,,,0,,,0,,,0,,,0,stdmet,False,Nanakwa Shoal,53.83,-128.83,0.0,Environment and Climate Change Canada,International Partners,buoy,True,False,False,False,C,3-meter discus buoy,,Nanakwa Shoal,,"53.830 N 128.830 W (53°49'48"" N 128°49'48"" W)",P
46183,0,,,0,,,0,,,0,,,0,,,0,,,0,,,0,,,0,,,0,stdmet,False,North Hecate Strait,53.62,-131.1,0.0,Environment and Climate Change Canada,International Partners,buoy,True,False,False,False,C,3-meter discus buoy,,North Hecate Strait,,"53.620 N 131.100 W (53°37'12"" N 131°6'0"" W)",P
46184,0,,,0,,,0,,,0,,,0,,,0,,,0,,,0,,,0,,,0,stdmet,False,North Nomad,53.92,-138.85,0.0,Environment and Climate Change Canada,International Partners,buoy,True,False,False,False,C,6-meter NOMAD buoy,,North Nomad,,"53.920 N 138.850 W (53°55'12"" N 138°51'0"" W)",A
46185,0,,,0,,,0,,,0,,,0,,,0,,,0,,,0,,,0,,,0,stdmet,False,South Hecate Strait,52.42,-129.79,0.0,Environment and Climate Change Canada,International Partners,buoy,True,False,False,False,C,3-meter discus buoy,,South Hecate Strait,,"52.420 N 129.790 W (52°25'12"" N 129°47'24"" W)",P
46204,0,,,0,,,0,,,0,,,0,,,0,,,0,,,0,,,0,,,0,stdmet,False,West Sea Otter,51.38,-128.77,0.0,Environment and Climate Change Canada,International Partners,buoy,True,False,False,False,C,3-meter discus buoy,,West Sea Otter,,"51.380 N 128.770 W (51°22'48"" N 128°46'12"" W)",P
46205,0,,,0,,,0,,,0,,,0,,,0,,,0,,,0,,,0,,,0,stdmet,False,West Dixon Entrance,54.18,-134.32,0.0,Environment and Climate Change Canada,International Partners,buoy,True,False,False,False,C,3-meter discus buoy,,West Dixon Entrance,,"54.180 N 134.320 W (54°10'48"" N 134°19'12"" W)",P
46206,0,,,0,,,0,,,0,,,0,,,0,,,0,,,0,,,0,,,0,stdmet,False,La Perouse Bank,48.84,-126.0,0.0,Environment and Climate Change Canada,International Partners,buoy,True,False,False,False,C,3-meter discus buoy,,La Perouse Bank,,"48.840 N 126.000 W (48°50'24"" N 126°0'0"" W)",P
46207,0,,,0,,,0,,,0,,,0,,,0,,,0,,,0,,,0,,,0,stdmet,False,East Dellwood,50.87,-129.92,0.0,Environment and Climate Change Canada,International Partners,buoy,True,False,False,False,C,3-meter discus buoy,,East Dellwood,,"50.870 N 129.920 W (50°52'12"" N 129°55'12"" W)",P
46208,0,,,0,,,0,,,0,,,0,,,0,,,0,,,0,,,0,,,0,stdmet,False,West Moresby,52.52,-132.69,0.0,Environment and Climate Change Canada,International Partners,buoy,True,False,False,False,C,3-meter discus buoy,,West Moresby,,"52.520 N 132.690 W (52°31'12"" N 132°41'24"" W)",P
46211,22,2004,2025,0,,,0,,,0,,,0,,,0,,,0,,,0,,,0,,,0,"spec,stdmet,swden,swdir,swdir2,swr1,swr2",False,"Grays Harbor, WA (036)",46.857,-124.243,0.0,SCRIPPS,IOOS Partners,buoy,True,False,False,False,R,Waverider Buoy,,"Grays Harbor, WA (036)",,"46.857 N 124.243 W (46°51'24"" N 124°14'34"" W)",P
46212,10,2004,2013,0,,,0,,,0,,,0,,,0,,,0,,,0,,,0,,,0,,False,,,,,,,,,,,,R,Waverider Buoy,,"Humboldt Bay South Spit, CA (128)",,"40.753 N 124.313 W (40°45'12"" N 124°18'48"" W)",P
46213,22,2004,2025,0,,,0,,,0,,,0,,,0,,,2,2024,2025,0,,,0,,,0,"adcp,spec,stdmet,swden,swdir,swdir2,swr1,swr2",False,"Cape Mendocino, CA (094)",40.291,-124.748,0.0,SCRIPPS,IOOS Partners,buoy,True,True,False,False,R,Waverider Buoy,,"Cape Mendocino, CA (094)",,"40.291 N 124.748 W (40°17'29"" N 124°44'51"" W)",P
46214,22,2004,2025,0,,,0,,,0,,,0,,,0,,,0,,,0,,,0,,,0,"spec,stdmet,swden,swdir,swdir2,swr1,swr2",False,"Point Reyes, CA (029)",37.944,-123.466,0.0,SCRIPPS,IOOS Partners,buoy,True,False,False,False,R,Waverider Buoy,,"Point Reyes, CA (029)",,"37.944 N 123.466 W (37°56'40"" N 123°27'59"" W)",P
46215,22,2004,2025,0,,,0,,,0,,,0,,,0,,,0,,,0,,,0,,,0,"spec,stdmet,swden,swdir,swdir2,swr1,swr2",False,"Diablo Canyon, CA (076)",35.204,-120.859,0.0,SCRIPPS,IOOS Partners,buoy,True,False,False,False,R,Waverider Buoy,,"Diablo Canyon, CA (076)",,"35.204 N 120.859 W (35°12'14"" N 120°51'34"" W)",P
46216,13,2004,2016,0,,,0,,,0,,,0,,,0,,,0,,,0,,,0,,,0,,False,,,,,,,,,,,,R,Waverider Buoy,,"Goleta Point, CA (107)",,"34.333 N 119.803 W (34°20'0"" N 119°48'12"" W)",P
46217,16,2004,2019,0,,,0,,,0,,,0,,,0,,,0,,,0,,,0,,,0,,False,,,,,,,,,,,,R,Waverider Buoy,,"Anacapa Passage, CA (111)",,"34.167 N 119.435 W (34°10'1"" N 119°26'5"" W)",P
46218,22,2004,2025,0,,,0,,,0,,,0,,,0,,,0,,,0,,,0,,,0,"spec,stdmet,swden,swdir,swdir2,swr1,swr2",False,"Harvest, CA (071)",34.452,-120.78,0.0,SCRIPPS,IOOS Partners,buoy,True,False,False,False,R,Waverider Buoy,,"Harvest, CA (071)",,"34.452 N 120.780 W (34°27'5"" N 120°46'48"" W)",P
46219,20,2004,2025,0,,,0,,,0,,,0,,,0,,,0,,,0,,,0,,,0,"spec,stdmet,swden,swdir,swdir2,swr1,swr2",False,"San Nicolas Island, CA (067)",33.226,-119.891,0.0,SCRIPPS,IOOS Partners,buoy,True,False,False,False,R,Waverider Buoy,,"San Nicolas Island, CA (067)",,"33.226 N 119.891 W (33°13'32"" N 119°53'29"" W)",P
46220,1,2004,2004,0,,,0,,,0,,,0,,,0,,,0,,,0,,,0,,,0,,False,,,,,,,,,,,,R,Waverider Buoy,,"El Porto, CA (125)",,"33.897 N 118.446 W (33°53'48"" N 118°26'45"" W)",P
46221,22,2004,2025,0,,,0,,,0,,,0,,,0,,,0,,,0,,,0,,,0,"spec,stdmet,swden,swdir,swdir2,swr1,swr2",False,"Santa Monica Bay, CA (028)",33.86,-118.641,0.0,SCRIPPS,IOOS Partners,buoy,True,False,False,False,R,Waverider Buoy,,"Santa Monica Bay, CA (028)",,"33.860 N 118.641 W (33°51'36"" N 118°38'28"" W)",P
46222,22,2004,2025,0,,,0,,,0,,,0,,,0,,,0,,,0,,,0,,,0,"spec,stdmet,swden,swdir,swdir2,swr1,swr2",False,"San Pedro, CA (092)",33.614,-118.314,0.0,SCRIPPS,IOOS Partners,buoy,True,False,False,False,R,Waverider Buoy,,"San Pedro, CA (092)",,"33.614 N 118.314 W (33°36'51"" N 118°18'51"" W)",P
46223,13,2004,2016,0,,,0,,,0,,,0,,,0,,,0,,,0,,,0,,,0,,False,,,,,,,,,,,,R,Waverider Buoy,,"Dana Point, CA (096)",,"33.458 N 117.767 W (33°27'29"" N 117°46'2"" W)",P
46224,22,2004,2025,0,,,0,,,0,,,0,,,0,,,1,2017,2017,0,,,0,,,0,"spec,stdmet,swden,swdir,swdir2,swr1,swr2",False,"Oceanside Offshore, CA (045)",33.178,-117.472,0.0,SCRIPPS,IOOS Partners,buoy,True,False,False,False,R,Waverider Buoy,,"Oceanside Offshore, CA (045)",,"33.178 N 117.472 W (33°10'40"" N 117°28'20"" W)",P
46225,22,2004,2025,0,,,0,,,0,,,0,,,0,,,0,,,0,,,0,,,0,"spec,stdmet,swden,swdir,swdir2,swr1,swr2",False,"Torrey Pines Outer, CA (100)",32.933,-117.391,0.0,SCRIPPS,IOOS Partners,buoy,True,False,False,False,R,Waverider Buoy,,"Torrey Pines Outer, CA (100)",,"32.933 N 117.391 W (32°55'59"" N 117°23'27"" W)",P
46226,2,2004,2005,0,,,0,,,0,,,0,,,0,,,0,,,0,,,0,,,0,,False,,,,,,,,,,,,R,Waverider Buoy,,"Point La Jolla, CA (095)",,"32.848 N 117.353 W (32°50'53"" N 117°21'12"" W)",P
46227,1,2005,2005,0,,,0,,,0,,,0,,,0,,,0,,,0,,,0,,,0,,False,,,,,,,,,,,,R,Waverider Buoy,,"Point Loma, CA (091)",,"32.632 N 117.444 W (32°37'55"" N 117°26'40"" W)",P
46228,2,2004,2005,0,,,0,,,0,,,0,,,0,,,0,,,0,,,0,,,0,,False,,,,,,,,,,,,R,Waverider Buoy,,"Pitas Point, CA (130)",,"34.317 N 119.417 W (34°19'0"" N 119°25'0"" W)",P
46229,21,2005,2025,0,,,0,,,0,,,0,,,0,,,0,,,0,,,0,,,0,"spec,stdmet,swden,swdir,swdir2,swr1,swr2",False,"UMPQUA OFFSHORE, OR (139)",43.772,-124.549,0.0,SCRIPPS,IOOS Partners,buoy,True,False,False,False,R,Waverider Buoy,,"UMPQUA OFFSHORE, OR (139)",,"43.772 N 124.549 W (43°46'20"" N 124°32'56"" W)",P
46230,2,2005,2006,0,,,0,,,0,,,0,,,0,,,0,,,0,,,0,,,0,,False,,,,,,,,,,,,R,Waverider Buoy,,"Huntington Beach Nearshore, CA (172)",,"33.623 N 118.012 W (33°37'23"" N 118°0'43"" W)",P
46231,12,2005,2016,0,,,0,,,0,,,0,,,0,,,0,,,0,,,0,,,0,,False,,,,,,,,,,,,R,Waverider Buoy,,"Mission Bay, CA (093)",,"32.747 N 117.370 W (32°44'48"" N 117°22'12"" W)",P
46232,20,2006,2025,0,,,0,,,0,,,0,,,0,,,0,,,0,,,0,,,0,"spec,stdmet,swden,swdir,swdir2,swr1,swr2",False,"Point Loma South, CA  (191)",32.517,-117.425,0.0,SCRIPPS,IOOS Partners,buoy,True,False,False,False,R,Waverider Buoy,,"Point Loma South, CA  (191)",,"32.517 N 117.425 W (32°31'1"" N 117°25'31"" W)",P
46233,2,2006,2007,0,,,0,,,0,,,0,,,0,,,1,2007,2007,0,,,0,,,0,,False,,,,,,,,,,,,SC,Offshore Buoy,,SCCOOS San Diego Mooring,,"32.936 N 117.320 W (32°56'10"" N 117°19'11"" W)",P
46234,3,2007,2009,0,,,0,,,0,,,0,,,0,,,0,,,0,,,0,,,0,,False,,,,,,,,,,,,R,Waverider Buoy,,"Port Hueneme Nearshore, CA (141)",,"34.100 N 119.168 W (34°6'0"" N 119°10'3"" W)",P
46235,12,2007,2025,0,,,0,,,0,,,0,,,0,,,1,2025,2025,0,,,0,,,0,,False,"Imperial Beach Nearshore, CA (155)",32.57,-117.169,,SCRIPPS,IOOS Partners,buoy,False,False,False,False,R,Waverider Buoy,,"Imperial Beach Nearshore, CA (155)",,"32.570 N 117.169 W (32°34'11"" N 117°10'8"" W)",P
46236,11,2007,2025,0,,,0,,,0,,,0,,,0,,,0,,,0,,,0,,,0,"adcp,spec,stdmet,swden,swdir,swdir2,swr1,swr2",False,"Monterey Canyon Outer, CA  (156)",36.759,-121.95,0.0,SCRIPPS,IOOS Partners,buoy,True,True,False,False,R,Waverider Buoy,,"Monterey Canyon Outer, CA  (156)",,"36.759 N 121.950 W (36°45'33"" N 121°57'1"" W)",P
46237,19,2007,2025,0,,,0,,,0,,,0,,,0,,,9,2017,2025,0,,,0,,,0,,False,"San Francisco Bar, CA  (142)",37.788,-122.634,0.0,SCRIPPS,IOOS Partners,buoy,False,False,False,False,R,Waverider Buoy,,"San Francisco Bar, CA  (142)",,"37.788 N 122.634 W (37°47'16"" N 122°38'1"" W)",P
46238,6,2008,2013,0,,,0,,,0,,,0,,,0,,,0,,,0,,,0,,,0,,False,,,,,,,,,,,,R,Waverider Buoy,,"Santa Cruz Basin, CA (167)",,"33.760 N 119.550 W (33°45'36"" N 119°33'0"" W)",P
46239,18,2008,2025,0,,,0,,,0,,,0,,,0,,,3,2023,2025,0,,,0,,,0,"adcp,spec,stdmet,swden,swdir,swdir2,swr1,swr2",False,"Point Sur, CA (157)",36.342,-122.11,0.0,SCRIPPS,IOOS Partners,buoy,True,True,False,False,R,Waverider Buoy,,"Point Sur, CA (157)",,"36.342 N 122.110 W (36°20'30"" N 122°6'35"" W)",P
46240,17,2009,2025,0,,,0,,,0,,,0,,,0,,,0,,,0,,,0,,,0,,False,,,,,,,,,,,,R,Waverider Buoy,,"Cabrillo Point, Monterey Bay, CA  (158)",,"36.626 N 121.907 W (36°37'35"" N 121°54'25"" W)",P
46241,4,2009,2012,0,,,0,,,0,,,0,,,0,,,0,,,0,,,0,,,0,,False,,,,,,,,,,,,R,Waverider Buoy,,"San Elijo Nearshore, CA (161)",,"33.003 N 117.292 W (33°0'10"" N 117°17'30"" W)",P
46242,11,2009,2019,0,,,0,,,0,,,0,,,0,,,0,,,0,,,0,,,0,,False,,,,,,,,,,,,R,Waverider Buoy,,"Camp Pendleton Nearshore, CA  (043)",,"33.220 N 117.439 W (33°13'11"" N 117°26'22"" W)",P
46243,17,2009,2025,0,,,0,,,0,,,0,,,0,,,1,2025,2025,0,,,0,,,0,"spec,stdmet,swden,swdir,swdir2,swr1,swr2",False,"Clatsop Spit, OR (162)",46.215,-124.129,0.0,SCRIPPS,IOOS Partners,buoy,True,False,False,False,R,Waverider Buoy,,"Clatsop Spit, OR (162)",,"46.215 N 124.129 W (46°12'54"" N 124°7'43"" W)",P
46244,16,2010,2025,0,,,0,,,0,,,0,,,0,,,3,2023,2025,0,,,0,,,0,"spec,stdmet,swden,swdir,swdir2,swr1,swr2",False,"Humboldt Bay, North Spit, CA (168)",40.896,-124.358,0.0,SCRIPPS,IOOS Partners,buoy,True,False,False,False,R,Waverider Buoy,,"Humboldt Bay, North Spit, CA (168)",,"40.896 N 124.358 W (40°53'44"" N 124°21'29"" W)",P
46245,2,2010,2011,0,,,0,,,0,,,0,,,0,,,0,,,0,,,0,,,0,,False,,,,,,,,,,,,R,Waverider Buoy,,"Ventura Nearshore, CA - 169",,"34.251 N 119.308 W (34°15'3"" N 119°18'28"" W)",P
46246,16,2010,2025,0,,,0,,,0,,,0,,,0,,,0,,,0,,,0,,,0,"spec,stdmet,swden,swdir,swdir2,swr1,swr2",False,Ocean Station PAPA  (166),49.903,-145.246,0.0,"APL-UW, University of Washington Applied Physics Laboratory",IOOS Partners,buoy,True,False,False,False,WQ,Waverider Buoy,,Ocean Station PAPA  (166),,"49.903 N 145.246 W (49°54'11"" N 145°14'44"" W)",P
46247,2,2011,2012,0,,,0,,,0,,,0,,,0,,,0,,,0,,,0,,,0,,False,,,,,,,,,,,,R,Waverider Buoy,,"San Francisco Offshore, CA  (180)",,"37.753 N 122.833 W (37°45'12"" N 122°50'0"" W)",P
46248,15,2011,2025,0,,,0,,,0,,,0,,,0,,,0,,,0,,,0,,,0,"spec,stdmet,swden,swdir,swdir2,swr1,swr2",False,"Astoria Canyon, OR  (179)",46.133,-124.64,0.0,SCRIPPS,IOOS Partners,buoy,True,False,False,False,R,Waverider Buoy,,"Astoria Canyon, OR  (179)",,"46.133 N 124.640 W (46°8'0"" N 124°38'24"" W)",P
46249,2,2011,2012,0,,,0,,,0,,,0,,,0,,,0,,,0,,,0,,,0,,False,,,,,,,,,,,,R,Waverider Buoy,,"Santa Cruz Island South, CA (182)",,"33.821 N 119.708 W (33°49'17"" N 119°42'30"" W)",P
46250,1,2011,2011,0,,,0,,,0,,,0,,,0,,,0,,,0,,,0,,,0,,False,,,,,,,,,,,,R,Waverider Buoy,,"Point Mugu Offshore, CA - 184",,"34.034 N 119.090 W (34°2'3"" N 119°5'24"" W)",P
46251,13,2013,2025,0,,,0,,,0,,,0,,,0,,,0,,,0,,,0,,,0,"spec,stdmet,swden,swdir,swdir2,swr1,swr2",False,"Santa Cruz Basin, CA (203)",33.769,-119.565,0.0,SCRIPPS,IOOS Partners,buoy,True,False,False,False,R,Waverider Buoy,,"Santa Cruz Basin, CA (203)",,"33.769 N 119.565 W (33°46'8"" N 119°33'53"" W)",P
46252,2,2014,2015,0,,,0,,,0,,,0,,,0,,,0,,,0,,,0,,,0,,False,,,,,,,,,,,,XX,Waverider Buoy,,"Anacapa Passage South, CA (212)",,"33.953 N 119.257 W (33°57'10"" N 119°15'24"" W)",P
46253,12,2014,2025,0,,,0,,,0,,,0,,,0,,,0,,,0,,,0,,,0,"spec,stdmet,swden,swdir,swdir2,swr1,swr2",False,"San Pedro South, CA (213)",33.576,-118.182,0.0,SCRIPPS,IOOS Partners,buoy,True,False,False,False,R,Waverider Buoy,,"San Pedro South, CA (213)",,"33.576 N 118.182 W (33°34'34"" N 118°10'54"" W)",P
46254,11,2015,2025,0,,,0,,,0,,,0,,,0,,,0,,,0,,,0,,,0,"spec,stdmet,swden,swdir,swdir2,swr1,swr2",False,"SCRIPPS Nearshore, CA (201)",32.868,-117.267,0.0,SCRIPPS,IOOS Partners,buoy,True,False,False,False,R,Waverider Buoy,,"SCRIPPS Nearshore, CA (201)",,"32.868 N 117.267 W (32°52'5"" N 117°16'0"" W)",P
46255,3,2015,2017,0,,,0,,,0,,,0,,,0,,,0,,,0,,,0,,,0,,False,,,,,,,,,,,,WQ,Waverider Buoy,,"Begg Rock, CA  (138)",,"33.400 N 119.651 W (33°24'0"" N 119°39'5"" W)",P
46256,11,2015,2025,0,,,0,,,0,,,0,,,0,,,0,,,0,,,0,,,0,"spec,stdmet,swden,swdir,swdir2,swr1,swr2",False,"Long Beach Channel, CA (215)",33.7,-118.201,0.0,SCRIPPS,IOOS Partners,buoy,True,False,False,False,R,Waverider Buoy,,"Long Beach Channel, CA (215)",,"33.700 N 118.201 W (33°42'1"" N 118°12'2"" W)",P
46257,3,2015,2017,0,,,0,,,0,,,0,,,0,,,0,,,0,,,0,,,0,,False,,,,,,,,,,,,R,Waverider Buoy,,"Harvest Southeast, CA (216)",,"34.439 N 120.766 W (34°26'20"" N 120°45'56"" W)",P
46258,10,2016,2025,0,,,0,,,0,,,0,,,0,,,0,,,0,,,0,,,0,"spec,stdmet,swden,swdir,swdir2,swr1,swr2",False,"Mission Bay West, CA (220)",32.749,-117.502,0.0,SCRIPPS,IOOS Partners,buoy,True,False,False,False,R,Waverider Buoy,,"Mission Bay West, CA (220)",,"32.749 N 117.502 W (32°44'58"" N 117°30'6"" W)",P
46259,10,2016,2025,0,,,0,,,0,,,0,,,0,,,0,,,0,,,0,,,0,"spec,stdmet,swden,swdir,swdir2,swr1,swr2",False,"Santa Lucia Escarpment, CA (222)",34.774,-121.491,0.0,U.S. Army Corps of Engineers,IOOS Partners,buoy,True,False,False,False,AC,Waverider Buoy,,"Santa Lucia Escarpment, CA (222)",,"34.774 N 121.491 W (34°46'26"" N 121°29'28"" W)",P
46260,2,2017,2018,0,,,0,,,0,,,0,,,0,,,0,,,0,,,0,,,0,,False,,,,,,,,,,,,RE,Waverider Buoy,,"Lakeside, OR (231)",,"43.586 N 124.290 W (43°35'11"" N 124°17'23"" W)",P
46261,2,2017,2018,0,,,0,,,0,,,0,,,0,,,0,,,0,,,0,,,0,,False,,,,,,,,,,,,RE,Waverider Buoy,,"Reedsport, OR (232)",,"43.760 N 124.225 W (43°45'37"" N 124°13'30"" W)",P
46262,2,2017,2018,0,,,0,,,0,,,0,,,0,,,0,,,0,,,0,,,0,,False,,,,,,,,,,,,R,Waverider Buoy,,"Santa Barbara Island North, CA (234)",,"33.704 N 119.004 W (33°42'14"" N 119°0'14"" W)",P
46263,2,2017,2018,0,,,0,,,0,,,0,,,0,,,0,,,0,,,0,,,0,,False,,,,,,,,,,,,RE,Waverider Buoy,,"Fort Bragg South, CA (235)",,"39.370 N 123.912 W (39°22'11"" N 123°54'44"" W)",P
46264,5,2017,2021,0,,,0,,,0,,,0,,,0,,,3,2017,2019,0,,,0,,,0,,False,,,,,,,,,,,,RE,Waverider Buoy,,"Kodiak, AK (236)",,"57.479 N 151.695 W (57°28'46"" N 151°41'43"" W)",A
46265,4,2018,2022,0,,,0,,,0,,,0,,,0,,,2,2018,2019,0,,,0,,,0,,False,"Nome, AK (241)",64.474,-165.479,0.0,Alaska Ocean Observing System,IOOS Partners,buoy,False,False,False,False,AS,Waverider Buoy,,"Nome, AK (241)",,"64.474 N 165.479 W (64°28'26"" N 165°28'44"" W)",A
46266,7,2019,2025,0,,,0,,,0,,,0,,,0,,,4,2019,2022,0,,,0,,,0,"spec,stdmet,swden,swdir,swdir2,swr1,swr2",False,"Del Mar Nearshore, CA (153)",32.957,-117.279,0.0,U.S. Army Corps of Engineers,IOOS Partners,buoy,True,False,False,False,AC,Waverider Buoy,,"Del Mar Nearshore, CA (153)",,"32.957 N 117.279 W (32°57'24"" N 117°16'46"" W)",P
46267,6,2020,2025,0,,,0,,,0,,,0,,,0,,,6,2020,2025,0,,,0,,,0,"adcp,spec,stdmet,swden,swdir,swdir2,swr1,swr2",False,"Angeles Point, WA (248)",48.171,-123.6,0.0,SCRIPPS,IOOS Partners,buoy,True,True,False,False,R,Waverider Buoy,,"Angeles Point, WA (248)",,"48.171 N 123.600 W (48°10'14"" N 123°36'1"" W)",P
46268,6,2020,2025,0,,,0,,,0,,,0,,,0,,,6,2020,2025,0,,,0,,,0,"adcp,spec,stdmet,swden,swdir,swdir2,swr1,swr2",False,"Topanga Nearshore, CA (103)",34.022,-118.578,0.0,SCRIPPS,IOOS Partners,buoy,True,True,False,False,R,Waverider Buoy,,"Topanga Nearshore, CA (103)",,"34.022 N 118.578 W (34°1'19"" N 118°34'42"" W)",P
46269,4,2020,2023,0,,,0,,,0,,,0,,,0,,,4,2020,2023,0,,,0,,,0,,False,,,,,,,,,,,,R,Waverider Buoy,,"Point Santa Cruz, CA (254)",,"36.934 N 122.034 W (36°56'4"" N 122°2'2"" W)",P
46273,4,2021,2025,0,,,0,,,0,,,0,,,0,,,0,,,0,,,0,,,0,,False,"Torrey Pines Inner, CA (101)",32.93,-117.274,0.0,SCRIPPS,IOOS Partners,buoy,False,False,False,False,R,Waverider Buoy,,"Torrey Pines Inner, CA (101)",,"32.930 N 117.274 W (32°55'47"" N 117°16'25"" W)",P
46274,4,2022,2025,0,,,0,,,0,,,0,,,0,,,0,,,0,,,0,,,0,"spec,stdmet,swden,swdir,swdir2,swr1,swr2",False,"Leucadia Nearshore, CA (262)",33.062,-117.314,,SCRIPPS,IOOS Partners,buoy,True,False,False,False,R,Waverider Buoy,,"Leucadia Nearshore, CA (262)",,"33.062 N 117.314 W (33°3'43"" N 117°18'51"" W)",P
46275,4,2022,2025,0,,,0,,,0,,,0,,,0,,,3,2023,2025,0,,,0,,,0,"adcp,spec,stdmet,swden,swdir,swdir2,swr1,swr2",False,"Red Beach Nearshore, CA (264)",33.291,-117.501,0.0,SCRIPPS,IOOS Partners,buoy,True,True,False,False,R,Waverider Buoy,,"Red Beach Nearshore, CA (264)",,"33.291 N 117.501 W (33°17'27"" N 117°30'5"" W)",P
46276,3,2023,2025,0,,,0,,,0,,,0,,,0,,,3,2023,2025,0,,,0,,,0,,False,,,,,,,,,,,,R,Waverider Buoy,,"Pajaro Beach, CA (266)",,"36.845 N 121.825 W (36°50'42"" N 121°49'29"" W)",P
46277,3,2023,2025,0,,,0,,,0,,,0,,,0,,,3,2023,2025,0,,,0,,,0,"adcp,spec,stdmet,swden,swdir,swdir2,swr1,swr2",False,"Green Beach Offshore, CA (271)",33.336,-117.659,0.0,SCRIPPS,IOOS Partners,buoy,True,True,False,False,R,Waverider Buoy,,"Green Beach Offshore, CA (271)",,"33.336 N 117.659 W (33°20'11"" N 117°39'31"" W)",P
46278,3,2023,2025,0,,,0,,,0,,,0,,,0,,,3,2023,2025,0,,,0,,,0,"adcp,spec,stdmet,swden,swdir,swdir2,swr1,swr2",False,"Tillamook Bay South Jetty, OR (270)",45.559,-123.991,0.0,SCRIPPS,IOOS Partners,buoy,True,True,False,False,R,Waverider Buoy,,"Tillamook Bay South Jetty, OR (270)",,"45.559 N 123.991 W (45°33'33"" N 123°59'27"" W)",P
46279,3,2023,2025,0,,,0,,,0,,,0,,,0,,,0,,,0,,,0,,,0,,False,,,,,,,,,,,,R,Waverider Buoy,,"Pajaro Beach South, CA (267)",,"36.838 N 121.820 W (36°50'17"" N 121°49'13"" W)",P
46280,2,2024,2025,0,,,0,,,0,,,0,,,0,,,0,,,0,,,0,,,0,,False,Newport PWS North (277),44.575,-124.234,0.0,National Laboratory of the Rockies (NLR),IOOS Partners,buoy,False,False,False,False,RE,Waverider Buoy,,Newport PWS North (277),,"44.575 N 124.234 W (44°34'31"" N 124°14'1"" W)",P
46281,2,2024,2025,0,,,0,,,0,,,0,,,0,,,0,,,0,,,0,,,0,,False,"Newport PWS South, OR (278)",44.559,-124.233,0.0,National Laboratory of the Rockies (NLR),IOOS Partners,buoy,False,False,False,False,RE,Waverider Buoy,,"Newport PWS South, OR (278)",,"44.559 N 124.233 W (44°33'31"" N 124°13'58"" W)",P
46282,1,2024,2024,0,,,0,,,0,,,0,,,0,,,1,2024,2024,0,,,0,,,0,,False,,,,,,,,,,,,R,Waverider Buoy,,"Aptos Creek Nearshore, CA 275",,"36.951 N 121.921 W (36°57'4"" N 121°55'16"" W)",P
46283,2,2024,2025,0,,,0,,,0,,,0,,,0,,,0,,,0,,,0,,,0,,False,"Yaquina Channel SW, OR (280)",44.567,-124.237,0.0,National Laboratory of the Rockies (NLR),IOOS Partners,buoy,False,False,False,False,RE,Waverider Buoy,,"Yaquina Channel SW, OR (280)",,"44.567 N 124.237 W (44°34'0"" N 124°14'15"" W)",P
46284,2,2024,2025,0,,,0,,,0,,,0,,,0,,,2,2024,2025,0,,,0,,,0,,False,,,,,,,,,,,,R,Waverider Buoy,,"Soquel Cove South, CA (281)",,"36.930 N 121.934 W (36°55'48"" N 121°56'3"" W)",P
46285,1,2025,2025,0,,,0,,,0,,,0,,,0,,,0,,,0,,,0,,,0,"spec,stdmet,swden,swdir,swdir2,swr1,swr2",False,"Capistrano Beach Nearshore, CA (284)",33.445,-117.68,0.0,SCRIPPS,IOOS Partners,buoy,True,False,False,False,R,Waverider Buoy,,"Capistrano Beach Nearshore, CA (284)",,"33.445 N 117.680 W (33°26'43"" N 117°40'49"" W)",P
46286,0,,,0,,,0,,,0,,,0,,,0,,,0,,,0,,,0,,,0,"spec,stdmet,swden",False,"Avila Beach Nearshore, CA (285)",35.164,-120.737,0.0,National Laboratory of the Rockies (NLR),IOOS Partners,buoy,True,False,False,False,RE,Waverider Buoy,,"Avila Beach Nearshore, CA (285)",,"35.164 N 120.737 W (35°9'50"" N 120°44'15"" W)",P
46303,0,,,0,,,0,,,0,,,0,,,0,,,0,,,0,,,0,,,0,stdmet,False,Southern Georgia Strait,49.02,-123.43,0.0,Environment and Climate Change Canada,International Partners,buoy,True,False,False,False,C,3-meter discus buoy,,Southern Georgia Strait,,"49.020 N 123.430 W (49°1'12"" N 123°25'48"" W)",?
46304,0,,,0,,,0,,,0,,,0,,,0,,,0,,,0,,,0,,,0,stdmet,False,Entrance To English Bay,49.3,-123.36,0.0,Environment and Climate Change Canada,International Partners,buoy,True,False,False,False,C,3-meter discus buoy,,Entrance To English Bay,,"49.300 N 123.360 W (49°18'0"" N 123°21'36"" W)",?
46401,0,,,0,,,0,,,0,,,0,,,0,,,0,,,0,,,0,,,0,,False,,,,,,,,,,,,N,2.6-meter discus buoy,,"SOUTHEAST ADAK - 377NM SE of Adak, AK",DART I payload,"46.638 N 170.790 W (46°38'15"" N 170°47'24"" W)",?
46402,0,,,0,,,0,,,0,,,0,,,0,,,0,,,0,,,0,,,0,,False," South Dutch Harbor - 220 NM SSE of Dutch Harbor, AK",50.913,-164.147,,NDBC,Tsunami,dart,False,False,False,True,N,2.6-meter discus buoy,2.6D21,"South Dutch Harbor - 220 NM SSE of Dutch Harbor, AK",DART II payload,"50.913 N 164.147 W (50°54'48"" N 164°8'48"" W)",?
46403,0,,,0,,,0,,,0,,,0,,,0,,,0,,,0,,,0,,,0,,False,"SOUTHEAST SHUMAGIN ISLAND - 186 NM SE of Shumagin Is, AK",52.7,-156.983,,NDBC,Tsunami,dart,False,False,False,True,N,2.6-meter discus buoy,2.6D104,"SOUTHEAST SHUMAGIN ISLAND - 186 NM SE of Shumagin Is, AK",DART 4G payload,"52.700 N 156.983 W (52°42'0"" N 156°59'0"" W)",?
46404,0,,,0,,,0,,,0,,,0,,,0,,,0,,,0,,,0,,,0,,False,"WEST ASTORIA - 230 NM West of Astoria, OR",45.852,-128.745,0.0,NDBC,Tsunami,dart,False,False,False,True,N,2.6-meter discus buoy,2.6D99,"WEST ASTORIA - 230 NM West of Astoria, OR",DART II payload,"45.852 N 128.745 W (45°51'8"" N 128°44'41"" W)",?
46405,0,,,0,,,0,,,0,,,0,,,0,,,0,,,0,,,0,,,0,,False,,,,,,,,,,,,N,2.6-meter discus buoy,,"325 NM West-Southwest of Newport, OR",DART I payload,"42.903 N 130.909 W (42°54'11"" N 130°54'32"" W)",?
46406,0,,,0,,,0,,,0,,,0,,,0,,,0,,,0,,,0,,,0,,False,,,,,,,,,,,,N,2.6-meter discus buoy,,"2,900 NM Southeast of Hawaii",DART I payload,"8.491 S 125.022 W (8°29'26"" S 125°1'21"" W)",?
46407,0,,,0,,,0,,,0,,,0,,,0,,,0,,,0,,,0,,,0,,False,"NEWPORT - 210NM West of Coos Bay, OR",42.704,-128.895,,NDBC,Tsunami,dart,False,False,False,True,N,2.6-meter discus buoy,2.6D41,"NEWPORT - 210NM West of Coos Bay, OR",DART II payload,"42.704 N 128.895 W (42°42'14"" N 128°53'42"" W)",?
46408,0,,,0,,,0,,,0,,,0,,,0,,,0,,,0,,,0,,,0,,False," NIKOLSKI - 212 NM South of Umnak Is, AK",49.677,-169.825,,NDBC,Tsunami,dart,False,False,False,False,N,2.6-meter discus buoy,,"NIKOLSKI - 212 NM South of Umnak Is, AK",DART II payload,"49.677 N 169.825 W (49°40'36"" N 169°49'30"" W)",?
46409,0,,,0,,,0,,,0,,,0,,,0,,,0,,,0,,,0,,,0,,False,"SOUTHEAST KODIAK - 210 NM SE of Kodiak, AK",55.338,-148.575,,NDBC,Tsunami,dart,False,False,False,True,N,2.6-meter discus buoy,2.6D49,"SOUTHEAST KODIAK - 210 NM SE of Kodiak, AK",DART II payload,"55.338 N 148.575 W (55°20'15"" N 148°34'30"" W)",?
46410,0,,,0,,,0,,,0,,,0,,,0,,,0,,,0,,,0,,,0,,False,"SOUTH CORDOVA - 188 NM SSE of Cordova, AK",57.641,-143.771,0.0,NDBC,Tsunami,dart,False,False,False,True,N,2.6-meter discus buoy,2.6D54,"SOUTH CORDOVA - 188 NM SSE of Cordova, AK",DART 4G payload,"57.641 N 143.771 W (57°38'27"" N 143°46'14"" W)",?
46411,0,,,0,,,0,,,0,,,0,,,0,,,0,,,0,,,0,,,0,,False,"Mendocino - 150 NM West of  Mendocino Bay, CA",39.337,-127.04,,NDBC,Tsunami,dart,False,False,False,True,N,2.6-meter discus buoy,2.6D60,"Mendocino - 150 NM West of  Mendocino Bay, CA",DART II payload,"39.337 N 127.040 W (39°20'13"" N 127°2'24"" W)",?
46412,0,,,0,,,0,,,0,,,0,,,0,,,0,,,0,,,0,,,0,,False,,,,,,,,,,,,N,2.6-meter discus buoy,2.6D70,"San Diego - 175 NM West of San Diego, CA",DART II payload,"32.400 N 120.582 W (32°24'0"" N 120°34'54"" W)",?
46413,0,,,0,,,0,,,0,,,0,,,0,,,0,,,0,,,0,,,0,,False,"SOUTH-SOUTHEAST ADAK - 243 NM SSE of Adak Island, AK",48.031,-173.766,,NDBC,Tsunami,dart,False,False,False,True,N,2.6-meter discus buoy,2.6D103,"SOUTH-SOUTHEAST ADAK - 243 NM SSE of Adak Island, AK",DART 4G payload,"48.031 N 173.766 W (48°1'53"" N 173°45'56"" W)",?
46414,0,,,0,,,0,,,0,,,0,,,0,,,0,,,0,,,0,,,0,,False,"SOUTHEAST CHIRIKOF - 165 NM SE of Chirikof Island, AK",53.756,-152.456,,NDBC,Tsunami,dart,False,False,False,True,N,2.6 meter DART buoy,2.6D57,"SOUTHEAST CHIRIKOF - 165 NM SE of Chirikof Island, AK",DART 4G payload,"53.756 N 152.456 W (53°45'23"" N 152°27'20"" W)",A
46415,0,,,0,,,0,,,0,,,0,,,0,,,0,,,0,,,0,,,0,,False,"SOUTHWEST JUNEAU - 370 NM SW of Juneau, AK",53.029,-139.889,0.0,NDBC,Tsunami,dart,False,False,False,True,N,2.6-meter discus buoy,2.6D101,"SOUTHWEST JUNEAU - 370 NM SW of Juneau, AK",DART 4G payload,"53.029 N 139.889 W (53°1'45"" N 139°53'20"" W)",?
46416,0,,,0,,,0,,,0,,,0,,,0,,,0,,,0,,,0,,,0,,False,"WEST VANCOUVER - 442NM West of Vancouver, BC, Canada",49.939,-134.427,,NDBC,Tsunami,dart,False,False,False,True,N,2.6 meter DART buoy,2.6D08,"WEST VANCOUVER - 442NM West of Vancouver, BC, Canada",DART II payload,"49.939 N 134.427 W (49°56'19"" N 134°25'38"" W)",?
46419,0,,,0,,,0,,,0,,,0,,,0,,,0,,,0,,,0,,,0,,False,"NORTHWEST SEATTLE - 300 NM WNW of Seattle, WA",48.816,-129.614,0.0,NDBC,Tsunami,dart,False,False,False,False,N,2.6 meter DART buoy,2.6D96,"NORTHWEST SEATTLE - 300 NM WNW of Seattle, WA",DART 4G payload,"48.816 N 129.614 W (48°48'58"" N 129°36'49"" W)",?
46451,0,,,0,,,0,,,0,,,0,,,0,,,0,,,0,,,0,,,0,,False,,,,,,,,,,,,PD,Buoy,,"PMEL 4G Test 1 - 83NM W of Newport, OR",DART 4G payload,"44.815 N 125.699 W (44°48'54"" N 125°41'58"" W)",
46452,0,,,0,,,0,,,0,,,0,,,0,,,0,,,0,,,0,,,0,,False,,,,,,,,,,,,PD,Buoy,,"PMEL 4G Test 2 - 74NM West of Newport, OR",DART 4G payload,"44.807 N 125.759 W (44°48'26"" N 125°45'32"" W)",
46453,0,,,0,,,0,,,0,,,0,,,0,,,0,,,0,,,0,,,0,"spec,stdmet",False,Backyard Buoys - Quinault North,47.45,-124.43,,Quinault Indian Nation,IOOS Partners,other,True,False,False,False,QI,Spotter Buoy,,Backyard Buoys - Quinault North,,"47.450 N 124.430 W (47°27'0"" N 124°25'48"" W)",P
46482,0,,,0,,,0,,,0,,,0,,,0,,,0,,,0,,,0,,,0,,False,,,,,,,,,,,,,,,,,,
46483,0,,,0,,,0,,,0,,,0,,,0,,,0,,,0,,,0,,,0,,False,,,,,,,,,,,,,,,,,,
46A35,1,2001,2001,1,2001,2001,0,,,0,,,0,,,0,,,0,,,0,,,0,,,0,,False,,,,,,,,,,,,,,,,,,
46A54,1,1996,1996,1,1996,1996,1,1996,1996,0,,,0,,,0,,,0,,,0,,,0,,,0,,False,,,,,,,,,,,,,,,,,,
47072,1,2003,2003,0,,,0,,,0,,,0,,,0,,,0,,,0,,,0,,,0,,False,,,,,,,,,,,,,,,,,,
48011,2,2000,2001,2,2000,2001,2,2000,2001,2,2000,2001,2,2000,2001,2,2000,2001,0,,,0,,,0,,,2,,False,,,,,,,,,,,,N,3-meter discus buoy,42,Red Dog Mine,DACT payload,"67.582 N 164.185 W (67°34'54"" N 164°11'6"" W)",P
48012,3,2013,2015,0,,,0,,,0,,,0,,,0,,,0,,,0,,,0,,,0,,False,,,,,,,,,,,,AF,Buoy,,Point Lay (UAF),,"70.025 N 166.071 W (70°1'30"" N 166°4'16"" W)",?
48114,2,2014,2015,0,,,0,,,0,,,0,,,0,,,0,,,0,,,1,2015,2015,0,,False,,,,,,,,,,,,AS,Buoy,,30 NM West of King Island,,"65.011 N 169.454 W (65°0'39"" N 169°27'13"" W)",A
48211,3,2011,2013,0,,,0,,,0,,,0,,,0,,,0,,,0,,,0,,,0,,False,,,,,,,,,,,,SB,Buoy,,Camden Bay (Shell Arctic),,"70.370 N 146.040 W (70°22'12"" N 146°2'23"" W)",H
48212,3,2011,2013,0,,,0,,,0,,,0,,,0,,,0,,,0,,,0,,,0,,False,,,,,,,,,,,,SB,Buoy,,Harrison Bay (Shell Arctic),,"70.874 N 150.279 W (70°52'27"" N 150°16'46"" W)",H
48213,4,2012,2015,0,,,0,,,0,,,0,,,0,,,1,2015,2015,0,,,0,,,0,,False,,,,,,,,,,,,SB,Buoy,,Burger,,"71.502 N 164.133 W (71°30'7"" N 164°8'0"" W)",?
48214,4,2012,2015,0,,,0,,,0,,,0,,,0,,,1,2015,2015,0,,,0,,,0,,False,,,,,,,,,,,,SB,Buoy,,Klondike (MOB1),,"70.872 N 165.248 W (70°52'20"" N 165°14'52"" W)",?
48216,1,2015,2015,0,,,0,,,0,,,0,,,0,,,1,2015,2015,0,,,0,,,0,,False,,,,,,,,,,,,SB,Buoy,,Crackerjack (Shell Arctic),,"71.758 N 167.952 W (71°45'30"" N 167°57'8"" W)",?
48400,0,,,0,,,0,,,0,,,0,,,0,,,0,,,0,,,0,,,0,stdmet,False,Ocean Climate Station Papa,50.055,-144.873,0.0,NOAA/PMEL,IOOS Partners,buoy,True,False,False,False,PM,Buoy,,Ocean Climate Station Papa,,"50.055 N 144.873 W (50°3'18"" N 144°52'24"" W)",H
4CONF,1,2020,2020,0,,,0,,,0,,,0,,,0,,,0,,,0,,,0,,,0,,False,,,,,,,,,,,,,,,,,,
4H361,3,2017,2021,0,,,0,,,0,,,0,,,0,,,0,,,0,,,0,,,0,,False,,,,,,,,,,,,,,,,,,
4H363,2,2020,2021,0,,,0,,,0,,,0,,,0,,,0,,,0,,,0,,,0,,False,,,,,,,,,,,,,,,,,,
4H364,1,2017,2017,0,,,0,,,0,,,0,,,0,,,0,,,0,,,0,,,0,,False,,,,,,,,,,,,,,,,,,
4H365,2,2020,2021,0,,,0,,,0,,,0,,,0,,,0,,,0,,,0,,,0,,False,,,,,,,,,,,,,,,,,,
4H390,3,2017,2021,0,,,0,,,0,,,0,,,0,,,0,,,0,,,0,,,0,,False,,,,,,,,,,,,,,,,,,
4H394,3,2017,2021,0,,,0,,,0,,,0,,,0,,,0,,,0,,,0,,,0,,False,,,,,,,,,,,,,,,,,,
51000,17,2009,2025,17,2009,2025,16,2009,2025,16,2009,2025,16,2009,2025,16,2009,2025,0,,,0,,,0,,,16,"spec,stdmet,swden,swdir,swdir2,swr1,swr2",True,NORTHERN HAWAII ONE - 245NM NE of Honolulu HI,23.534,-153.752,0.0,NDBC,NDBC Meteorological/Ocean,buoy,True,False,False,False,N,3-meter foam buoy,3DV43,NORTHERN HAWAII ONE - 245NM NE of Honolulu HI,SCOOP payload,"23.534 N 153.752 W (23°32'3"" N 153°45'9"" W)",H
51001,40,1981,2025,25,1996,2025,16,2005,2025,16,2005,2025,16,2005,2025,16,2005,2025,0,,,0,,,0,,,16,"spec,stdmet,swden,swdir,swdir2,swr1,swr2",True,"NORTHWESTERN HAWAII ONE - 188 NM NW of Kauai Island, HI",24.475,-162.03,,NDBC,NDBC Meteorological/Ocean,buoy,True,False,False,False,N,2.1-meter ionomer foam buoy,2.1D15,"NORTHWESTERN HAWAII ONE - 188 NM NW of Kauai Island, HI",SCOOP payload,"24.475 N 162.030 W (24°28'30"" N 162°1'48"" W)",H
51002,41,1984,2025,29,1996,2025,11,2015,2025,11,2015,2025,11,2015,2025,11,2015,2025,0,,,0,,,0,,,11,"spec,stdmet,swden,swdir,swdir2,swr1,swr2",True,"SOUTHWEST HAWAII - 215NM SSW of Hilo, HI",17.07,-157.755,0.0,NDBC,NDBC Meteorological/Ocean,buoy,True,False,False,False,N,3-meter discus buoy,3D05,"SOUTHWEST HAWAII - 215NM SSW of Hilo, HI",SCOOP payload,"17.070 N 157.755 W (17°4'12"" N 157°45'18"" W)",H
51003,42,1984,2025,30,1996,2025,11,2015,2025,11,2015,2025,11,2015,2025,11,2015,2025,0,,,0,,,0,,,11,"spec,stdmet,swden,swdir,swdir2,swr1,swr2",True,"WESTERN  HAWAII - 205 NM SW of Honolulu, HI",19.151,-160.617,0.0,NDBC,NDBC Meteorological/Ocean,buoy,True,False,False,False,N,3-meter discus buoy,3D37,"WESTERN  HAWAII - 205 NM SW of Honolulu, HI",SCOOP payload,"19.151 N 160.617 W (19°9'2"" N 160°37'0"" W)",H
51004,41,1984,2025,29,1996,2025,16,2009,2025,16,2009,2025,16,2009,2025,16,2009,2025,0,,,0,,,0,,,16,"spec,stdmet,swden,swdir,swdir2,swr1,swr2",True,"SOUTHEAST HAWAII - 205 NM Southeast of Hilo, HI",17.504,-152.197,0.0,NDBC,NDBC Meteorological/Ocean,buoy,True,False,False,False,N,3-meter discus buoy,3D48,"SOUTHEAST HAWAII - 205 NM Southeast of Hilo, HI",SCOOP payload,"17.504 N 152.197 W (17°30'14"" N 152°11'49"" W)",H
51005,4,1985,1988,0,,,0,,,0,,,0,,,0,,,0,,,0,,,0,,,0,,False,,,,,,,,,,,,N,3-meter discus buoy,,,DACT payload,"20.400 N 156.100 W (20°23'60"" N 156°5'60"" W)",H
51026,4,1993,1996,1,1996,1996,1,1996,1996,0,,,0,,,0,,,0,,,0,,,0,,,0,,False,,,,,,,,,,,,N,3-meter discus buoy,17,Northern Molokai,DACT payload,"21.350 N 156.930 W (21°21'0"" N 156°55'48"" W)",H
51027,2,1994,1995,0,,,0,,,0,,,0,,,0,,,0,,,0,,,0,,,0,,False,,,,,,,,,,,,N,3-meter discus buoy,,,DACT payload,"20.400 N 157.100 W (20°23'60"" N 157°5'60"" W)",H
51028,13,1997,2009,12,1997,2008,12,1997,2008,12,1997,2008,12,1997,2008,12,1997,2008,0,,,0,,,0,,,12,,False,,,,,,,,,,,,N,3-meter discus buoy,3D30,Christmas Island,ARES 4.4 payload,"0.000 N 153.913 W (0°0'1"" N 153°54'46"" W)",H
51045,0,,,0,,,0,,,0,,,0,,,0,,,0,,,0,,,7,2019,2025,0,ocean,False,"Hilo Bay, HI",19.734,-155.082,0.0,Pacific Islands Ocean Observing System,IOOS Partners,buoy,False,False,True,False,PO,Buoy,,"Hilo Bay, HI",,"19.734 N 155.082 W (19°44'3"" N 155°4'55"" W)",H
51046,0,,,0,,,0,,,0,,,0,,,0,,,0,,,0,,,7,2019,2025,0,,False,"Kawaihai, HI",20.024,-155.828,0.0,Pacific Islands Ocean Observing System,IOOS Partners,buoy,False,False,False,False,PO,Buoy,,"Kawaihai, HI",,"20.024 N 155.828 W (20°1'27"" N 155°49'41"" W)",H
51100,7,2009,2015,7,2009,2015,7,2009,2015,7,2009,2015,7,2009,2015,7,2009,2015,0,,,0,,,0,,,7,,False,,,,,,,,,,,,N,3-meter discus buoy,3D83,"NORTHERN HAWAII TWO - 252NM NE of Honolulu, HI",AMPS payload,"23.558 N 153.900 W (23°33'30"" N 153°54'0"" W)",H
51101,18,2008,2025,18,2008,2025,18,2008,2025,18,2008,2025,18,2008,2025,18,2008,2025,0,,,0,,,0,,,18,"spec,stdmet,swden,swdir,swdir2,swr1,swr2",True,"NORTHWESTERN HAWAII TWO - 186 NM NW of Kauai Is., HI   ",24.34,-162.073,0.0,NDBC,NDBC Meteorological/Ocean,buoy,True,False,False,False,N,3-meter foam buoy,3D74,"NORTHWESTERN HAWAII TWO - 186 NM NW of Kauai Is., HI",SCOOP payload,"24.340 N 162.073 W (24°20'24"" N 162°4'24"" W)",H
51200,2,2009,2010,0,,,0,,,0,,,0,,,0,,,0,,,0,,,0,,,0,,False,,,,,,,,,,,,R,Waverider Buoy,,"Barbers Point, HI  (164)",,"21.096 N 158.303 W (21°5'47"" N 158°18'10"" W)",H
51201,22,2004,2025,0,,,0,,,0,,,0,,,0,,,0,,,0,,,0,,,0,"spec,stdmet,swden,swdir,swdir2,swr1,swr2",False,"Waimea Bay, HI (106)",21.671,-158.118,0.0,Pacific Islands Ocean Observing System,IOOS Partners,buoy,True,False,False,False,PO,Waverider Buoy,,"Waimea Bay, HI (106)",,"21.671 N 158.118 W (21°40'15"" N 158°7'5"" W)",H
51202,22,2004,2025,0,,,0,,,0,,,0,,,0,,,1,2025,2025,0,,,0,,,0,"spec,stdmet,swden,swdir,swdir2,swr1,swr2",False,"Mokapu Point, HI (098)",21.414,-157.681,0.0,Pacific Islands Ocean Observing System,IOOS Partners,buoy,True,False,False,False,PO,Waverider Buoy,,"Mokapu Point, HI (098)",,"21.414 N 157.681 W (21°24'52"" N 157°40'53"" W)",H
51203,11,2007,2017,0,,,0,,,0,,,0,,,0,,,0,,,0,,,0,,,0,,False,,,,,,,,,,,,PO,Waverider Buoy,,"Kaumalapau, HI (146)",,"20.788 N 157.010 W (20°47'16"" N 157°0'35"" W)",H
51204,8,2010,2017,0,,,0,,,0,,,0,,,0,,,0,,,0,,,0,,,0,,False,,,,,,,,,,,,PO,Waverider Buoy,,"Barbers Point, HI #2 (165)",,"21.281 N 158.124 W (21°16'53"" N 158°7'26"" W)",H
51205,15,2011,2025,0,,,0,,,0,,,0,,,0,,,0,,,0,,,0,,,0,"spec,stdmet,swden,swdir,swdir2,swr1,swr2",False,"Pauwela, Maui, HI (187)",21.018,-156.421,0.0,Pacific Islands Ocean Observing System,IOOS Partners,buoy,True,False,False,False,PO,Waverider Buoy,,"Pauwela, Maui, HI (187)",,"21.018 N 156.421 W (21°1'5"" N 156°25'15"" W)",H
51206,14,2012,2025,0,,,0,,,0,,,0,,,0,,,0,,,0,,,0,,,0,"spec,stdmet,swden,swdir,swdir2,swr1,swr2",False,"Hilo, Hawaii, HI (188)",19.779,-154.97,0.0,Pacific Islands Ocean Observing System,IOOS Partners,buoy,True,False,False,False,PO,Waverider Buoy,,"Hilo, Hawaii, HI (188)",,"19.779 N 154.970 W (19°46'45"" N 154°58'12"" W)",H
51207,14,2012,2025,0,,,0,,,0,,,0,,,0,,,0,,,0,,,0,,,0,,False,"Kaneohe Bay, HI (198)",21.477,-157.752,0.0,Pacific Islands Ocean Observing System,IOOS Partners,buoy,False,False,False,False,PO,Waverider Buoy,,"Kaneohe Bay, HI (198)",,"21.477 N 157.752 W (21°28'39"" N 157°45'7"" W)",H
51208,13,2013,2025,0,,,0,,,0,,,0,,,0,,,0,,,0,,,0,,,0,"spec,stdmet,swden,swdir,swdir2,swr1,swr2",False,"Hanalei, Kauai, HI (202)",22.285,-159.574,0.0,Pacific Islands Ocean Observing System,IOOS Partners,buoy,False,False,False,False,PO,Waverider Buoy,,"Hanalei, Kauai, HI (202)",,"22.285 N 159.574 W (22°17'5"" N 159°34'27"" W)",H
51209,12,2014,2025,0,,,0,,,0,,,0,,,0,,,0,,,0,,,0,,,0,"spec,stdmet,swden,swdir,swdir2,swr1,swr2",False,"Aunuu, American Samoa (189)",-14.273,-170.501,0.0,Pacific Islands Ocean Observing System,IOOS Partners,buoy,True,False,False,False,PO,Waverider Buoy,,"Aunuu, American Samoa (189)",,"14.273 S 170.501 W (14°16'21"" S 170°30'4"" W)",?
51210,9,2016,2025,0,,,0,,,0,,,0,,,0,,,0,,,0,,,0,,,0,,False,"Kaneohe Bay, WETS, HI (225)",21.477,-157.757,0.0,Pacific Islands Ocean Observing System,IOOS Partners,buoy,False,False,False,False,PO,Waverider Buoy,,"Kaneohe Bay, WETS, HI (225)",,"21.477 N 157.757 W (21°28'39"" N 157°45'25"" W)",H
51211,9,2017,2025,0,,,0,,,0,,,0,,,0,,,9,2017,2025,0,,,0,,,0,"adcp,spec,stdmet,swden,swdir,swdir2,swr1,swr2",False,"Pearl Harbor Entrance, HI (233)",21.297,-157.959,0.0,Pacific Islands Ocean Observing System,IOOS Partners,buoy,True,True,False,False,PO,Waverider Buoy,,"Pearl Harbor Entrance, HI (233)",,"21.297 N 157.959 W (21°17'50"" N 157°57'32"" W)",H
51212,8,2018,2025,0,,,0,,,0,,,0,,,0,,,5,2020,2025,0,,,0,,,0,"adcp,spec,stdmet,swden,swdir,swdir2,swr1,swr2",False,"Barbers Point, Kalaeloa, HI (238)",21.323,-158.149,0.0,Pacific Islands Ocean Observing System,IOOS Partners,buoy,True,True,False,False,PO,Waverider Buoy,,"Barbers Point, Kalaeloa, HI (238)",,"21.323 N 158.149 W (21°19'23"" N 158°8'58"" W)",H
51213,8,2018,2025,0,,,0,,,0,,,0,,,0,,,0,,,0,,,0,,,0,,False,"Kaumalapau Southwest, Lanai, HI (239)",20.75,-157.002,0.0,Pacific Islands Ocean Observing System,IOOS Partners,buoy,False,False,False,False,PO,Waverider Buoy,,"Kaumalapau Southwest, Lanai, HI (239)",,"20.750 N 157.002 W (20°44'59"" N 157°0'6"" W)",H
51214,2,2024,2025,0,,,0,,,0,,,0,,,0,,,2,2024,2025,0,,,0,,,0,"adcp,spec,stdmet,swden,swdir,swdir2,swr1,swr2",False,"King-Poloa, American Samoa (273)",-14.296,-170.875,0.0,Pacific Islands Ocean Observing System,IOOS Partners,buoy,True,True,False,False,PO,Waverider Buoy,,"King-Poloa, American Samoa (273)",,"14.296 S 170.875 W (14°17'47"" S 170°52'29"" W)",?
51406,0,,,0,,,0,,,0,,,0,,,0,,,0,,,0,,,0,,,0,,False,,,,,,,,,,,,N,2.6-meter discus buoy,2.6D50,CENTRAL SOUTH PACIFIC  - 1040NM NNE of Pitcarin Is,DART II payload,"8.480 S 125.027 W (8°28'49"" S 125°1'36"" W)",?
51407,0,,,0,,,0,,,0,,,0,,,0,,,0,,,0,,,0,,,0,,False,"HAWAII - 34NM West of Kailua-Kona, HI",19.53,-156.601,0.0,NDBC,Tsunami,dart,False,False,False,True,N,2.6-meter discus buoy,2.6D22,"HAWAII - 34NM West of Kailua-Kona, HI",DART II payload,"19.530 N 156.601 W (19°31'49"" N 156°36'5"" W)",?
51425,0,,,0,,,0,,,0,,,0,,,0,,,0,,,0,,,0,,,0,,False,"NORTHWEST APIA - 370 NM NW of Apia, Samoa",-9.511,-176.258,,NDBC,Tsunami,dart,False,False,False,True,N,2.6-meter discus buoy,2.6D61,"NORTHWEST APIA - 370 NM NW of Apia, Samoa",DART 4G payload,"9.511 S 176.258 W (9°30'41"" S 176°15'28"" W)",
51426,0,,,0,,,0,,,0,,,0,,,0,,,0,,,0,,,0,,,0,,False,,,,,,,,,,,,N,2.6-meter discus buoy,2.6D33,SOUTHEAST TONGA - 400NM SE of Tonga,DART II payload,"23.110 S 168.385 W (23°6'36"" S 168°23'6"" W)",
51WH0,0,,,0,,,0,,,0,,,0,,,0,,,0,,,0,,,0,,,0,"ocean,stdmet",False,WHOTS - Woods Hole Ocean Time-series,22.0,-157.0,0.0,Woods Hole Oceanographic Institution,IOOS Partners,buoy,True,False,True,False,WH,Moored Buoy,,WHOTS - Woods Hole Ocean Time-series,WAMDAS payload,"22.000 N 157.000 W (22°0'0"" N 157°0'0"" W)",H
51WH1,18,2008,2025,0,,,0,,,0,,,0,,,0,,,0,,,0,,,18,2008,2025,0,,False,,,,,,,,,,,,,,,,,,
51WH2,6,2007,2012,0,,,0,,,0,,,0,,,0,,,0,,,0,,,6,2007,2012,0,,False,,,,,,,,,,,,,,,,,,
52009,5,1990,1994,0,,,0,,,0,,,0,,,0,,,0,,,0,,,0,,,0,,False,,,,,,,,,,,,N,3-meter discus buoy,,,DACT payload,"13.729 N 144.668 W (13°43'46"" N 144°40'4"" W)",?
52200,22,2004,2025,0,,,0,,,0,,,0,,,0,,,0,,,0,,,0,,,0,,False,"Ipan, Guam (121)",13.354,144.788,0.0,Pacific Islands Ocean Observing System,IOOS Partners,buoy,False,False,False,False,PO,Waverider Buoy,,"Ipan, Guam (121)",,"13.354 N 144.788 E (13°21'15"" N 144°47'18"" E)",?
52201,15,2010,2025,0,,,0,,,0,,,0,,,0,,,3,2023,2025,0,,,0,,,0,stdmet,False,"Kalo, Majuro, Marshall Islands (163)",7.078,171.384,0.0,Pacific Islands Ocean Observing System,IOOS Partners,buoy,True,False,False,False,PO,Waverider Buoy,,"Kalo, Majuro, Marshall Islands (163)",,"7.078 N 171.384 E (7°4'42"" N 171°23'1"" E)",?
52202,14,2012,2025,0,,,0,,,0,,,0,,,0,,,0,,,0,,,0,,,0,,False,"Ritidian Point, Guam (196)",13.682,144.811,0.0,Pacific Islands Ocean Observing System,IOOS Partners,buoy,False,False,False,False,PO,Waverider Buoy,,"Ritidian Point, Guam (196)",,"13.682 N 144.811 E (13°40'55"" N 144°48'40"" E)",?
52211,13,2012,2025,0,,,0,,,0,,,0,,,0,,,2,2024,2025,0,,,0,,,0,,False,"Tanapag, Saipan, NMI (197)",15.269,145.664,0.0,Pacific Islands Ocean Observing System,IOOS Partners,buoy,False,False,False,False,PO,Waverider Buoy,,"Tanapag, Saipan, NMI (197)",,"15.269 N 145.664 E (15°16'7"" N 145°39'49"" E)",?
52212,6,2015,2025,0,,,0,,,0,,,0,,,0,,,4,2022,2025,0,,,0,,,0,"adcp,spec,stdmet,swden,swdir,swdir2,swr1,swr2",False,"Ngaraard, Babeldaob, Palau (219)",7.63,134.671,0.0,Pacific Islands Ocean Observing System,IOOS Partners,buoy,True,True,False,False,PO,Waverider Buoy,,"Ngaraard, Babeldaob, Palau (219)",,"7.630 N 134.671 E (7°37'47"" N 134°40'14"" E)",?
52213,3,2023,2025,0,,,0,,,0,,,0,,,0,,,3,2023,2025,0,,,0,,,0,"adcp,spec,stdmet,swden,swdir,swdir2,swr1,swr2",False,"North Point, Pohnpei, Micronesia (178)",7.081,158.244,0.0,Pacific Islands Ocean Observing System,IOOS Partners,buoy,True,True,False,False,PO,Waverider Buoy,,"North Point, Pohnpei, Micronesia (178)",,"7.081 N 158.244 E (7°4'53"" N 158°14'39"" E)",?
52214,1,2024,2024,0,,,0,,,0,,,0,,,0,,,1,2024,2024,0,,,0,,,0,"adcp,spec,stdmet,swden,swdir,swdir2,swr1,swr2",False,"Rumung, Yap, Micronesia (272)",9.678,138.176,0.0,Pacific Islands Ocean Observing System,IOOS Partners,buoy,True,False,False,False,PO,Waverider Buoy,,"Rumung, Yap, Micronesia (272)",,"9.678 N 138.176 E (9°40'42"" N 138°10'33"" E)",?
52215,2,2024,2025,0,,,0,,,0,,,0,,,0,,,2,2024,2025,0,,,0,,,0,,False,"UTWE, KOSRAE, MICRONESIA (276)",5.241,163.001,0.0,Pacific Islands Ocean Observing System,IOOS Partners,buoy,False,False,False,False,PO,Waverider Buoy,,"UTWE, KOSRAE, MICRONESIA (276)",,"5.241 N 163.001 E (5°14'26"" N 163°0'3"" E)",?
52216,0,,,0,,,0,,,0,,,0,,,0,,,0,,,0,,,0,,,0,"adcp,spec,stdmet,swden,swdir,swdir2,swr1,swr2",False,"Pikareej, Arno, Marshall Islands (282)",7.323,171.641,0.0,Pacific Islands Ocean Observing System,IOOS Partners,buoy,True,True,False,False,PO,Waverider Buoy,,"Pikareej, Arno, Marshall Islands (282)",,"7.323 N 171.641 E (7°19'24"" N 171°38'26"" E)",?
52401,0,,,0,,,0,,,0,,,0,,,0,,,0,,,0,,,0,,,0,,False,NORTHEAST SAIPAN - 610 NM ENE of Saipan,19.282,155.759,,NDBC,Tsunami,dart,False,False,False,True,N,2.6 meter DART buoy,2.6D91,NORTHEAST SAIPAN - 610 NM ENE of Saipan,DART 4G payload,"19.282 N 155.759 E (19°16'56"" N 155°45'33"" E)",?
52402,0,,,0,,,0,,,0,,,0,,,0,,,0,,,0,,,0,,,0,,False,SOUTHEAST SAIPAN - 540NM ESE of Saipan,11.928,153.876,,NDBC,Tsunami,dart,False,False,False,True,N,2.6-meter discus buoy,2.6D62,SOUTHEAST SAIPAN - 540NM ESE of Saipan,DART II payload,"11.928 N 153.876 E (11°55'41"" N 153°52'34"" E)",?
52403,0,,,0,,,0,,,0,,,0,,,0,,,0,,,0,,,0,,,0,,False,"NORTH MANUS - 345NM North of Manus Is , New Guinea",4.018,145.628,0.0,NDBC,Tsunami,dart,False,False,False,False,N,2.6-meter discus buoy,2.6D11,"NORTH MANUS - 345NM North of Manus Is , New Guinea",DART II payload,"4.018 N 145.628 E (4°1'5"" N 145°37'41"" E)",?
52404,0,,,0,,,0,,,0,,,0,,,0,,,0,,,0,,,0,,,0,,False,"NORTH PHILIPPINE SEA - 750 NM NE of Manila, Philippines",20.625,132.228,0.0,NDBC,Tsunami,dart,False,False,False,True,N,2.6-meter discus buoy,2.6D74,"NORTH PHILIPPINE SEA - 750 NM NE of Manila, Philippines",DART 4G payload,"20.625 N 132.228 E (20°37'30"" N 132°13'42"" E)",?
52405,0,,,0,,,0,,,0,,,0,,,0,,,0,,,0,,,0,,,0,,False,"SOUTH PHILIPPINE SEA -725 NM West of Agana, Guam",12.992,132.232,0.0,NDBC,Tsunami,dart,False,False,False,True,N,2.6-meter discus buoy,2.6D82,"SOUTH PHILIPPINE SEA -725 NM West of Agana, Guam",DART II payload,"12.992 N 132.232 E (12°59'30"" N 132°13'55"" E)",?
52406,0,,,0,,,0,,,0,,,0,,,0,,,0,,,0,,,0,,,0,,False,NORTHEAST SOLOMON - 370NM NE of Guadalcanal,-5.374,164.99,,NDBC,Tsunami,dart,False,False,False,True,N,2.6 meter DART buoy,2.6D83,NORTHEAST SOLOMON - 370NM NE of Guadalcanal,DART II payload,"5.374 S 164.990 E (5°22'26"" S 164°59'23"" E)",
53046,0,,,0,,,0,,,0,,,0,,,0,,,0,,,0,,,0,,,0,,False,,,,,,,,,,,,AU,ETD,,South Bali,ETD payload,"11.445 S 113.607 E (11°26'42"" S 113°36'25"" E)",?
53401,0,,,0,,,0,,,0,,,0,,,0,,,0,,,0,,,0,,,0,,False,,,,,,,,,,,,ID,2.6-meter discus buoy,2.6D36,Indonesia,DART II payload,"0.050 N 91.899 E (0°3'1"" N 91°53'58"" E)",
53ANF,1,2020,2020,0,,,0,,,0,,,0,,,0,,,0,,,0,,,0,,,0,,False,,,,,,,,,,,,,,,,,,
53MKF,1,2020,2020,0,,,0,,,0,,,0,,,0,,,0,,,0,,,0,,,0,,False,,,,,,,,,,,,,,,,,,
54010,0,,,0,,,0,,,0,,,0,,,0,,,0,,,0,,,0,,,0,,False,,,,,,,,,,,,,,,,,,
5401000,0,,,0,,,0,,,0,,,0,,,0,,,0,,,0,,,0,,,0,,False,NZC - Offshore Gisborne Hikurangi,-38.2,-179.797,,New Zealand National Emergency Management Agency by Te Pu Ao GNS Science and NIWA Taihoro Nukurangi,Tsunami,dart,False,False,False,False,NZ,2.6 meter DART buoy,,NZC - Offshore Gisborne Hikurangi,DART 4G payload,"38.200 S 179.797 W (38°12'0"" S 179°47'49"" W)",?
5401001,0,,,0,,,0,,,0,,,0,,,0,,,0,,,0,,,0,,,0,,False,NZE - Offshore East Cape Kermadec,-36.049,-177.708,,New Zealand National Emergency Management Agency by Te Pu Ao GNS Science and NIWA Taihoro Nukurangi,Tsunami,dart,False,False,False,False,NZ,2.6 meter DART buoy,,NZE - Offshore East Cape Kermadec,DART 4G payload,"36.049 S 177.708 W (36°2'56"" S 177°42'29"" W)",?
5401002,0,,,0,,,0,,,0,,,0,,,0,,,0,,,0,,,0,,,0,,False,NZF - Offshore Raoul Island Kermadec,-29.683,-175.012,,New Zealand National Emergency Management Agency by Te Pu Ao GNS Science and NIWA Taihoro Nukurangi,Tsunami,dart,False,False,False,False,NZ,2.6 meter DART buoy,,NZF - Offshore Raoul Island Kermadec,DART 4G payload,"29.683 S 175.012 W (29°40'57"" S 175°0'45"" W)",?
5401003,0,,,0,,,0,,,0,,,0,,,0,,,0,,,0,,,0,,,0,,False,NZG - Offshore Tongatapu Tonga,-23.352,-173.402,,New Zealand National Emergency Management Agency by Te Pu Ao GNS Science and NIWA Taihoro Nukurangi,Tsunami,dart,False,False,False,False,NZ,2.6 meter DART buoy,,NZG - Offshore Tongatapu Tonga,DART 4G payload,"23.352 S 173.402 W (23°21'6"" S 173°24'6"" W)",?
5401004,0,,,0,,,0,,,0,,,0,,,0,,,0,,,0,,,0,,,0,,False,NZH - Offshore Niue Tonga,-20.088,-171.863,,New Zealand National Emergency Management Agency by Te Pu Ao GNS Science and NIWA Taihoro Nukurangi,Tsunami,dart,False,False,False,False,NZ,2.6 meter DART buoy,,NZH - Offshore Niue Tonga,DART 4G payload,"20.088 S 171.863 W (20°5'19"" S 171°51'47"" W)",?
5401005,0,,,0,,,0,,,0,,,0,,,0,,,0,,,0,,,0,,,0,,False,NZI - Offshore Samoa Tonga,-16.889,-171.191,,New Zealand National Emergency Management Agency by Te Pu Ao GNS Science and NIWA Taihoro Nukurangi,Tsunami,dart,False,False,False,False,NZ,2.6 meter DART buoy,,NZI - Offshore Samoa Tonga,DART 4G payload,"16.889 S 171.191 W (16°53'20"" S 171°11'26"" W)",?
54401,0,,,0,,,0,,,0,,,0,,,0,,,0,,,0,,,0,,,0,,False,,,,,,,,,,,,N,2.6-meter discus buoy,2.6D47,"NORTHEAST NEW ZEALAND - 640NM NE of Auckland, NZ",DART II payload,"33.109 S 173.155 W (33°6'31"" S 173°9'18"" W)",
55010,0,,,0,,,0,,,0,,,0,,,0,,,0,,,0,,,0,,,0,,False,,,,,,,,,,,,,,,,,,
5501002,0,,,0,,,0,,,0,,,0,,,0,,,0,,,0,,,0,,,0,,False,NZA - Offshore Wellington Hikurangi,-42.371,176.911,,New Zealand National Emergency Management Agency by Te Pu Ao GNS Science and NIWA Taihoro Nukurangi,Tsunami,dart,False,False,False,False,NZ,2.6 meter DART buoy,,NZA - Offshore Wellington Hikurangi,DART 4G payload,"42.371 S 176.911 E (42°22'16"" S 176°54'40"" E)",?
5501004,0,,,0,,,0,,,0,,,0,,,0,,,0,,,0,,,0,,,0,,False,NZD - Offshore Bay of Plenty Kermadec,-36.1,178.604,,New Zealand National Emergency Management Agency by Te Pu Ao GNS Science and NIWA Taihoro Nukurangi,Tsunami,dart,False,False,False,False,NZ,2.6 meter DART buoy,,NZD - Offshore Bay of Plenty Kermadec,DART 4G payload,"36.100 S 178.604 E (36°5'59"" S 178°36'13"" E)",?
5501005,0,,,0,,,0,,,0,,,0,,,0,,,0,,,0,,,0,,,0,,False,NZJ - Offshore Norfolk Island New Hebrides,-26.667,163.955,,New Zealand National Emergency Management Agency by Te Pu Ao GNS Science and NIWA Taihoro Nukurangi,Tsunami,dart,False,False,False,False,NZ,2.6 meter DART buoy,,NZJ - Offshore Norfolk Island New Hebrides,DART 4G payload,"26.667 S 163.955 E (26°40'2"" S 163°57'18"" E)",?
5501006,0,,,0,,,0,,,0,,,0,,,0,,,0,,,0,,,0,,,0,,False,NZK - Offshore New Caledonia New Hebrides,-24.309,169.499,,New Zealand National Emergency Management Agency by Te Pu Ao GNS Science and NIWA Taihoro Nukurangi,Tsunami,dart,False,False,False,False,NZ,2.6 meter DART buoy,,NZK - Offshore New Caledonia New Hebrides,DART 4G payload,"24.309 S 169.499 E (24°18'33"" S 169°29'56"" E)",?
5501007,0,,,0,,,0,,,0,,,0,,,0,,,0,,,0,,,0,,,0,,False,NZL - Offshore Vanuatu New Hebrides,-19.31,166.782,,New Zealand National Emergency Management Agency by Te Pu Ao GNS Science and NIWA Taihoro Nukurangi,Tsunami,dart,False,False,False,False,NZ,2.6 meter DART buoy,,NZL - Offshore Vanuatu New Hebrides,DART 4G payload,"19.310 S 166.782 E (19°18'35"" S 166°46'55"" E)",?
55012,0,,,0,,,0,,,0,,,0,,,0,,,0,,,0,,,0,,,0,,False,Coral Sea 1     -     1285km ENE of Townsville,-15.664,158.453,,Australian Bureau of Meteorology,Tsunami,dart,False,False,False,True,AU,ETD,,Coral Sea 1     -     1285km ENE of Townsville,ETD payload,"15.664 S 158.453 E (15°39'51"" S 158°27'10"" E)",?
55013,0,,,0,,,0,,,0,,,0,,,0,,,0,,,0,,,0,,,0,,False,,,,,,,,,,,,AU,2.6-meter discus buoy,,TASMAN SEA 3     -     1160km ESE of Hobart,DART II payload,"46.665 S 161.001 E (46°39'55"" S 161°0'5"" E)",
55015,0,,,0,,,0,,,0,,,0,,,0,,,0,,,0,,,0,,,0,,False,TASMAN SEA 1     -     1110km ESE of Hobart,-46.956,160.343,,Australian Bureau of Meteorology,Tsunami,dart,False,False,False,True,AU,STB - SAIC Tsunami Buoy,,TASMAN SEA 1     -     1110km ESE of Hobart,SAIC Tsunami Buoy (STB) with DART II BPR,"46.956 S 160.343 E (46°57'22"" S 160°20'35"" E)",?
55016,0,,,0,,,0,,,0,,,0,,,0,,,0,,,0,,,0,,,0,,False,,,,,,,,,,,,AU,ETD,,ETD Fiji Basin,ETD payload,"26.000 S 176.000 E (26°0'0"" S 176°0'0"" E)",?
55023,0,,,0,,,0,,,0,,,0,,,0,,,0,,,0,,,0,,,0,,False,Coral Sea 2     -     870km NE of Townsville,-14.715,153.537,,Australian Bureau of Meteorology,Tsunami,dart,False,False,False,True,AU,ETD,,Coral Sea 2     -     870km NE of Townsville,ETD payload,"14.715 S 153.537 E (14°42'53"" S 153°32'14"" E)",?
55042,0,,,0,,,0,,,0,,,0,,,0,,,0,,,0,,,0,,,0,,False,Tasman Sea 2     -     1175km ESE of Hobart,-44.79,161.7,,Australian Bureau of Meteorology,Tsunami,dart,False,False,False,False,AU,STB - SAIC Tsunami Buoy,,Tasman Sea 2     -     1175km ESE of Hobart,STB payload,"44.790 S 161.700 E (44°47'24"" S 161°42'0"" E)",
55401,0,,,0,,,0,,,0,,,0,,,0,,,0,,,0,,,0,,,0,,False,,,,,,,,,,,,AU,2.6-meter discus buoy,,"600 NM Southeast of Hobart, Tasmania",DART II payload,"46.922 S 160.562 E (46°55'20"" S 160°33'44"" E)",?
56001,0,,,0,,,0,,,0,,,0,,,0,,,0,,,0,,,0,,,0,,False,Indian Ocean 1     -      1025km NW of Dampier,-14.046,110.028,,Australian Bureau of Meteorology,Tsunami,dart,False,False,False,True,AU,STB - SAIC Tsunami Buoy,,Indian Ocean 1     -      1025km NW of Dampier,DART II payload,"14.046 S 110.028 E (14°2'46"" S 110°1'39"" E)",?
56003,0,,,0,,,0,,,0,,,0,,,0,,,0,,,0,,,0,,,0,,False,Indian Ocean 2     -     630km NNE of Dampier,-15.019,118.073,,Australian Bureau of Meteorology,Tsunami,dart,False,False,False,False,AU,STB - SAIC Tsunami Buoy,,Indian Ocean 2     -     630km NNE of Dampier,STB payload,"15.019 S 118.073 E (15°1'9"" S 118°4'22"" E)",?
62029,0,,,0,,,0,,,0,,,0,,,0,,,0,,,0,,,0,,,0,stdmet,False,K1 Buoy,48.72,-12.43,0.0,UK Met Office,International Partners,buoy,True,False,False,False,U,Buoy,,K1 Buoy,,"48.720 N 12.430 W (48°43'12"" N 12°25'48"" W)",?
62030,0,,,0,,,0,,,0,,,0,,,0,,,0,,,0,,,0,,,0,stdmet,False,L4 Buoy,50.25,-4.217,,UK Met Office,International Partners,buoy,True,False,False,False,U,Buoy,,L4 Buoy,,"50.250 N 4.217 W (50°15'0"" N 4°13'0"" W)",?
62050,0,,,0,,,0,,,0,,,0,,,0,,,0,,,0,,,0,,,0,stdmet,False,E1,50.0,-4.4,,UK Met Office,International Partners,buoy,True,False,False,False,U,Buoy,,E1,,"50.000 N 4.400 W (50°0'0"" N 4°24'0"" W)",?
62081,0,,,0,,,0,,,0,,,0,,,0,,,0,,,0,,,0,,,0,stdmet,False,K2 Buoy,51.0,-13.55,0.0,UK Met Office,International Partners,buoy,True,False,False,False,U,Buoy,,K2 Buoy,,"51.000 N 13.550 W (51°0'0"" N 13°33'0"" W)",?
62103,0,,,0,,,0,,,0,,,0,,,0,,,0,,,0,,,0,,,0,stdmet,False,Channel Lightship,49.9,-2.9,0.0,UK Met Office,International Partners,fixed,True,False,False,False,U,Lightship,,Channel Lightship,,"49.900 N 2.900 W (49°54'0"" N 2°54'0"" W)",?
62105,0,,,0,,,0,,,0,,,0,,,0,,,0,,,0,,,0,,,0,stdmet,False,K4 Buoy,55.41,-11.81,0.0,UK Met Office,International Partners,buoy,True,False,False,False,U,Buoy,,K4 Buoy,,"55.410 N 11.810 W (55°24'36"" N 11°48'36"" W)",?
62107,0,,,0,,,0,,,0,,,0,,,0,,,0,,,0,,,0,,,0,"spec,stdmet",False,Sevenstones Lightship,50.102,-6.1,0.0,UK Met Office,International Partners,fixed,True,False,False,False,U,Lightship,,Sevenstones Lightship,,"50.102 N 6.100 W (50°6'9"" N 6°6'0"" W)",?
62114,0,,,0,,,0,,,0,,,0,,,0,,,0,,,0,,,0,,,0,stdmet,False,"Tartan ""A"" AWS",58.3,0.0,,Private Industry Oil Platform,International Partners,oilrig,True,False,False,False,X,Oil Platform,,"Tartan ""A"" AWS",,"58.300 N 0.000 E (58°18'0"" N 0°0'0"" E)",?
62121,0,,,0,,,0,,,0,,,0,,,0,,,0,,,0,,,0,,,0,stdmet,False,Carrack AWS,53.5,2.7,,Private Industry Oil Platform,International Partners,oilrig,True,False,False,False,X,Oil Platform,,Carrack AWS,,"53.500 N 2.700 E (53°30'0"" N 2°42'0"" E)",?
62124,0,,,0,,,0,,,0,,,0,,,0,,,0,,,0,,,0,,,0,stdmet,False,Conwy,53.6,-3.6,,Private Industry Oil Platform,International Partners,oilrig,True,False,False,False,X,Oil Platform,,Conwy,,"53.600 N 3.600 W (53°36'0"" N 3°36'0"" W)",?
62127,0,,,0,,,0,,,0,,,0,,,0,,,0,,,0,,,0,,,0,"spec,stdmet",False,Cleeton AWS,54.0,0.7,,Private Industry Oil Platform,International Partners,oilrig,True,False,False,False,X,Oil Platform,,Cleeton AWS,,"54.000 N 0.700 E (54°0'0"" N 0°42'0"" E)",?
62130,0,,,0,,,0,,,0,,,0,,,0,,,0,,,0,,,0,,,0,"spec,stdmet",False,Brae A,58.7,1.3,,Private Industry Oil Platform,International Partners,oilrig,True,False,False,False,X,Oil Platform,,Brae A,,"58.700 N 1.300 E (58°42'0"" N 1°18'0"" E)",?
62144,0,,,0,,,0,,,0,,,0,,,0,,,0,,,0,,,0,,,0,"spec,stdmet",False,Clipper AWS,53.4,1.7,,Private Industry Oil Platform,International Partners,oilrig,True,False,False,False,X,Oil Platform,,Clipper AWS,,"53.400 N 1.700 E (53°24'0"" N 1°42'0"" E)",?
62145,0,,,0,,,0,,,0,,,0,,,0,,,0,,,0,,,0,,,0,"spec,stdmet",False,North Sea,53.102,2.8,,Private Industry Oil Platform,International Partners,oilrig,True,False,False,False,X,Oil Platform,,North Sea,,"53.102 N 2.800 E (53°6'9"" N 2°48'0"" E)",?
62146,0,,,0,,,0,,,0,,,0,,,0,,,0,,,0,,,0,,,0,"spec,stdmet",False,Lomond AWS,57.2,2.1,,Private Industry Oil Platform,International Partners,oilrig,True,False,False,False,X,Oil Platform,,Lomond AWS,,"57.200 N 2.100 E (57°12'0"" N 2°6'0"" E)",?
62148,0,,,0,,,0,,,0,,,0,,,0,,,0,,,0,,,0,,,0,stdmet,False,Barque AWS,53.6,1.5,,Private Industry Oil Platform,International Partners,oilrig,True,False,False,False,X,Oil Platform,,Barque AWS,,"53.600 N 1.500 E (53°36'0"" N 1°30'0"" E)",?
62149,0,,,0,,,0,,,0,,,0,,,0,,,0,,,0,,,0,,,0,"spec,stdmet",False,"West Sole ""A"" AWS",53.7,1.1,,Private Industry Oil Platform,International Partners,oilrig,True,False,False,False,X,Oil Platform,,"West Sole ""A"" AWS",,"53.700 N 1.100 E (53°42'0"" N 1°6'0"" E)",?
62163,0,,,0,,,0,,,0,,,0,,,0,,,0,,,0,,,0,,,0,stdmet,False,Brittany Buoy,47.55,-8.47,0.0,UK Met Office,International Partners,buoy,True,False,False,False,U,Buoy,,Brittany Buoy,,"47.550 N 8.470 W (47°33'0"" N 8°28'12"" W)",?
62164,0,,,0,,,0,,,0,,,0,,,0,,,0,,,0,,,0,,,0,stdmet,False,Anasuria AWS,57.2,0.8,,Private Industry Oil Platform,International Partners,oilrig,True,False,False,False,X,Oil Platform,,Anasuria AWS,,"57.200 N 0.800 E (57°12'0"" N 0°48'0"" E)",?
62165,0,,,0,,,0,,,0,,,0,,,0,,,0,,,0,,,0,,,0,"spec,stdmet",False,Ravenspurn North AWS,54.0,1.1,,Private Industry Oil Platform,International Partners,oilrig,True,False,False,False,X,Oil Platform,,Ravenspurn North AWS,,"54.000 N 1.100 E (54°0'0"" N 1°6'0"" E)",?
62170,0,,,0,,,0,,,0,,,0,,,0,,,0,,,0,,,0,,,0,"spec,stdmet",False,F3 Light Vessel,51.24,2.0,,UK Met Office,International Partners,fixed,True,False,False,False,U,Lightship,,F3 Light Vessel,,"51.240 N 2.000 E (51°14'24"" N 2°0'0"" E)",?
62304,0,,,0,,,0,,,0,,,0,,,0,,,0,,,0,,,0,,,0,"spec,stdmet",False,Sandettie Lightship,51.102,1.8,0.0,UK Met Office,International Partners,fixed,True,False,False,False,U,Lightship,,Sandettie Lightship,,"51.102 N 1.800 E (51°6'9"" N 1°48'0"" E)",?
62305,0,,,0,,,0,,,0,,,0,,,0,,,0,,,0,,,0,,,0,stdmet,False,Greenwich Lightship,50.4,0.0,0.0,UK Met Office,International Partners,fixed,True,False,False,False,U,Lightship,,Greenwich Lightship,,"50.400 N 0.000 E (50°24'0"" N 0°0'0"" E)",?
62442,0,,,0,,,0,,,0,,,0,,,0,,,0,,,0,,,0,,,0,stdmet,False,Pap,49.0,-16.5,,UK Met Office,International Partners,buoy,True,False,False,False,U,Buoy,,Pap,,"49.000 N 16.500 W (49°0'0"" N 16°30'0"" W)",?
63110,0,,,0,,,0,,,0,,,0,,,0,,,0,,,0,,,0,,,0,"spec,stdmet",False,Beryl A AWS,59.5,1.5,,Private Industry Oil Platform,International Partners,oilrig,True,False,False,False,X,Oil Platform,,Beryl A AWS,,"59.500 N 1.500 E (59°30'0"" N 1°30'0"" E)",?
63112,0,,,0,,,0,,,0,,,0,,,0,,,0,,,0,,,0,,,0,"spec,stdmet",False,Cormorant AWS,61.1,1.0,,Private Industry Oil Platform,International Partners,oilrig,True,False,False,False,X,Oil Platform,,Cormorant AWS,,"61.100 N 1.000 E (61°6'0"" N 1°0'0"" E)",?
63115,0,,,0,,,0,,,0,,,0,,,0,,,0,,,0,,,0,,,0,"spec,stdmet",False,Magnus AWS,61.6,1.3,,Private Industry Oil Platform,International Partners,oilrig,True,False,False,False,X,Oil Platform,,Magnus AWS,,"61.600 N 1.300 E (61°36'0"" N 1°18'0"" E)",?
64045,0,,,0,,,0,,,0,,,0,,,0,,,0,,,0,,,0,,,0,stdmet,False,K5 Buoy,59.15,-11.79,0.0,UK Met Office,International Partners,buoy,True,False,False,False,U,Buoy,,K5 Buoy,,"59.150 N 11.790 W (59°9'0"" N 11°47'24"" W)",?
64046,0,,,0,,,0,,,0,,,0,,,0,,,0,,,0,,,0,,,0,stdmet,False,K7 Buoy,60.483,-4.167,0.0,UK Met Office,International Partners,buoy,True,False,False,False,U,Buoy,,K7 Buoy,,"60.483 N 4.167 W (60°29'0"" N 4°10'0"" W)",?
91204,4,1995,1998,0,,,0,,,0,,,0,,,0,,,0,,,0,,,0,,,0,,False,,,,,,,,,,,,N,C-MAN Station,,"Ulithi Is., Caroline",WAAP (POES reporting) payload,"9.900 N 139.700 E (9°54'0"" N 139°41'60"" E)",?
91222,8,1990,1997,0,,,0,,,0,,,0,,,0,,,0,,,0,,,0,,,0,,False,,,,,,,,,,,,N,C-MAN Station,,"Pagan Is.,Mariana",WAAP (POES reporting) payload,"18.130 N 145.770 E (18°7'48"" N 145°46'12"" E)",?
91251,9,1989,1997,0,,,0,,,0,,,0,,,0,,,0,,,0,,,0,,,0,,False,,,,,,,,,,,,N,C-MAN Station,,"Enewetak, MarShall",VEEP payload,"11.430 N 162.350 E (11°25'48"" N 162°20'60"" E)",?
91328,7,1992,1998,0,,,0,,,0,,,0,,,0,,,0,,,0,,,0,,,0,,False,,,,,,,,,,,,N,C-MAN Station,,"Ulul Atoll, Caroline",WAAP (POES reporting) payload,"8.600 N 149.670 E (8°35'60"" N 149°40'12"" E)",?
91338,4,1993,1996,0,,,0,,,0,,,0,,,0,,,0,,,0,,,0,,,0,,False,,,,,,,,,,,,N,C-MAN Station,,"Satawan Atoll, Caro.",WAAP (POES reporting) payload,"5.280 N 153.650 E (5°16'48"" N 153°39'0"" E)",?
91343,8,1991,1998,0,,,0,,,0,,,0,,,0,,,0,,,0,,,0,,,0,,False,,,,,,,,,,,,N,C-MAN Station,,"Oroluk, Caroline",VEEP payload,"7.630 N 155.160 E (7°37'48"" N 155°9'36"" E)",?
91352,8,1991,1998,0,,,0,,,0,,,0,,,0,,,0,,,0,,,0,,,0,,False,,,,,,,,,,,,N,C-MAN Station,,"Pingelap, Caroline",WAAP (POES reporting) payload,"6.210 N 160.700 E (6°12'36"" N 160°41'60"" E)",?
91355,8,1990,1997,0,,,0,,,0,,,0,,,0,,,0,,,0,,,0,,,0,,False,,,,,,,,,,,,N,C-MAN Station,,"Kosrae, Caroline",VEEP payload,"5.360 N 162.960 E (5°21'36"" N 162°57'36"" E)",?
91365,4,1989,1992,0,,,0,,,0,,,0,,,0,,,0,,,0,,,0,,,0,,False,,,,,,,,,,,,N,C-MAN Station,,"Ujae Atoll, Marshall",DACT payload,"8.930 N 165.750 E (8°55'48"" N 165°45'0"" E)",?
91374,3,1996,1998,0,,,0,,,0,,,0,,,0,,,0,,,0,,,0,,,0,,False,,,,,,,,,,,,N,C-MAN Station,,"Maloelap, Marshall",VEEP payload,"8.700 N 171.200 E (8°41'60"" N 171°11'60"" E)",?
91377,9,1990,1998,0,,,0,,,0,,,0,,,0,,,0,,,0,,,0,,,0,,False,,,,,,,,,,,,N,C-MAN Station,,"Mili, Marshalls Is.",WAAP (POES reporting) payload,"6.100 N 172.100 E (6°5'60"" N 172°5'60"" E)",?
91411,4,1995,1998,0,,,0,,,0,,,0,,,0,,,0,,,0,,,0,,,0,,False,,,,,,,,,,,,N,C-MAN Station,,"Ngulu Atoll, Caroline",WAAP (POES reporting) payload,"8.300 N 137.500 E (8°18'0"" N 137°30'0"" E)",?
91442,3,1996,1998,0,,,0,,,0,,,0,,,0,,,0,,,0,,,0,,,0,,False,,,,,,,,,,,,N,C-MAN Station,,"Ebon Atoll, Caroline",VEEP payload,"4.600 N 168.700 E (4°35'60"" N 168°41'60"" E)",?
AAMC1,21,2005,2025,0,,,0,,,0,,,0,,,0,,,0,,,0,,,0,,,0,stdmet,False,"9414750 - Alameda, CA",37.772,-122.3,3.5,NOS,NOS/CO-OPS,fixed,True,False,False,False,O,Water Level Observation Network,,"9414750 - Alameda, CA",,"37.772 N 122.300 W (37°46'19"" N 122°18'1"" W)",P
ABAN6,17,1993,2009,0,,,0,,,0,,,0,,,0,,,0,,,0,,,0,,,0,,False,,,,,,,,,,,,N,C-MAN Station,,"Alexandria Bay, NY",MARS payload,"44.333 N 75.933 W (44°20'0"" N 75°56'0"" W)",E
ABYA2,2,2024,2025,0,,,0,,,0,,,0,,,0,,,0,,,0,,,0,,,0,stdmet,False,"Auke Bay Lab Dock, AK",58.381,-134.646,9.1,"NWS WFO Juneau, AK (AJK)",IOOS Partners,fixed,True,False,False,False,AJK,Weather Station,,"Auke Bay Lab Dock, AK",,"58.381 N 134.646 W (58°22'53"" N 134°38'46"" W)",A
ACFS1,0,,,0,,,0,,,0,,,0,,,0,,,0,,,0,,,0,,,0,ocean,False,"Grove Plantation, ACE Basin Reserve, SC",32.664,-80.413,,National Estuarine Research Reserve System,NERRS,fixed,False,False,True,False,NR,NERRS Water Quality Station,,"Grove Plantation, ACE Basin Reserve, SC",,"32.664 N 80.413 W (32°39'49"" N 80°24'47"" W)",E
ACMN4,8,2004,2011,0,,,0,,,0,,,0,,,0,,,0,,,0,,,0,,,0,,False,,,,,,,,,,,,J,Shorebased Tower,,"Atlantic City Marina, NJ",,"39.380 N 74.420 W (39°22'48"" N 74°25'12"" W)",E
ACQS1,0,,,0,,,0,,,0,,,0,,,0,,,0,,,0,,,0,,,0,ocean,False,"St. Pierre, ACE Basin Reserve, SC",32.523,-80.357,,National Estuarine Research Reserve System,NERRS,fixed,False,False,True,False,NR,NERRS Water Quality Station,,"St. Pierre, ACE Basin Reserve, SC",,"32.523 N 80.357 W (32°31'24"" N 80°21'24"" W)",E
ACXS1,0,,,0,,,0,,,0,,,0,,,0,,,0,,,0,,,0,,,0,stdmet,False,"Bennett's Point, ACE Basin Reserve, SC",32.559,-80.454,0.0,National Estuarine Research Reserve System,NERRS,fixed,True,False,False,False,NR,NERRS Weather Station,,"Bennett's Point, ACE Basin Reserve, SC",,"32.559 N 80.454 W (32°33'34"" N 80°27'16"" W)",E
ACYN4,22,2004,2025,0,,,0,,,0,,,0,,,0,,,0,,,0,,,0,,,0,stdmet,False,"8534720 - Atlantic City, NJ",39.357,-74.418,8.3,NOS,NOS/CO-OPS,fixed,True,False,False,False,O,Water Level Observation Network,,"8534720 - Atlantic City, NJ",,"39.357 N 74.418 W (39°21'24"" N 74°25'5"" W)",E
ADBF1,0,,,0,,,0,,,0,,,0,,,0,,,0,,,0,,,0,,,0,ocean,False,"Dry Bar, Apalachicola Reserve, FL",29.675,-85.058,,National Estuarine Research Reserve System,NERRS,fixed,False,False,True,False,NR,NERRS Water Quality Station,,"Dry Bar, Apalachicola Reserve, FL",,"29.675 N 85.058 W (29°40'29"" N 85°3'30"" W)",E
ADKA2,21,2005,2025,0,,,0,,,0,,,0,,,0,,,0,,,0,,,0,,,0,stdmet,False,"9461380 - Adak Island, AK",51.861,-176.637,5.3,NOS,NOS/CO-OPS,fixed,True,False,False,False,O,Water Level Observation Network,,"9461380 - Adak Island, AK",,"51.861 N 176.637 W (51°51'38"" N 176°38'14"" W)",H
AGCM4,14,2012,2025,0,,,0,,,0,,,0,,,0,,,0,,,0,,,0,,,0,stdmet,False,"9014070 - Algonac, MI",42.621,-82.527,177.0,NOS,NOS/CO-OPS,fixed,True,False,False,False,O,Water Level Observation Network,,"9014070 - Algonac, MI",,"42.621 N 82.527 W (42°37'16"" N 82°31'36"" W)",E
AGMW3,13,2005,2017,0,,,0,,,0,,,0,,,0,,,0,,,0,,,0,,,0,,False,,,,,,,,,,,,GRB,Weather Station,,"Algoma City Marina, WI",,"44.608 N 87.433 W (44°36'29"" N 87°25'59"" W)",C
AGXC1,10,2016,2025,0,,,0,,,0,,,0,,,0,,,0,,,0,,,0,,,0,stdmet,False,"9410647 - Angels Gate, CA",33.716,-118.246,,NOAA NOS PORTS,NOS/CO-OPS,fixed,True,False,False,False,PT,Water Level Observation Network,,"9410647 - Angels Gate, CA",,"33.716 N 118.246 W (33°42'57"" N 118°14'46"" W)",P
AJXA2,7,2017,2025,0,,,0,,,0,,,0,,,0,,,0,,,0,,,0,,,0,stdmet,False,"Juneau AJ Dock, AK",58.287,-134.398,4.6,Marine Exchange of Alaska,IOOS Partners,fixed,True,False,False,False,MA,Coastal Marine Station,,"Juneau AJ Dock, AK",,"58.287 N 134.398 W (58°17'14"" N 134°23'53"" W)",A
AKXA2,4,2022,2025,0,,,0,,,0,,,0,,,0,,,0,,,0,,,0,,,0,stdmet,False,"Akutan, AK",54.132,-165.782,6.1,Marine Exchange of Alaska,IOOS Partners,fixed,True,False,False,False,MA,Coastal Marine Station,,"Akutan, AK",,"54.132 N 165.782 W (54°7'56"" N 165°46'54"" W)",A
ALIA2,18,2008,2025,0,,,0,,,0,,,0,,,0,,,0,,,0,,,0,,,0,stdmet,False,"9457804 - Alitak, AK",56.898,-154.247,4.6,NOS,NOS/CO-OPS,fixed,True,False,False,False,O,Water Level Observation Network,,"9457804 - Alitak, AK",,"56.898 N 154.247 W (56°53'53"" N 154°14'48"" W)",A
ALRF1,4,1984,1987,0,,,0,,,0,,,0,,,0,,,0,,,0,,,0,,,0,,False,,,,,,,,,,,,N,C-MAN Station,,Alligator Reef,,"24.900 N 80.600 W (24°53'59"" N 80°35'59"" W)",E
ALSN6,25,1984,2008,5,1996,2000,0,,,0,,,0,,,0,,,0,,,0,,,0,,,0,,False,,,,,,,,,,,,N,C-MAN Station,,"Ambrose Light, NY",ARES 4.4 payload,"40.450 N 73.800 W (40°27'0"" N 73°48'0"" W)",E
ALXN6,18,2008,2025,0,,,0,,,0,,,0,,,0,,,0,,,0,,,0,,,0,stdmet,False,"8311062 - Alexandria Bay, NY",44.331,-75.934,74.9,NOS,NOS/CO-OPS,fixed,True,False,False,False,O,Water Level Observation Network,,"8311062 - Alexandria Bay, NY",,"44.331 N 75.934 W (44°19'53"" N 75°56'3"" W)",E
AMAA2,23,2003,2025,0,,,0,,,0,,,0,,,0,,,0,,,0,,,0,,,0,"cwind,stdmet",False,"East Amatuli Island Light, AK",58.916,-151.952,33.2,NDBC,NDBC Meteorological/Ocean,fixed,True,False,False,False,N,C-MAN Station,,"East Amatuli Island Light, AK",ARES payload,"58.916 N 151.952 W (58°54'56"" N 151°57'8"" W)",A
AMRL1,18,2008,2025,0,,,0,,,0,,,0,,,0,,,0,,,0,,,0,,,0,stdmet,False,"8764227 - LAWMA, Amerada Pass, LA",29.45,-91.338,0.0,NOS,NOS/CO-OPS,fixed,True,False,False,False,O,Water Level Observation Network,,"8764227 - LAWMA, Amerada Pass, LA",,"29.450 N 91.338 W (29°26'58"" N 91°20'17"" W)",C
ANCF1,9,2005,2013,0,,,0,,,0,,,0,,,0,,,0,,,0,,,5,2009,2013,0,,False,,,,,,,,,,,,P,Shorebased Tower,,"Anclote Gulf Park, FL",,"28.193 N 82.789 W (28°11'34"" N 82°47'19"" W)",E
ANMF1,9,2004,2013,0,,,0,,,0,,,0,,,0,,,0,,,0,,,0,,,0,,False,,,,,,,,,,,,P,Shorebased Tower,,"ANM - Anna Maria, FL",,"27.538 N 82.739 W (27°32'18"" N 82°44'22"" W)",E
ANMN6,0,,,0,,,0,,,0,,,0,,,0,,,0,,,0,,,0,,,0,stdmet,False,"Field Station, Hudson River Reserve, NY",42.018,-73.917,9.0,National Estuarine Research Reserve System,NERRS,fixed,True,False,False,False,NR,NERRS Weather Station,,"Field Station, Hudson River Reserve, NY",,"42.018 N 73.917 W (42°1'5"" N 73°55'1"" W)",E
ANPT2,9,2017,2025,0,,,0,,,0,,,0,,,0,,,0,,,0,,,0,,,0,stdmet,False,"8775241 - Aransas, Aransas Pass, TX",27.837,-97.039,10.261,TCOON,IOOS Partners,fixed,True,False,False,False,K,Water Level Observation Network,,"8775241 - Aransas, Aransas Pass, TX",,"27.837 N 97.039 W (27°50'12"" N 97°2'21"" W)",C
ANRN6,0,,,0,,,0,,,0,,,0,,,0,,,0,,,0,,,0,,,0,ocean,False,"Tivoli South Bay, Hudson River Reserve, NY",42.027,-73.926,,National Estuarine Research Reserve System,NERRS,fixed,False,False,True,False,NR,NERRS Water Quality Station,,"Tivoli South Bay, Hudson River Reserve, NY",,"42.027 N 73.926 W (42°1'37"" N 73°55'33"" W)",E
ANTA2,21,2005,2025,0,,,0,,,0,,,0,,,0,,,0,,,0,,,0,,,0,,False,"9455920 - Anchorage, AK",61.238,-149.89,7.4,NOS,NOS/CO-OPS,fixed,False,False,False,False,O,Water Level Observation Network,,"9455920 - Anchorage, AK",,"61.238 N 149.890 W (61°14'18"" N 149°53'23"" W)",A
ANVC1,21,2005,2025,0,,,0,,,0,,,0,,,0,,,0,,,0,,,0,,,0,stdmet,False,"9416841 - Arena Cove, CA",38.915,-123.711,7.7,NOS,NOS/CO-OPS,fixed,True,False,False,False,O,Water Level Observation Network,,"9416841 - Arena Cove, CA",,"38.915 N 123.711 W (38°54'52"" N 123°42'40"" W)",P
APAM2,16,2010,2025,0,,,0,,,0,,,0,,,0,,,0,,,0,,,0,,,0,stdmet,False,"8575512 - Annapolis, MD",38.983,-76.479,1.4,NOS,NOS/CO-OPS,fixed,True,False,False,False,O,Water Level Observation Network,,"8575512 - Annapolis, MD",,"38.983 N 76.479 W (38°58'60"" N 76°28'45"" W)",E
APCF1,21,2005,2025,0,,,0,,,0,,,0,,,0,,,0,,,0,,,0,,,0,stdmet,False,"8728690 - Apalachicola, FL",29.724,-84.98,1.9,NOS,NOS/CO-OPS,fixed,True,False,False,False,O,Water Level Observation Network,,"8728690 - Apalachicola, FL",,"29.724 N 84.980 W (29°43'28"" N 84°58'50"" W)",E
APMA2,4,2022,2025,0,,,0,,,0,,,0,,,0,,,0,,,0,,,0,,,0,stdmet,False,"Anchorage Port, AK",61.238,-149.887,5.5,Marine Exchange of Alaska,IOOS Partners,fixed,True,False,False,False,MA,Coastal Marine Station,,"Anchorage Port, AK",,"61.238 N 149.887 W (61°14'16"" N 149°53'15"" W)",A
APNM4,21,2005,2025,0,,,0,,,0,,,0,,,0,,,0,,,0,,,0,,,0,stdmet,False,"Alpena Harbor Light, Alpena, MI",45.06,-83.424,177.5,GLERL,IOOS Partners,fixed,True,False,False,False,G,C-MAN Station,,"Alpena Harbor Light, Alpena, MI",,"45.060 N 83.424 W (45°3'35"" N 83°25'25"" W)",E
APQF1,0,,,0,,,0,,,0,,,0,,,0,,,0,,,0,,,0,,,0,ocean,False,"East Bay Bottom, Apalachicola Reserve, FL",29.786,-84.875,,National Estuarine Research Reserve System,NERRS,fixed,False,False,True,False,NR,NERRS Water Quality Station,,"East Bay Bottom, Apalachicola Reserve, FL",,"29.786 N 84.875 W (29°47'9"" N 84°52'31"" W)",E
APRP7,17,2008,2025,0,,,0,,,0,,,0,,,0,,,0,,,0,,,0,,,0,stdmet,False,"1630000 - Apra Harbor, Guam",13.444,144.657,1.8,NOS,NOS/CO-OPS,fixed,True,False,False,False,O,Water Level Observation Network,,"1630000 - Apra Harbor, Guam",,"13.444 N 144.657 E (13°26'37"" N 144°39'24"" E)",?
APXA2,0,,,0,,,0,,,0,,,0,,,0,,,0,,,0,,,0,,,0,stdmet,False,"Anchor Point, Kachemak Bay Reserve, AK",59.77,-151.868,5.0,National Estuarine Research Reserve System,NERRS,fixed,True,False,False,False,NR,NERRS Weather Station,,"Anchor Point, Kachemak Bay Reserve, AK",,"59.770 N 151.868 W (59°46'13"" N 151°52'3"" W)",A
APXF1,0,,,0,,,0,,,0,,,0,,,0,,,0,,,0,,,0,,,0,stdmet,False,"East Bay, Apalachicola Reserve, FL",29.769,-84.881,0.6,National Estuarine Research Reserve System,NERRS,fixed,True,False,False,False,NR,NERRS Weather Station,,"East Bay, Apalachicola Reserve, FL",,"29.769 N 84.881 W (29°46'10"" N 84°52'53"" W)",E
AROP4,13,2010,2022,0,,,0,,,0,,,0,,,0,,,0,,,0,,,0,,,0,,False,"9757809 - Arecibo, PR",18.48,-66.702,,Puerto Rico Seismic Network,IOOS Partners,fixed,False,False,False,False,PN,Water Level Observation Network,,"9757809 - Arecibo, PR",,"18.480 N 66.702 W (18°28'50"" N 66°42'8"" W)",N
ARPF1,21,2004,2025,0,,,0,,,0,,,0,,,0,,,0,,,0,,,2,2009,2010,0,stdmet,False,"APK - Aripeka, FL",28.433,-82.667,0.0,COMPS (University of South Florida),IOOS Partners,fixed,False,False,False,False,P,Shorebased Tower,,"APK - Aripeka, FL",,"28.433 N 82.667 W (28°25'59"" N 82°40'1"" W)",E
ASBO1,0,,,0,,,0,,,0,,,0,,,0,,,0,,,0,,,0,,,0,stdmet,False,Ashtabula Lighthouse,41.918,-80.796,177.0,"NWS WFO Cleveland, OH (CLE)",IOOS Partners,other,True,False,False,False,CLE,,,Ashtabula Lighthouse,,"41.918 N 80.796 W (41°55'6"" N 80°47'44"" W)",E
ASTO3,20,2005,2025,0,,,0,,,0,,,0,,,0,,,0,,,0,,,0,,,0,stdmet,False,"9439040 - Astoria, OR",46.207,-123.768,3.6,NOS,NOS/CO-OPS,fixed,True,False,False,False,O,Water Level Observation Network,,"9439040 - Astoria, OR",,"46.207 N 123.768 W (46°12'27"" N 123°46'6"" W)",P
ATGM1,17,2009,2025,0,,,0,,,0,,,0,,,0,,,0,,,0,,,0,,,0,stdmet,False,"8413320 - Bar Harbor, ME",44.392,-68.204,3.4,NOS,NOS/CO-OPS,fixed,True,False,False,False,O,Water Level Observation Network,,"8413320 - Bar Harbor, ME",,"44.392 N 68.204 W (44°23'32"" N 68°12'15"" W)",E
ATKA2,18,2008,2025,0,,,0,,,0,,,0,,,0,,,0,,,0,,,0,,,0,stdmet,False,"9461710 - Atka, AK",52.232,-174.173,4.4,NOS,NOS/CO-OPS,fixed,True,False,False,False,O,Water Level Observation Network,,"9461710 - Atka, AK",,"52.232 N 174.173 W (52°13'55"" N 174°10'23"" W)",H
AUDP4,5,2009,2015,0,,,0,,,0,,,0,,,0,,,0,,,0,,,0,,,0,,False,,,,,,,,,,,,PN,Water Level Observation Network,,"9759412 - Aquadilla, PR",,"18.457 N 67.165 W (18°27'24"" N 67°9'53"" W)",N
AUGA2,27,1999,2025,0,,,0,,,0,,,0,,,0,,,0,,,0,,,0,,,0,"cwind,stdmet",False,"Augustine Island, AK",59.378,-153.348,9.1,NDBC,NDBC Meteorological/Ocean,fixed,True,False,False,False,N,C-MAN Station,,"Augustine Island, AK",SM+ Payload,"59.378 N 153.348 W (59°22'42"" N 153°20'54"" W)",A
AVAN4,8,2004,2011,0,,,0,,,0,,,0,,,0,,,0,,,0,,,0,,,0,,False,,,,,,,,,,,,J,Shorebased Tower,,"Avalon, NJ",,"39.090 N 74.720 W (39°5'24"" N 74°43'12"" W)",E
AWRT2,12,2014,2025,0,,,0,,,0,,,0,,,0,,,0,,,0,,,0,,,0,stdmet,False,"8774230 - Aransas Wildlife Refuge, TX",28.227,-96.796,1.1,TCOON,IOOS Partners,fixed,True,False,False,False,K,Water Level Observation Network,,"8774230 - Aransas Wildlife Refuge, TX",,"28.227 N 96.796 W (28°13'39"" N 96°47'47"" W)",C
BABT2,21,2004,2025,0,,,0,,,0,,,0,,,0,,,0,,,0,,,0,,,0,stdmet,False,"8776604 - Baffin Bay, TX",27.297,-97.405,0.0,TCOON,IOOS Partners,fixed,True,False,False,False,K,Water Level Observation Network,,"8776604 - Baffin Bay, TX",,"27.297 N 97.405 W (27°17'49"" N 97°24'17"" W)",C
BARA9,13,2011,2023,0,,,0,,,0,,,0,,,0,,,0,,,0,,,0,,,0,,False,,,,,,,,,,,,O,Water Level Observation Network,,"9761115 - Barbuda, AG",,"17.591 N 61.821 W (17°35'26"" N 61°49'14"" W)",N
BARN6,6,2011,2025,0,,,0,,,0,,,0,,,0,,,0,,,0,,,0,,,0,stdmet,False,"Barcelona Harbor, NY",42.345,-79.595,174.0,"NWS WFO Buffalo, NY (BUF)",IOOS Partners,fixed,True,False,False,False,BUF,GLOS Weather Station,,"Barcelona Harbor, NY",,"42.345 N 79.595 W (42°20'42"" N 79°35'43"" W)",E
BATN6,22,2004,2025,0,,,0,,,0,,,0,,,0,,,0,,,0,,,0,,,0,stdmet,False,"8518750 - The Battery, NY",40.701,-74.014,2.0,NOS,NOS/CO-OPS,fixed,True,False,False,False,O,Water Level Observation Network,,"8518750 - The Battery, NY",,"40.701 N 74.014 W (40°42'2"" N 74°0'52"" W)",E
BAXC1,10,2016,2025,0,,,0,,,0,,,0,,,0,,,0,,,0,,,0,,,0,stdmet,False,9410691 - Los Angeles Badger Avenue Bridge,33.766,-118.24,,NOAA NOS PORTS,NOS/CO-OPS,fixed,True,False,False,False,PT,Water Level Observation Network,,9410691 - Los Angeles Badger Avenue Bridge,,"33.766 N 118.240 W (33°45'59"" N 118°14'24"" W)",P
BBNF1,1,2025,2025,0,,,0,,,0,,,0,,,0,,,0,,,0,,,1,2025,2025,0,,False,,,,,,,,,,,,NP,C-MAN Station,,BBCW8,,"25.601 N 80.306 W (25°36'4"" N 80°18'21"" W)",E
BBSF1,1,2025,2025,0,,,0,,,0,,,0,,,0,,,0,,,0,,,1,2025,2025,0,,False,,,,,,,,,,,,NP,C-MAN Station,,BBCW10,,"25.472 N 80.349 W (25°28'20"" N 80°20'56"" W)",E
BCFM2,1,2025,2025,0,,,0,,,0,,,0,,,0,,,0,,,0,,,0,,,0,stdmet,False,Brewerton Channel Range Front Light (8574831),39.205,-76.524,5.269,NOAA NOS PORTS,IOOS Partners,fixed,True,False,False,False,PT,C-MAN Station,,Brewerton Channel Range Front Light (8574831),,"39.205 N 76.524 W (39°12'19"" N 76°31'26"" W)",E
BCTP1,0,,,0,,,0,,,0,,,0,,,0,,,0,,,0,,,0,,,0,stdmet,False,Beach 2 Tower,42.153,-80.131,175.6,Regional Science Consortium,IOOS Partners,fixed,True,False,False,False,RC,Coastal Marine Station,,Beach 2 Tower,,"42.153 N 80.131 W (42°9'11"" N 80°7'52"" W)",E
BDRN4,20,2006,2025,0,,,0,,,0,,,0,,,0,,,0,,,0,,,0,,,0,stdmet,False,"8539094 - Burlington, Delaware River, NJ",40.082,-74.87,2.2,NOAA NOS PORTS,NOS/CO-OPS,fixed,True,False,False,False,PT,Water Level Observation Network,,"8539094 - Burlington, Delaware River, NJ",,"40.082 N 74.870 W (40°4'54"" N 74°52'11"" W)",E
BDSP1,10,2016,2025,0,,,0,,,0,,,0,,,0,,,0,,,0,,,0,,,0,stdmet,False,"8546252 - Bridesburg, PA",39.98,-75.079,3.4,NOAA NOS PORTS,NOS/CO-OPS,fixed,True,False,False,False,PT,Water Level Observation Network,,"8546252 - Bridesburg, PA",,"39.980 N 75.079 W (39°58'49"" N 75°4'44"" W)",E
BDVF1,1,2025,2025,0,,,0,,,0,,,0,,,0,,,0,,,0,,,1,2025,2025,0,"ocean,stdmet",False,"Broad River, FL",25.478,-80.989,0.0,Everglades National Park,IOOS Partners,fixed,False,False,False,False,NP,Water Quality Station,,"Broad River, FL",,"25.478 N 80.989 W (25°28'42"" N 80°59'21"" W)",E
BDXC1,7,2015,2025,0,,,0,,,0,,,0,,,0,,,0,,,0,,,10,2015,2025,0,"ocean,stdmet",False,"Bodega, CA",38.317,-123.071,,"University of California Davis, Bodega Marine Laboratory",IOOS Partners,fixed,True,False,True,False,BM,Water Quality Station,,"Bodega, CA",,"38.317 N 123.071 W (38°18'59"" N 123°4'15"" W)",P
BEIS1,0,,,0,,,0,,,0,,,0,,,0,,,0,,,0,,,0,,,0,ocean,False,"Edisto Island, ACE Basin Reserve, SC",32.504,-80.325,,National Estuarine Research Reserve System,NERRS,fixed,False,False,True,False,NR,NERRS Water Quality Station,,"Edisto Island, ACE Basin Reserve, SC",,"32.504 N 80.325 W (32°30'14"" N 80°19'29"" W)",E
BEPB6,13,2007,2019,0,,,0,,,0,,,0,,,0,,,0,,,0,,,0,,,0,stdmet,False,"2695540 - Bermuda, St. Georges Island, BM",32.374,-64.701,3.4,NOS,NOS/CO-OPS,fixed,True,False,False,False,O,Water Level Observation Network,,"2695540 - Bermuda, St. Georges Island, BM",,"32.374 N 64.701 W (32°22'26"" N 64°42'5"" W)",N
BEXA2,4,2022,2025,0,,,0,,,0,,,0,,,0,,,0,,,0,,,0,,,0,stdmet,False,"Bethel, AK",60.791,-161.749,4.5,Marine Exchange of Alaska,IOOS Partners,fixed,True,False,False,False,MA,Coastal Marine Station,,"Bethel, AK",,"60.791 N 161.749 W (60°47'29"" N 161°44'55"" W)",A
BFTN7,21,2005,2025,0,,,0,,,0,,,0,,,0,,,0,,,0,,,0,,,0,stdmet,False,"8656483 - Beaufort, NC",34.717,-76.671,1.9,NOS,NOS/CO-OPS,fixed,True,False,False,False,O,Water Level Observation Network,,"8656483 - Beaufort, NC",,"34.717 N 76.671 W (34°43'2"" N 76°40'14"" W)",E
BGCF1,17,2005,2022,0,,,0,,,0,,,0,,,0,,,0,,,0,,,0,,,0,,False,,,,,,,,,,,,P,Shorebased Tower,,"BCP - Big Carlos Pass, FL",,"26.404 N 81.881 W (26°24'16"" N 81°52'52"" W)",E
BGNN6,21,2004,2024,0,,,0,,,0,,,0,,,0,,,0,,,0,,,0,,,0,,False,,,,,,,,,,,,PT,Water Level Observation Network,,"8519483 - Bergen Point West Reach, NY",,"40.639 N 74.146 W (40°38'21"" N 74°8'47"" W)",E
BGXN3,0,,,0,,,0,,,0,,,0,,,0,,,0,,,0,,,0,,,0,stdmet,False,"Greenland, Great Bay Reserve, NH",43.059,-70.83,3.0,National Estuarine Research Reserve System,NERRS,fixed,True,False,False,False,NR,NERRS Weather Station,,"Greenland, Great Bay Reserve, NH",,"43.059 N 70.830 W (43°3'32"" N 70°49'49"" W)",E
BHBM3,21,2005,2025,0,,,0,,,0,,,0,,,0,,,0,,,0,,,0,,,0,stdmet,False,"8443970 - Boston, MA",42.355,-71.05,3.4,NOS,NOS/CO-OPS,fixed,True,False,False,False,O,Water Level Observation Network,,"8443970 - Boston, MA",,"42.355 N 71.050 W (42°21'18"" N 71°3'1"" W)",E
BHRC3,7,2004,2010,0,,,0,,,0,,,0,,,0,,,0,,,0,,,0,,,0,,False,,,,,,,,,,,,I,Long Island Ferry,,"Bridgeport Terminal, CT",,"41.175 N 73.185 W (41°10'31"" N 73°11'6"" W)",E
BHRI3,20,2006,2025,0,,,0,,,0,,,0,,,0,,,0,,,0,,,0,,,0,stdmet,False,"Burns Harbor, IN",41.646,-87.147,180.0,"NWS WFO Chicago, IL (LOT)",IOOS Partners,fixed,False,False,False,False,LOT,GLOS Weather Station,,"Burns Harbor, IN",,"41.646 N 87.147 W (41°38'47"" N 87°8'50"" W)",C
BIGM4,19,2007,2025,0,,,0,,,0,,,0,,,0,,,0,,,0,,,0,,,0,stdmet,False,"Big Bay, MI",46.827,-87.727,185.0,"NWS WFO Marquette, MI (MQT)",IOOS Partners,fixed,True,False,False,False,MQT,GLOS Weather Station,,"Big Bay, MI",,"46.827 N 87.727 W (46°49'37"" N 87°43'36"" W)",E
BILW3,0,,,0,,,0,,,0,,,0,,,0,,,0,,,0,,,0,,,0,ocean,False,"Barker's Island, Lake Superior Reserve, WI",46.722,-92.064,,National Estuarine Research Reserve System,NERRS,fixed,False,False,False,False,NR,NERRS Water Quality Station,,"Barker's Island, Lake Superior Reserve, WI",,"46.722 N 92.064 W (46°43'18"" N 92°3'49"" W)",C
BISM2,20,2006,2025,0,,,0,,,0,,,0,,,0,,,0,,,0,,,0,,,0,stdmet,False,"8571421 - Bishops Head, MD",38.22,-76.039,1.1,NOS,NOS/CO-OPS,fixed,True,False,False,False,O,Water Level Observation Network,,"8571421 - Bishops Head, MD",,"38.220 N 76.039 W (38°13'13"" N 76°2'19"" W)",E
BKBF1,9,2014,2025,0,,,0,,,0,,,0,,,0,,,0,,,0,,,0,,,0,stdmet,False,"8720357 -  I-295 Buckman Bridge, St Johns River, FL",30.192,-81.692,1.4,NOAA NOS PORTS,NOS/CO-OPS,fixed,True,False,False,False,PT,Water Level Observation Network,,"8720357 -  I-295 Buckman Bridge, St Johns River, FL",,"30.192 N 81.692 W (30°11'30"" N 81°41'30"" W)",E
BKTL1,13,2013,2025,0,,,0,,,0,,,0,,,0,,,0,,,0,,,0,,,0,stdmet,False,"8767961 - Lake Charles Bulk Terminal, LA",30.19,-93.301,0.0,NOS,NOS/CO-OPS,fixed,True,False,False,False,O,Water Level Observation Network,,"8767961 - Lake Charles Bulk Terminal, LA",,"30.190 N 93.301 W (30°11'25"" N 93°18'3"" W)",C
BKYF1,1,2025,2025,0,,,0,,,0,,,0,,,0,,,0,,,0,,,1,2025,2025,0,"ocean,stdmet",False,"Buoy Key, FL",25.119,-80.834,,Everglades National Park,IOOS Partners,fixed,False,False,False,False,NP,Water Quality Station,,"Buoy Key, FL",,"25.119 N 80.834 W (25°7'10"" N 80°50'2"" W)",E
BLIA2,31,1995,2025,0,,,0,,,0,,,0,,,0,,,0,,,0,,,0,,,0,"cwind,stdmet",False,"Bligh Reef Light, AK",60.839,-146.884,0.0,NDBC,NDBC Meteorological/Ocean,fixed,True,False,False,False,N,C-MAN Station,,"Bligh Reef Light, AK",SM+ Payload,"60.839 N 146.884 W (60°50'20"" N 146°53'3"" W)",A
BLIF1,12,2014,2025,0,,,0,,,0,,,0,,,0,,,0,,,0,,,0,,,0,stdmet,False,"8720233 - Blount Island Command, St Johns River, FL",30.393,-81.523,2.0,NOAA NOS PORTS,NOS/CO-OPS,fixed,True,False,False,False,PT,Water Level Observation Network,,"8720233 - Blount Island Command, St Johns River, FL",,"30.393 N 81.523 W (30°23'33"" N 81°31'21"" W)",E
BLTA2,16,2007,2024,0,,,0,,,0,,,0,,,0,,,0,,,0,,,0,,,0,,False,Bartlett Cove AK,58.455,-135.889,5.0,"NWS WFO Juneau, AK (AJK)",IOOS Partners,fixed,False,False,False,False,AJK,C-MAN Station,,Bartlett Cove AK,,"58.455 N 135.889 W (58°27'18"" N 135°53'20"" W)",A
BLTM2,21,2005,2025,0,,,0,,,0,,,0,,,0,,,0,,,0,,,0,,,0,stdmet,False,"8574680 - Baltimore, MD",39.267,-76.579,1.4,NOS,NOS/CO-OPS,fixed,True,False,False,False,O,Water Level Observation Network,,"8574680 - Baltimore, MD",,"39.267 N 76.579 W (39°16'1"" N 76°34'46"" W)",E
BLTM3,22,2004,2025,0,,,0,,,0,,,0,,,0,,,0,,,0,,,0,,,0,stdmet,False,"8447387 - Borden Flats Light at Fall River, MA",41.704,-71.174,2.1,NOAA NOS PORTS,NOS/CO-OPS,fixed,True,False,False,False,PT,Water Level Observation Network,,"8447387 - Borden Flats Light at Fall River, MA",,"41.704 N 71.174 W (41°42'16"" N 71°10'28"" W)",E
BMTW1,4,2022,2025,0,,,0,,,0,,,0,,,0,,,0,,,0,,,0,,,0,stdmet,False,"9445958 - Bremerton, WA",47.562,-122.626,4.4,NOAA NOS PORTS,NOS/CO-OPS,fixed,True,False,False,False,PT,Water Level Observation Network,,"9445958 - Bremerton, WA",,"47.562 N 122.626 W (47°33'43"" N 122°37'32"" W)",P
BNKF1,1,2025,2025,0,,,0,,,0,,,0,,,0,,,0,,,0,,,1,2025,2025,0,"ocean,stdmet",False,"Butternut Key, FL",25.087,-80.519,0.0,Everglades National Park,IOOS Partners,fixed,False,False,False,False,NP,Water Quality Station,,"Butternut Key, FL",,"25.087 N 80.519 W (25°5'12"" N 80°31'8"" W)",E
BOBF1,1,2025,2025,0,,,0,,,0,,,0,,,0,,,0,,,0,,,1,2025,2025,0,"ocean,stdmet",False,"Bob Allen, FL",25.027,-80.681,0.0,Everglades National Park,IOOS Partners,fixed,False,False,False,False,NP,Water Quality Station,,"Bob Allen, FL",,"25.027 N 80.681 W (25°1'36"" N 80°40'53"" W)",E
BPHF1,0,,,0,,,0,,,0,,,0,,,0,,,0,,,0,,,2,2009,2011,0,,False,,,,,,,,,,,,TC,Water Quality Station,,"BISHOP HARBOR, FL",,"27.608 N 82.571 W (27°36'30"" N 82°34'15"" W)",E
BRBN4,8,2004,2011,0,,,0,,,0,,,0,,,0,,,0,,,0,,,0,,,0,,False,,,,,,,,,,,,J,Shorebased Tower,,"Brant Beach, NJ",,"39.610 N 74.200 W (39°36'36"" N 74°12'0"" W)",E
BRHC3,22,2004,2025,0,,,0,,,0,,,0,,,0,,,0,,,0,,,0,,,0,stdmet,False,"8467150 - Bridgeport, CT",41.174,-73.181,1.9,NOS,NOS/CO-OPS,fixed,True,False,False,False,O,Water Level Observation Network,,"8467150 - Bridgeport, CT",,"41.174 N 73.181 W (41°10'27"" N 73°10'53"" W)",E
BRIM2,0,,,0,,,0,,,0,,,0,,,0,,,0,,,0,,,0,,,0,ocean,False,"Railroad, Chesapeake Bay Reserve, MD",38.781,-76.714,,National Estuarine Research Reserve System,NERRS,fixed,False,False,True,False,NR,NERRS Water Quality Station,,"Railroad, Chesapeake Bay Reserve, MD",,"38.781 N 76.714 W (38°46'53"" N 76°42'49"" W)",E
BRND1,18,2006,2025,0,,,0,,,0,,,0,,,0,,,0,,,0,,,0,,,0,stdmet,False,"8555889 - Brandywine Shoal Light, DE",38.987,-75.113,1.9,NOAA NOS PORTS,NOS/CO-OPS,fixed,True,False,False,False,PT,Water Level Observation Network,,"8555889 - Brandywine Shoal Light, DE",,"38.987 N 75.113 W (38°59'13"" N 75°6'47"" W)",E
BSBM4,20,2006,2025,0,,,0,,,0,,,0,,,0,,,0,,,0,,,0,,,0,stdmet,False,"Big Sable Point, MI",44.055,-86.514,184.0,"NWS WFO Grand Rapids, MI (GRR)",IOOS Partners,fixed,True,False,False,False,GRR,GLOS Weather Station,,"Big Sable Point, MI",,"44.055 N 86.514 W (44°3'17"" N 86°30'50"" W)",E
BSCA1,15,2011,2025,0,,,0,,,0,,,0,,,0,,,0,,,0,,,12,2010,2021,0,stdmet,False,"Bon Secour, AL",30.329,-87.829,0.0,Dauphin Island Sea Lab,IOOS Partners,fixed,True,False,False,False,DI,Water Quality Station,,"Bon Secour, AL",,"30.329 N 87.829 W (30°19'43"" N 87°49'46"" W)",C
BSKF1,1,2025,2025,0,,,0,,,0,,,0,,,0,,,0,,,0,,,1,2025,2025,0,"ocean,stdmet",False,"Big Sable Creek, FL",25.266,-81.162,,Everglades National Park,IOOS Partners,fixed,False,False,False,False,NP,Water Quality Station,,"Big Sable Creek, FL",,"25.266 N 81.162 W (25°15'58"" N 81°9'44"" W)",E
BTHD1,6,2013,2018,0,,,0,,,0,,,0,,,0,,,0,,,0,,,0,,,0,,False,"Bethany Beach, DE",38.537,-75.046,-11.0,U.S. Army Corps of Engineers,IOOS Partners,other,False,False,False,False,AC,Bottom Mounted ADCP,,"Bethany Beach, DE",,"38.537 N 75.046 W (38°32'13"" N 75°2'46"" W)",E
BUFN6,22,2004,2025,0,,,0,,,0,,,0,,,0,,,0,,,0,,,0,,,0,stdmet,False,"9063020 - Buffalo, NY",42.878,-78.89,176.5,NOS,NOS/CO-OPS,fixed,True,False,False,False,O,Water Level Observation Network,,"9063020 - Buffalo, NY",,"42.878 N 78.890 W (42°52'39"" N 78°53'26"" W)",E
BURL1,41,1984,2025,0,,,0,,,0,,,0,,,0,,,0,,,0,,,0,,,0,"cwind,stdmet",False,"Southwest Pass, LA",28.906,-89.429,0.0,NDBC,NDBC Meteorological/Ocean,fixed,True,False,False,False,N,C-MAN Station,,"Southwest Pass, LA",ARES payload,"28.906 N 89.429 W (28°54'22"" N 89°25'43"" W)",C
BUSL1,6,1991,1996,0,,,0,,,0,,,0,,,0,,,0,,,0,,,0,,,0,,False,,,,,,,,,,,,N,C-MAN Station,,Bullwinkle Block 65,An industry-supplied payload,"27.883 N 90.900 W (27°53'0"" N 90°54'0"" W)",C
BUZM3,39,1985,2025,9,1997,2006,0,,,0,,,0,,,0,,,0,,,0,,,0,,,0,"cwind,stdmet",False,"Buzzards Bay, MA",41.397,-71.033,0.0,NDBC,NDBC Meteorological/Ocean,fixed,True,False,False,False,N,C-MAN Station,,"Buzzards Bay, MA",MARS payload,"41.397 N 71.033 W (41°23'48"" N 71°2'0"" W)",E
BVQW1,0,,,0,,,0,,,0,,,0,,,0,,,0,,,0,,,0,,,0,ocean,False,"Bayview Channel, Padilla Bay Reserve, WA",48.496,-122.501,,National Estuarine Research Reserve System,NERRS,fixed,False,False,True,False,NR,NERRS Water Quality Station,,"Bayview Channel, Padilla Bay Reserve, WA",,"48.496 N 122.501 W (48°29'47"" N 122°30'2"" W)",P
BWSF1,1,2025,2025,0,,,0,,,0,,,0,,,0,,,0,,,0,,,1,2025,2025,0,"ocean,stdmet",False,"Blackwater Sound, FL",25.178,-80.438,0.0,Everglades National Park,IOOS Partners,fixed,False,False,False,False,NP,Water Quality Station,,"Blackwater Sound, FL",,"25.178 N 80.438 W (25°10'42"" N 80°26'18"" W)",E
BYGL1,21,2005,2025,0,,,0,,,0,,,0,,,0,,,0,,,0,,,0,,,0,stdmet,False,"8762482 - West Bank 1, Bayou Gauche, LA",29.789,-90.42,0.0,NOS,NOS/CO-OPS,fixed,True,False,False,False,O,Water Level Observation Network,,"8762482 - West Bank 1, Bayou Gauche, LA",,"29.789 N 90.420 W (29°47'19"" N 90°25'12"" W)",C
BZBM3,22,2004,2025,0,,,0,,,0,,,0,,,0,,,0,,,0,,,0,,,0,stdmet,False,"8447930 - Woods Hole, MA",41.524,-70.671,2.5,NOS,NOS/CO-OPS,fixed,True,False,False,False,O,Water Level Observation Network,,"8447930 - Woods Hole, MA",,"41.524 N 70.671 W (41°31'25"" N 70°40'16"" W)",E
BZST2,9,2017,2025,0,,,0,,,0,,,0,,,0,,,0,,,0,,,0,,,0,stdmet,False,"8779749 - SPI Brazos Santiago, TX ",26.067,-97.155,10.26,TCOON,IOOS Partners,fixed,True,False,False,False,K,Water Level Observation Network,,"8779749 - SPI Brazos Santiago, TX",,"26.067 N 97.155 W (26°4'3"" N 97°9'17"" W)",C
C58W3,4,2012,2015,0,,,0,,,0,,,0,,,0,,,0,,,0,,,0,,,0,,False,,,,,,,,,,,,CG,Weather Station,,"Two Rivers CG Station, WI",,"44.146 N 87.563 W (44°8'46"" N 87°33'45"" W)",C
CAMF1,7,2008,2014,0,,,0,,,0,,,0,,,0,,,0,,,0,,,5,2009,2014,0,,False,,,,,,,,,,,,P,Shorebased Tower,,"Campbell Park, FL",,"27.765 N 82.649 W (27°45'52"" N 82°38'56"" W)",E
CAMM2,21,2005,2025,0,,,0,,,0,,,0,,,0,,,0,,,0,,,0,,,0,stdmet,False,"8571892 - Cambridge, MD",38.574,-76.069,2.3,NOS,NOS/CO-OPS,fixed,True,False,False,False,O,Water Level Observation Network,,"8571892 - Cambridge, MD",,"38.574 N 76.069 W (38°34'26"" N 76°4'7"" W)",E
CANF1,1,2025,2025,0,,,0,,,0,,,0,,,0,,,0,,,0,,,1,2025,2025,0,"ocean,stdmet",False,"Cane Patch, FL",25.422,-80.942,0.0,Everglades National Park,IOOS Partners,fixed,False,False,False,False,NP,Water Quality Station,,"Cane Patch, FL",,"25.422 N 80.942 W (25°25'20"" N 80°56'31"" W)",E
CAPL1,20,2005,2025,0,,,0,,,0,,,0,,,0,,,0,,,0,,,0,,,0,stdmet,False,"8768094 - Calcasieu Pass, LA",29.768,-93.343,0.0,NOS,NOS/CO-OPS,fixed,True,False,False,False,O,Water Level Observation Network,,"8768094 - Calcasieu Pass, LA",,"29.768 N 93.343 W (29°46'5"" N 93°20'34"" W)",C
CARL1,13,2013,2025,0,,,0,,,0,,,0,,,0,,,0,,,0,,,0,,,0,stdmet,False,"8761955 - Carrollton, LA ",29.933,-90.135,0.0,NOS,NOS/CO-OPS,fixed,False,False,False,False,O,Water Level Observation Network,,"8761955 - Carrollton, LA",,"29.933 N 90.135 W (29°55'58"" N 90°8'8"" W)",C
CARO3,28,1985,2012,0,,,0,,,0,,,0,,,0,,,0,,,0,,,0,,,0,,False,,,,,,,,,,,,N,C-MAN Station,,"Cape Arago, OR",MARS payload,"43.342 N 124.375 W (43°20'30"" N 124°22'30"" W)",P
CASM1,22,2004,2025,0,,,0,,,0,,,0,,,0,,,0,,,0,,,0,,,0,stdmet,False,"8418150 - Portland, ME",43.656,-70.246,3.9,NOS,NOS/CO-OPS,fixed,True,False,False,False,O,Water Level Observation Network,,"8418150 - Portland, ME",,"43.656 N 70.246 W (43°39'22"" N 70°14'46"" W)",E
CAVN6,2,2024,2025,0,,,0,,,0,,,0,,,0,,,0,,,0,,,0,,,0,stdmet,False,"9052000 - Cape Vincent, NY",44.13,-76.333,76.1225,NOS,NOS/CO-OPS,fixed,True,False,False,False,O,Water Level Observation Network,,"9052000 - Cape Vincent, NY",,"44.130 N 76.333 W (44°7'49"" N 76°19'59"" W)",E
CBBV2,13,2005,2017,0,,,0,,,0,,,0,,,0,,,0,,,0,,,0,,,0,,False,,,,,,,,,,,,O,Water Level Observation Network,,"8638863 - Chesapeake Bay Bridge Tunnel, VA",,"36.967 N 76.114 W (36°58'1"" N 76°6'49"" W)",E
CBCM2,1,2024,2024,0,,,0,,,0,,,0,,,0,,,0,,,0,,,0,,,0,,False,,,,,,,,,,,,PT,Moored Buoy,,Curtis Bay Ch. Entrance (8574837),,"39.223 N 76.540 W (39°13'24"" N 76°32'23"" W)",E
CBIM2,3,2005,2008,0,,,0,,,0,,,0,,,0,,,0,,,0,,,0,,,0,,False,,,,,,,,,,,,B,Coastal Marine Station,,Chesapeake Biological Laboratory Weather Station MD,,"38.317 N 76.451 W (38°19'2"" N 76°27'3"" W)",E
CBLO1,18,2007,2025,0,,,0,,,0,,,0,,,0,,,0,,,0,,,0,,,0,stdmet,False,"Conneaut Breakwater Light, OH",41.981,-80.556,177.0,"NWS WFO Cleveland, OH (CLE)",IOOS Partners,fixed,True,False,False,False,CLE,GLOS Weather Station,,"Conneaut Breakwater Light, OH",,"41.981 N 80.556 W (41°58'50"" N 80°33'20"" W)",E
CBRW3,18,2008,2025,0,,,0,,,0,,,0,,,0,,,0,,,0,,,0,,,0,stdmet,False,"Chambers Island, WI",45.198,-87.36,180.0,"NWS WFO Green Bay, WI (GRB)",IOOS Partners,fixed,True,False,False,False,GRB,GLOS Weather Station,,"Chambers Island, WI",,"45.198 N 87.360 W (45°11'54"" N 87°21'35"" W)",C
CCUF1,5,2008,2012,0,,,0,,,0,,,0,,,0,,,0,,,0,,,0,,,0,,False,,,,,,,,,,,,O,Water Level Observation Network,,"8726413 - C-Cut, St. Petersburg, FL",,"27.663 N 82.618 W (27°39'47"" N 82°37'5"" W)",E
CDEA2,20,2006,2025,0,,,0,,,0,,,0,,,0,,,0,,,0,,,0,,,0,stdmet,False,"Cape Decision, AK",56.001,-134.136,15.0,"NWS WFO Juneau, AK (AJK)",IOOS Partners,fixed,True,False,False,False,AJK,Weather Station,,"Cape Decision, AK",,"56.001 N 134.136 W (56°0'5"" N 134°8'9"" W)",A
CDRF1,29,1995,2023,0,,,0,,,0,,,0,,,0,,,0,,,0,,,0,,,0,stdmet,False,"Cedar Key, FL",29.136,-83.029,0.91,NDBC,NDBC Meteorological/Ocean,fixed,True,False,False,False,N,C-MAN Station,,"Cedar Key, FL",SM+ Payload,"29.136 N 83.029 W (29°8'10"" N 83°1'45"" W)",E
CDXA2,9,2017,2025,0,,,0,,,0,,,0,,,0,,,0,,,0,,,0,,,0,stdmet,False,"Cape Decision MXAK, AK",56.001,-134.136,15.2,Marine Exchange of Alaska,IOOS Partners,fixed,True,False,False,False,MA,Coastal Marine Station,,"Cape Decision MXAK, AK",,"56.001 N 134.136 W (56°0'5"" N 134°8'10"" W)",A
CECC1,21,2005,2025,0,,,0,,,0,,,0,,,0,,,0,,,0,,,0,,,0,stdmet,False,"9419750 - Crescent City, CA",41.746,-124.184,2.9,NOS,NOS/CO-OPS,fixed,True,False,False,False,O,Water Level Observation Network,,"9419750 - Crescent City, CA",,"41.746 N 124.184 W (41°44'44"" N 124°11'3"" W)",P
CFWM1,15,2011,2025,0,,,0,,,0,,,0,,,0,,,0,,,0,,,0,,,0,stdmet,False," 8411060 - Cutler Farris Wharf, ME",44.657,-67.205,3.8,NOS,NOS/CO-OPS,fixed,True,False,False,False,O,Water Level Observation Network,,"8411060 - Cutler Farris Wharf, ME",,"44.657 N 67.205 W (44°39'25"" N 67°12'17"" W)",E
CGCL1,3,2013,2015,0,,,0,,,0,,,0,,,0,,,0,,,0,,,0,,,0,,False,Cognac,28.791,-89.056,0.0,Shell Oil,IOOS Partners,fixed,False,False,False,False,SH,Offshore Tower,,Cognac,,"28.791 N 89.056 W (28°47'27"" N 89°3'23"" W)",C
CHAO3,21,2005,2025,0,,,0,,,0,,,0,,,0,,,0,,,0,,,0,,,0,stdmet,False,"9432780 - Charleston, OR",43.351,-124.337,,NOS,NOS/CO-OPS,fixed,True,False,False,False,O,Water Level Observation Network,,"9432780 - Charleston, OR",,"43.351 N 124.337 W (43°21'3"" N 124°20'13"" W)",P
CHAV3,21,2005,2025,0,,,0,,,0,,,0,,,0,,,0,,,0,,,0,,,0,stdmet,False,"9751639 - Charlotte Amalie, VI",18.335,-64.92,1.1,NOS,NOS/CO-OPS,fixed,True,False,False,False,O,Water Level Observation Network,,"9751639 - Charlotte Amalie, VI",,"18.335 N 64.920 W (18°20'6"" N 64°55'11"" W)",N
CHBV2,9,2017,2025,0,,,0,,,0,,,0,,,0,,,0,,,0,,,0,,,0,stdmet,False,"8638901 - Chesapeake Bay Bridge Tunnel, VA",37.032,-76.083,8.7,NOS,NOS/CO-OPS,fixed,True,False,False,False,O,Water Level Observation Network,,"8638901 - Chesapeake Bay Bridge Tunnel, VA",,"37.032 N 76.083 W (37°1'55"" N 76°4'59"" W)",E
CHCM2,21,2005,2025,0,,,0,,,0,,,0,,,0,,,0,,,0,,,0,,,0,stdmet,False,"8573927 - Chesapeake City, MD",39.527,-75.81,1.8,NOAA NOS PORTS,NOS/CO-OPS,fixed,True,False,False,False,PT,Water Level Observation Network,,"8573927 - Chesapeake City, MD",,"39.527 N 75.810 W (39°31'39"" N 75°48'36"" W)",E
CHDS1,15,2008,2022,0,,,0,,,0,,,0,,,0,,,0,,,0,,,0,,,0,,False,"Strom Thurmond Dam, SC",33.661,-82.199,116.1,"NWS WFO Columbia, SC (CAE)",IOOS Partners,fixed,False,False,False,False,CAE,Weather Station,,"Strom Thurmond Dam, SC",,"33.661 N 82.199 W (33°39'41"" N 82°11'55"" W)",E
CHII2,21,2005,2025,0,,,0,,,0,,,0,,,0,,,0,,,0,,,0,,,0,stdmet,False,"Harrison-Dever Crib, Chicago, IL",41.916,-87.572,176.0,GLERL,IOOS Partners,fixed,True,False,False,False,G,C-MAN Station,,"Harrison-Dever Crib, Chicago, IL",,"41.916 N 87.572 W (41°54'58"" N 87°34'20"" W)",C
CHLV2,33,1984,2016,9,1996,2004,0,,,0,,,0,,,0,,,0,,,0,,,0,,,0,,False,,,,,,,,,,,,N,C-MAN Station,,"Chesapeake Light, VA",DACT payload,"36.905 N 75.713 W (36°54'17"" N 75°42'46"" W)",E
CHSV3,18,2008,2025,0,,,0,,,0,,,0,,,0,,,0,,,0,,,0,,,0,stdmet,False,"9751364 - Christiansted Harbor, St. Croix, VI",17.748,-64.699,1.3,NOS,NOS/CO-OPS,fixed,True,False,False,False,O,Water Level Observation Network,,"9751364 - Christiansted Harbor, St. Croix, VI",,"17.748 N 64.699 W (17°44'53"" N 64°41'56"" W)",N
CHTM3,6,2020,2025,0,,,0,,,0,,,0,,,0,,,0,,,0,,,0,,,0,,False,"8447435 - Chatham, MA",41.688,-69.95,3.8,NOS,NOS/CO-OPS,fixed,False,False,False,False,O,Water Level Observation Network,,"8447435 - Chatham, MA",,"41.688 N 69.950 W (41°41'18"" N 69°57'0"" W)",E
CHTS1,14,2012,2025,0,,,0,,,0,,,0,,,0,,,0,,,0,,,0,,,0,stdmet,False,"8665530 - Charleston, Cooper River Entrance, SC",32.781,-79.924,2.6,NOS,NOS/CO-OPS,fixed,True,False,False,False,O,Water Level Observation Network,,"8665530 - Charleston, Cooper River Entrance, SC",,"32.781 N 79.924 W (32°46'51"" N 79°55'25"" W)",E
CHYV2,20,2006,2025,0,,,0,,,0,,,0,,,0,,,0,,,0,,,0,,,0,stdmet,False,"8638999 - Cape Henry, VA",36.926,-76.007,2.7,NOAA NOS PORTS,NOS/CO-OPS,fixed,True,False,False,False,PT,Water Level Observation Network,,"8638999 - Cape Henry, VA",,"36.926 N 76.007 W (36°55'35"" N 76°0'26"" W)",E
CHYW1,21,2005,2025,0,,,0,,,0,,,0,,,0,,,0,,,0,,,0,,,0,stdmet,False,"9449424 - Cherry Point, WA",48.863,-122.759,4.1,NOS,NOS/CO-OPS,fixed,True,False,False,False,O,Water Level Observation Network,,"9449424 - Cherry Point, WA",,"48.863 N 122.759 W (48°51'46"" N 122°45'32"" W)",P
CKYF1,3,2023,2025,0,,,0,,,0,,,0,,,0,,,0,,,0,,,0,,,0,stdmet,False,"8727520 - Cedar Key, FL",29.134,-83.031,6.3,NOS,NOS/CO-OPS,fixed,True,False,False,False,O,Water Level Observation Network,,"8727520 - Cedar Key, FL",,"29.134 N 83.031 W (29°8'2"" N 83°1'51"" W)",
CLBF1,6,2017,2022,0,,,0,,,0,,,0,,,0,,,0,,,0,,,4,2017,2020,0,,False,,,,,,,,,,,,P,Shorebased Tower,,"Clam Bayou, FL",,"27.736 N 82.686 W (27°44'10"" N 82°41'10"" W)",E
CLBP4,15,2009,2025,0,,,0,,,0,,,0,,,0,,,0,,,0,,,0,,,0,stdmet,False,"9752235 - Culebra, PR",18.301,-65.302,1.0,NOS,NOS/CO-OPS,fixed,True,False,False,False,O,Water Level Observation Network,,"9752235 - Culebra, PR",,"18.301 N 65.302 W (18°18'3"" N 65°18'9"" W)",N
CLKN7,42,1984,2025,0,,,0,,,0,,,0,,,0,,,0,,,0,,,0,,,0,stdmet,False,"Cape Lookout, NC",34.611,-76.528,3.1,NDBC,NDBC Meteorological/Ocean,fixed,True,False,False,False,N,C-MAN Station,,"Cape Lookout, NC",SM+ Payload,"34.611 N 76.528 W (34°36'39"" N 76°31'42"" W)",E
CLKNS,1,2025,2025,0,,,0,,,0,,,0,,,0,,,0,,,0,,,0,,,0,,False,,,,,,,,,,,,,,,,,,
CLLT2,2,2007,2008,0,,,0,,,0,,,0,,,0,,,0,,,0,,,0,,,0,,False,,,,,,,,,,,,K,Shorebased Tower,,"8770933 - Clear Lake, TX",,"29.563 N 95.067 W (29°33'48"" N 95°4'0"" W)",C
CLSM4,19,2007,2025,0,,,0,,,0,,,0,,,0,,,0,,,0,,,0,,,0,stdmet,False,"St. Clair Shores, MI",42.471,-82.877,175.0,"NWS WFO Detroit/Pontiac, MI (DTX)",IOOS Partners,fixed,True,False,False,False,DTX,GLOS Weather Station,,"St. Clair Shores, MI",,"42.471 N 82.877 W (42°28'16"" N 82°52'36"" W)",E
CMAN4,22,2004,2025,0,,,0,,,0,,,0,,,0,,,0,,,0,,,0,,,0,stdmet,False,"8536110 - Cape May, NJ",38.968,-74.96,3.2,NOS,NOS/CO-OPS,fixed,True,False,False,False,O,Water Level Observation Network,,"8536110 - Cape May, NJ",,"38.968 N 74.960 W (38°58'4"" N 74°57'36"" W)",E
CMLN3,7,2019,2025,0,,,0,,,0,,,0,,,0,,,0,,,0,,,0,,,0,stdmet,False,"Coastal Marine Lab, New Castle, NH",43.07,-70.7,,University of New Hampshire,IOOS Partners,fixed,True,False,False,False,NH,Coastal Marine Station,,"Coastal Marine Lab, New Castle, NH",,"43.070 N 70.700 W (43°4'12"" N 70°42'0"" W)",E
CMPO1,7,2019,2025,0,,,0,,,0,,,0,,,0,,,0,,,0,,,0,,,0,stdmet,False,"Camp Perry, OH",41.547,-83.015,175.0,"NWS WFO Cleveland, OH (CLE)",IOOS Partners,fixed,False,False,False,False,CLE,C-MAN Station,,"Camp Perry, OH",,"41.547 N 83.015 W (41°32'49"" N 83°0'54"" W)",E
CMTI2,22,2004,2025,0,,,0,,,0,,,0,,,0,,,0,,,0,,,0,,,0,stdmet,False,"9087044 - Calumet Harbor, IL",41.73,-87.538,178.5,NOS,NOS/CO-OPS,fixed,True,False,False,False,O,Water Level Observation Network,,"9087044 - Calumet Harbor, IL",,"41.730 N 87.538 W (41°43'48"" N 87°32'18"" W)",C
CNBF1,1,2025,2025,0,,,0,,,0,,,0,,,0,,,0,,,0,,,1,2025,2025,0,"ocean,stdmet",False,"Cannon Bay, FL",25.702,-81.186,0.0,Everglades National Park,IOOS Partners,fixed,False,False,False,False,NP,Water Quality Station,,"Cannon Bay, FL",,"25.702 N 81.186 W (25°42'7"" N 81°11'8"" W)",E
CNDO1,20,2006,2025,0,,,0,,,0,,,0,,,0,,,0,,,0,,,0,,,0,stdmet,False,"9063063 - Cleveland, OH",41.542,-81.637,176.1,NOS,NOS/CO-OPS,fixed,True,False,False,False,O,Water Level Observation Network,,"9063063 - Cleveland, OH",,"41.542 N 81.637 W (41°32'30"" N 81°38'12"" W)",E
CNII2,14,2012,2025,0,,,0,,,0,,,0,,,0,,,0,,,0,,,0,,,0,stdmet,False,"Northerly Isle, IL",41.856,-87.609,180.0,"NWS WFO Chicago, IL (LOT)",IOOS Partners,fixed,True,False,False,False,LOT,GLOS Weather Station,,"Northerly Isle, IL",,"41.856 N 87.609 W (41°51'21"" N 87°36'34"" W)",C
COVM2,20,2006,2025,0,,,0,,,0,,,0,,,0,,,0,,,0,,,0,,,0,stdmet,False,"8577018 - Cove Point LNG Pier, MD",38.402,-76.385,0.0,NOAA NOS PORTS,NOS/CO-OPS,fixed,True,False,False,False,PT,Water Level Observation Network,,"8577018 - Cove Point LNG Pier, MD",,"38.402 N 76.385 W (38°24'8"" N 76°23'7"" W)",E
COXA2,2,2024,2025,0,,,0,,,0,,,0,,,0,,,0,,,0,,,0,,,0,stdmet,False,"Cordova, AK",60.542,-145.766,7.6,Marine Exchange of Alaska,IOOS Partners,fixed,True,False,False,False,MA,Fixed Structure Weather Station,,"Cordova, AK",,"60.542 N 145.766 W (60°32'33"" N 145°45'58"" W)",A
CPMW1,10,2016,2025,0,,,0,,,0,,,0,,,0,,,0,,,0,,,0,,,0,stdmet,False,"9449419 - Cherry Point South Dock Met, WA",48.86,-122.756,4.6,NOAA NOS PORTS,NOS/CO-OPS,fixed,True,False,False,False,PT,Water Level Observation Network,,"9449419 - Cherry Point South Dock Met, WA",,"48.860 N 122.756 W (48°51'37"" N 122°45'22"" W)",P
CPNT2,7,2011,2017,0,,,0,,,0,,,0,,,0,,,0,,,0,,,0,,,0,,False,,,,,,,,,,,,K,Water Level Observation Network,,"8774513 - Copano Bay, TX",,"28.114 N 97.024 W (28°6'52"" N 97°1'28"" W)",C
CPNW1,7,2019,2025,0,,,0,,,0,,,0,,,0,,,0,,,0,,,0,,,0,stdmet,False,9449427 - Cherry Point North Dock Met,48.863,-122.758,4.6,NOAA NOS PORTS,NOS/CO-OPS,fixed,True,False,False,False,PT,Water Level Observation Network,,9449427 - Cherry Point North Dock Met,,"48.863 N 122.758 W (48°51'48"" N 122°45'29"" W)",P
CPSA2,2,2024,2025,0,,,0,,,0,,,0,,,0,,,0,,,0,,,0,,,0,stdmet,False,"Cape Seniavin, AK",56.397,-160.142,57.7,Marine Exchange of Alaska,IOOS Partners,fixed,True,False,False,False,MA,Coastal Marine Station,,"Cape Seniavin, AK",,"56.397 N 160.142 W (56°23'49"" N 160°8'30"" W)",A
CPTR1,22,2004,2025,0,,,0,,,0,,,0,,,0,,,0,,,0,,,0,,,0,stdmet,False,"8452944 - Conimicut Light, RI",41.717,-71.345,0.0,NOAA NOS PORTS,NOS/CO-OPS,fixed,True,False,False,False,PT,Water Level Observation Network,,"8452944 - Conimicut Light, RI",,"41.717 N 71.345 W (41°43'1"" N 71°20'42"" W)",E
CPVM2,11,2015,2025,0,,,0,,,0,,,0,,,0,,,0,,,0,,,0,,,0,stdmet,False,"8575437 - Chesapeake Bay Bridge Visibility, MD",38.995,-76.388,3.4,NOAA NOS PORTS,NOS/CO-OPS,fixed,True,False,False,False,PT,Water Level Observation Network,,"8575437 - Chesapeake Bay Bridge Visibility, MD",,"38.995 N 76.388 W (38°59'41"" N 76°23'17"" W)",E
CPXA2,4,2022,2025,0,,,0,,,0,,,0,,,0,,,0,,,0,,,0,,,0,stdmet,False,Captains Bay,53.843,-166.583,5.0,Marine Exchange of Alaska,IOOS Partners,fixed,True,False,False,False,MA,Coastal Marine Station,,Captains Bay,,"53.843 N 166.583 W (53°50'34"" N 166°35'0"" W)",A
CPXC1,18,2007,2025,0,,,0,,,0,,,0,,,0,,,0,,,0,,,15,2007,2025,0,"ocean,stdmet",False,"Cal Poly Pier, CA",35.17,-120.741,0.0,California Polytechnic State University,IOOS Partners,fixed,True,False,True,False,CP,Coastal Marine Station,,"Cal Poly Pier, CA",,"35.170 N 120.741 W (35°10'12"" N 120°44'27"" W)",P
CQUC1,7,2015,2024,0,,,0,,,0,,,0,,,0,,,0,,,0,,,10,2015,2024,0,,False,"Carquinez, CA",38.066,-122.23,,Central and Northern California Ocean Observing System,IOOS Partners,fixed,False,False,False,False,CN,Water Quality Station,,"Carquinez, CA",,"38.066 N 122.230 W (38°3'57"" N 122°13'49"" W)",P
CRGA2,6,2020,2025,0,,,0,,,0,,,0,,,0,,,0,,,0,,,0,,,0,stdmet,False,"Craig, AK",55.474,-133.136,28.9,"NWS WFO Juneau, AK (AJK)",IOOS Partners,fixed,True,False,False,False,AJK,C-MAN Station,,"Craig, AK",,"55.474 N 133.136 W (55°28'26"" N 133°8'10"" W)",A
CRTA1,15,2011,2025,0,,,0,,,0,,,0,,,0,,,0,,,0,,,10,2011,2020,0,,False,"Cedar Point, AL",30.308,-88.14,0.0,Dauphin Island Sea Lab,IOOS Partners,fixed,False,False,False,False,DI,C-MAN Station,,"Cedar Point, AL",,"30.308 N 88.140 W (30°18'30"" N 88°8'22"" W)",C
CRVA2,16,2010,2025,0,,,0,,,0,,,0,,,0,,,0,,,0,,,0,,,0,stdmet,False,"9454050 - Cordova, AK",60.558,-145.752,4.6,NOS,NOS/CO-OPS,fixed,True,False,False,False,O,Water Level Observation Network,,"9454050 - Cordova, AK",,"60.558 N 145.752 W (60°33'30"" N 145°45'6"" W)",A
CRYV2,20,2006,2025,0,,,0,,,0,,,0,,,0,,,0,,,0,,,0,,,0,stdmet,False,"8638595 - South Craney Island, VA",36.888,-76.338,1.0,NOAA NOS PORTS,NOS/CO-OPS,fixed,True,False,False,False,PT,Water Level Observation Network,,"8638595 - South Craney Island, VA",,"36.888 N 76.338 W (36°53'18"" N 76°20'18"" W)",E
CSBF1,21,1983,2003,0,,,0,,,0,,,0,,,0,,,0,,,0,,,0,,,0,,False,,,,,,,,,,,,N,C-MAN Station,,"Cape San Blas, FL",MARS payload,"29.672 N 85.357 W (29°40'18"" N 85°21'24"" W)",E
CSIM3,0,,,0,,,0,,,0,,,0,,,0,,,0,,,0,,,0,,,0,stdmet,False,Castle Island (NOS) 8444069,42.341,-71.012,3.321,NOAA NOS PORTS,NOS/CO-OPS,fixed,True,False,False,False,PT,Water Level Observation Network,,Castle Island (NOS) 8444069,,"42.341 N 71.012 W (42°20'27"" N 71°0'44"" W)",E
CSPA2,20,2006,2025,0,,,0,,,0,,,0,,,0,,,0,,,0,,,0,,,0,stdmet,False,"Cape Spencer, AK",58.199,-136.64,25.0,"NWS WFO Juneau, AK (AJK)",IOOS Partners,fixed,True,False,False,False,AJK,Weather Station,,"Cape Spencer, AK",,"58.199 N 136.640 W (58°11'56"" N 136°38'24"" W)",A
CSXA2,4,2022,2025,0,,,0,,,0,,,0,,,0,,,0,,,0,,,0,,,0,stdmet,False,Cape Spencer WX,58.199,-136.641,22.0,Marine Exchange of Alaska,IOOS Partners,fixed,True,False,False,False,MA,Coastal Marine Station,,Cape Spencer WX,,"58.199 N 136.641 W (58°11'57"" N 136°38'26"" W)",A
CTGM1,2,2009,2010,0,,,0,,,0,,,0,,,0,,,0,,,0,,,0,,,0,,False,,,,,,,,,,,,O,Water Level Observation Network,,"8411250 - Cutler, ME",,"44.642 N 67.297 W (44°38'30"" N 67°17'48"" W)",E
CWAF1,1,2025,2025,0,,,0,,,0,,,0,,,0,,,0,,,0,,,1,2025,2025,0,"ocean,stdmet",False,"Clear Water Pass, FL ",25.297,-81.013,0.0,Everglades National Park,IOOS Partners,fixed,False,False,False,False,NP,Water Quality Station,,"Clear Water Pass, FL",,"25.297 N 81.013 W (25°17'48"" N 81°0'47"" W)",E
CWBF1,21,2005,2025,0,,,0,,,0,,,0,,,0,,,0,,,0,,,0,,,0,stdmet,False,"8726724 - Clearwater Beach, FL",27.978,-82.832,1.3,NOS,NOS/CO-OPS,fixed,True,False,False,False,O,Water Level Observation Network,,"8726724 - Clearwater Beach, FL",,"27.978 N 82.832 W (27°58'40"" N 82°49'55"" W)",E
CWCI,0,,,0,,,0,,,0,,,0,,,0,,,0,,,0,,,0,,,0,stdmet,False,Caribou Island,47.334,-85.833,163.0,Environment and Climate Change Canada,International Partners,fixed,True,False,False,False,C,Weather Station,,Caribou Island,,"47.334 N 85.833 W (47°20'1"" N 85°49'58"" W)",C
CWQT2,0,,,0,,,0,,,0,,,0,,,0,,,0,,,0,,,0,,,0,ocean,False,"Copano Bay East, Mission-Aransas Reserve, TX",28.132,-97.034,,National Estuarine Research Reserve System,NERRS,fixed,False,False,True,False,NR,NERRS Water Quality Station,,"Copano Bay East, Mission-Aransas Reserve, TX",,"28.132 N 97.034 W (28°7'56"" N 97°2'4"" W)",C
CXHN6,1,2025,2025,0,,,0,,,0,,,0,,,0,,,0,,,0,,,0,,,0,stdmet,False,"Coxsackie, Hudson River (8518979)",42.353,-73.795,0.0,NOAA NOS PORTS,IOOS Partners,fixed,True,False,False,False,PT,Water Level Observation Network,,"Coxsackie, Hudson River (8518979)",,"42.353 N 73.795 W (42°21'10"" N 73°47'42"" W)",
CXLM2,1,2025,2025,0,,,0,,,0,,,0,,,0,,,0,,,0,,,1,2025,2025,0,"ocean,stdmet",False,Cooperative Oxford Laboratory,38.679,-76.174,,National Centers for Coastal Ocean Science,NOS/CO-OPS,fixed,True,False,True,False,N3,Coastal Marine Station,,Cooperative Oxford Laboratory,,"38.679 N 76.174 W (38°40'45"" N 76°10'27"" W)",E
CYGM4,9,2010,2025,0,,,0,,,0,,,0,,,0,,,0,,,0,,,0,,,0,stdmet,False,"Cheboygan Marina, MI",45.658,-84.464,178.0,"NWS WFO Gayloard, MI (APX)",IOOS Partners,fixed,True,False,False,False,APX,GLOS Weather Station,,"Cheboygan Marina, MI",,"45.658 N 84.464 W (45°39'28"" N 84°27'51"" W)",E
DARTP,0,,,0,,,0,,,0,,,0,,,0,,,0,,,0,,,0,,,0,,False,,,,,,,,,,,,N,2.6-meter discus buoy,,Test,DART II payload,"30.357 N 89.613 W (30°21'24"" N 89°36'45"" W)",?
DARTQ,0,,,0,,,0,,,0,,,0,,,0,,,0,,,0,,,0,,,0,,False,,,,,,,,,,,,N,2.6-meter discus buoy,,Test,DART II payload,"30.357 N 89.613 W (30°21'24"" N 89°36'45"" W)",?
DARTR,0,,,0,,,0,,,0,,,0,,,0,,,0,,,0,,,0,,,0,,False,,,,,,,,,,,,N,2.6-meter discus buoy,,TEST,DART II payload,"30.357 N 89.612 W (30°21'24"" N 89°36'45"" W)",?
DARTS,0,,,0,,,0,,,0,,,0,,,0,,,0,,,0,,,0,,,0,,False,,,,,,,,,,,,N,2.6-meter discus buoy,,TEST,DART II payload,"30.357 N 89.612 W (30°21'24"" N 89°36'45"" W)",?
DARTT,0,,,0,,,0,,,0,,,0,,,0,,,0,,,0,,,0,,,0,,False,,,,,,,,,,,,N,2.6-meter discus buoy,,TEST,DART II payload,"30.357 N 89.612 W (30°21'24"" N 89°36'45"" W)",?
DARTU,0,,,0,,,0,,,0,,,0,,,0,,,0,,,0,,,0,,,0,,False,,,,,,,,,,,,N,2.6-meter discus buoy,,TEST,DART II payload,"30.357 N 89.612 W (30°21'24"" N 89°36'45"" W)",?
DBLN6,43,1983,2025,0,,,0,,,0,,,0,,,0,,,0,,,0,,,0,,,0,"cwind,stdmet",False,"Dunkirk, NY",42.493,-79.353,182.9,NDBC,NDBC Meteorological/Ocean,fixed,True,False,False,False,N,C-MAN Station,,"Dunkirk, NY",SM+ Payload,"42.493 N 79.353 W (42°29'36"" N 79°21'12"" W)",E
DCXA2,1,2025,2025,0,,,0,,,0,,,0,,,0,,,0,,,0,,,0,,,0,stdmet,False,Devils Cove,58.351,-154.127,6.0,Marine Exchange of Alaska,IOOS Partners,fixed,True,False,False,False,MA,Coastal Marine Station,,Devils Cove,,"58.351 N 154.127 W (58°21'2"" N 154°7'37"" W)",A
DELD1,20,2006,2025,0,,,0,,,0,,,0,,,0,,,0,,,0,,,0,,,0,stdmet,False,"8551762 - Delaware City, DE",39.582,-75.589,2.3,NOAA NOS PORTS,NOS/CO-OPS,fixed,True,False,False,False,PT,Water Level Observation Network,,"8551762 - Delaware City, DE",,"39.582 N 75.589 W (39°34'56"" N 75°35'20"" W)",E
DESW1,42,1984,2025,0,,,0,,,0,,,0,,,0,,,0,,,0,,,0,,,0,stdmet,False,"Destruction Island, WA",47.675,-124.485,21.3,NDBC,NDBC Meteorological/Ocean,fixed,True,False,False,False,N,C-MAN Station,,"Destruction Island, WA",MARS payload,"47.675 N 124.485 W (47°40'30"" N 124°29'6"" W)",C
DHXA2,4,2022,2025,0,,,0,,,0,,,0,,,0,,,0,,,0,,,0,,,0,stdmet,False,"Deadhorse, AK",70.222,-148.419,15.0,Marine Exchange of Alaska,IOOS Partners,fixed,True,False,False,False,MA,Coastal Marine Station,,"Deadhorse, AK",,"70.222 N 148.419 W (70°13'20"" N 148°25'9"" W)",A
DILA1,4,2022,2025,0,,,0,,,0,,,0,,,0,,,0,,,0,,,0,,,0,stdmet,False,"8735180 - Dauphin Island, AL ",30.25,-88.075,7.1,NOS,NOS/CO-OPS,fixed,True,False,False,False,O,Water Level Observation Network,,"8735180 - Dauphin Island, AL",,"30.250 N 88.075 W (30°15'1"" N 88°4'30"" W)",
DISW3,43,1983,2025,0,,,0,,,0,,,0,,,0,,,0,,,0,,,0,,,0,stdmet,False,"Devils Island, WI",47.079,-90.728,191.7,NDBC,NDBC Meteorological/Ocean,fixed,True,False,False,False,N,C-MAN Station,,"Devils Island, WI",SM+ Payload,"47.079 N 90.728 W (47°4'46"" N 90°43'42"" W)",C
DKCM6,11,2008,2018,0,,,0,,,0,,,0,,,0,,,0,,,0,,,0,,,0,,False,,,,,,,,,,,,O,Water Level Observation Network,,"8741501 - Dock C, Port of Pascagoula, MS",,"30.356 N 88.567 W (30°21'21"" N 88°34'1"" W)",C
DKKF1,1,2025,2025,0,,,0,,,0,,,0,,,0,,,0,,,0,,,1,2025,2025,0,"ocean,stdmet",False,"Duck Key, FL",25.18,-80.49,0.0,Everglades National Park,IOOS Partners,fixed,False,False,False,False,NP,Water Quality Station,,"Duck Key, FL",,"25.180 N 80.490 W (25°10'48"" N 80°29'24"" W)",E
DMBC1,0,,,0,,,0,,,0,,,0,,,0,,,0,,,0,,,3,2007,2009,0,,False,,,,,,,,,,,,EB,CICORE water quality station,,"Dumbarton Bridge at Newark, CA",,"37.507 N 122.117 W (37°30'25"" N 122°7'0"" W)",P
DMNO3,5,2004,2015,0,,,0,,,0,,,0,,,0,,,0,,,0,,,1,2015,2015,0,,False,,,,,,,,,,,,CM,Coastal Marine Station,,"Desdemona Sands Light, OR",,"46.226 N 123.955 W (46°13'33"" N 123°57'18"" W)",P
DMSF1,12,2014,2025,0,,,0,,,0,,,0,,,0,,,0,,,0,,,0,,,0,stdmet,False,"8720219 - Dames Point, FL",30.387,-81.559,,NOAA NOS PORTS,NOS/CO-OPS,fixed,True,False,False,False,PT,Water Level Observation Network,,"8720219 - Dames Point, FL",,"30.387 N 81.559 W (30°23'14"" N 81°33'33"" W)",E
DOMV2,20,2006,2025,0,,,0,,,0,,,0,,,0,,,0,,,0,,,0,,,0,stdmet,False,"8638511 - Dominion Terminal Associates, VA",36.962,-76.424,3.9,NOAA NOS PORTS,NOS/CO-OPS,fixed,True,False,False,False,PT,Water Level Observation Network,,"8638511 - Dominion Terminal Associates, VA",,"36.962 N 76.424 W (36°57'44"" N 76°25'27"" W)",E
DPHA1,5,2021,2025,0,,,0,,,0,,,0,,,0,,,0,,,0,,,14,2008,2021,0,stdmet,False,"Dauphin Island Sea Lab, AL",30.251,-88.078,0.0,Dauphin Island Sea Lab,IOOS Partners,fixed,True,False,False,False,DI,Coastal Marine Station,,"Dauphin Island Sea Lab, AL",,"30.251 N 88.078 W (30°15'5"" N 88°4'40"" W)",C
DPIA1,35,1987,2021,0,,,0,,,0,,,0,,,0,,,0,,,0,,,0,,,0,,False,,,,,,,,,,,,N,C-MAN Station,,"Dauphin Island, AL",Sutron XPERT payload,"30.250 N 88.075 W (30°15'1"" N 88°4'30"" W)",C
DPLA2,4,2022,2025,0,,,0,,,0,,,0,,,0,,,0,,,0,,,0,,,0,stdmet,False,"Dutch Harbor APL, AK",53.884,-166.531,4.6,Marine Exchange of Alaska,IOOS Partners,fixed,True,False,False,False,MA,Coastal Marine Station,,"Dutch Harbor APL, AK",,"53.884 N 166.531 W (53°53'1"" N 166°31'53"" W)",A
DPOA2,4,2022,2025,0,,,0,,,0,,,0,,,0,,,0,,,0,,,0,,,0,,False,"Dutch Harbor Port Office, AK",53.903,-166.528,4.6,Marine Exchange of Alaska,IOOS Partners,fixed,False,False,False,False,MA,Coastal Marine Station,,"Dutch Harbor Port Office, AK",,"53.903 N 166.528 W (53°54'10"" N 166°31'42"" W)",A
DPXA2,4,2022,2025,0,,,0,,,0,,,0,,,0,,,0,,,0,,,0,,,0,stdmet,False,"Dutch Harbor Pilot Station, AK",53.889,-166.542,20.0,Marine Exchange of Alaska,IOOS Partners,fixed,True,False,False,False,MA,Coastal Marine Station,,"Dutch Harbor Pilot Station, AK",,"53.889 N 166.542 W (53°53'21"" N 166°32'32"" W)",A
DPXC1,13,2013,2025,0,,,0,,,0,,,0,,,0,,,0,,,0,,,0,,,0,stdmet,False,"9415141 - Davis Point, San Pablo Bay, CA",38.056,-122.264,,NOAA NOS PORTS,NOS/CO-OPS,fixed,False,False,False,False,PT,Water Level Observation Network,,"9415141 - Davis Point, San Pablo Bay, CA",,"38.056 N 122.264 W (38°3'22"" N 122°15'51"" W)",P
DRFA2,21,1999,2019,0,,,0,,,0,,,0,,,0,,,0,,,0,,,0,,,0,,False,,,,,,,,,,,,N,C-MAN Station,,"Drift River Terminal, AK",MARS payload,"60.553 N 152.137 W (60°33'12"" N 152°8'12"" W)",A
DRSD1,0,,,0,,,0,,,0,,,0,,,0,,,0,,,0,,,0,,,0,stdmet,False,"Saint Jones River, Delaware Reserve, DE",39.089,-75.437,1.2,National Estuarine Research Reserve System,NERRS,fixed,True,False,False,False,NR,NERRS Weather Station,,"Saint Jones River, Delaware Reserve, DE",,"39.089 N 75.437 W (39°5'20"" N 75°26'13"" W)",E
DRYF1,14,1992,2005,0,,,0,,,0,,,0,,,0,,,0,,,0,,,0,,,0,,False,,,,,,,,,,,,N,C-MAN Station,,"Dry Tortugas, FL",MARS payload,"24.638 N 82.862 W (24°38'18"" N 82°51'42"" W)",E
DSLN7,20,1984,2003,7,1996,2002,0,,,0,,,0,,,0,,,0,,,0,,,0,,,0,,False,,,,,,,,,,,,N,C-MAN Station,,"Diamond Shls Lt., NC",DACT payload,"35.153 N 75.297 W (35°9'12"" N 75°17'48"" W)",E
DTLM4,22,2004,2025,0,,,0,,,0,,,0,,,0,,,0,,,0,,,0,,,0,stdmet,False,"9075099 - De Tour Village, MI",45.993,-83.898,178.5,NOS,NOS/CO-OPS,fixed,True,False,False,False,O,Water Level Observation Network,,"9075099 - De Tour Village, MI",,"45.993 N 83.898 W (45°59'33"" N 83°53'54"" W)",E
DUCN7,13,1996,2008,4,1996,1999,0,,,0,,,0,,,0,,,0,,,0,,,4,2005,2008,0,,False,,,,,,,,,,,,N,C-MAN Station,,"Duck Pier, NC",ARES payload,"36.184 N 75.745 W (36°11'3"" N 75°44'43"" W)",E
DUKN7,18,2008,2025,0,,,0,,,0,,,0,,,0,,,0,,,0,,,0,,,0,stdmet,False," 8651370 - Duck Pier, NC ",36.184,-75.746,7.7,NOS,NOS/CO-OPS,fixed,True,False,False,False,O,Water Level Observation Network,,"8651370 - Duck Pier, NC",,"36.184 N 75.746 W (36°11'1"" N 75°44'44"" W)",E
DULM5,22,2004,2025,0,,,0,,,0,,,0,,,0,,,0,,,0,,,0,,,0,stdmet,False,"9099064 - Duluth, MN",46.776,-92.092,186.0,NOS,NOS/CO-OPS,fixed,True,False,False,False,O,Water Level Observation Network,,"9099064 - Duluth, MN",,"46.776 N 92.092 W (46°46'32"" N 92°5'31"" W)",C
EAZC1,0,,,0,,,0,,,0,,,0,,,0,,,0,,,0,,,0,,,0,ocean,False,"Azevedo Pond, Elkhorn Slough Reserve, CA",36.846,-121.754,,National Estuarine Research Reserve System,NERRS,fixed,False,False,True,False,NR,NERRS Water Quality Station,,"Azevedo Pond, Elkhorn Slough Reserve, CA",,"36.846 N 121.754 W (36°50'45"" N 121°45'14"" W)",P
EB01,6,1970,1975,0,,,0,,,0,,,0,,,0,,,0,,,0,,,0,,,0,,False,,,,,,,,,,,,N,12-meter discus buoy,,,,"36.500 N 73.500 W (36°30'0"" N 73°30'0"" W)",
EB10,5,1972,1976,0,,,0,,,0,,,0,,,0,,,0,,,0,,,0,,,0,,False,,,,,,,,,,,,N,12-meter discus buoy,,,EEP payload,"27.500 N 88.000 W (27°30'0"" N 88°0'0"" W)",C
EB31,1,1973,1973,0,,,0,,,0,,,0,,,0,,,0,,,0,,,0,,,0,,False,,,,,,,,,,,,N,12-meter discus buoy,,,LCB payload,"27.000 N 86.000 W (27°0'0"" N 86°0'0"" W)",
EB32,2,1974,1975,0,,,0,,,0,,,0,,,0,,,0,,,0,,,0,,,0,,False,,,,,,,,,,,,N,12-meter discus buoy,,,LCB payload,"27.000 N 84.300 W (27°0'0"" N 84°17'60"" W)",
EB33,3,1974,1976,0,,,0,,,0,,,0,,,0,,,0,,,0,,,0,,,0,,False,,,,,,,,,,,,N,6-meter NOMAD buoy,,,MVXI payload,"58.500 N 141.000 W (58°30'0"" N 141°0'0"" W)",A
EB35,2,1976,1977,0,,,0,,,0,,,0,,,0,,,0,,,0,,,0,,,0,,False,,,,,,,,,,,,N,6-meter NOMAD buoy,,,MVXI payload,"55.300 N 157.000 W (55°17'60"" N 157°0'0"" W)",A
EB36,1,1973,1973,0,,,0,,,0,,,0,,,0,,,0,,,0,,,0,,,0,,False,,,,,,,,,,,,N,USCG Large Navigational Buoy,,,LCB payload,"26.000 N 84.800 W (26°0'0"" N 84°47'60"" W)",?
EB43,2,1976,1977,0,,,0,,,0,,,0,,,0,,,0,,,0,,,0,,,0,,False,,,,,,,,,,,,N,6-meter NOMAD buoy,,,MVXI payload,"59.800 N 142.000 W (59°47'60"" N 142°0'0"" W)",A
EB52,1,1973,1973,0,,,0,,,0,,,0,,,0,,,0,,,0,,,0,,,0,,False,,,,,,,,,,,,N,USCG Large Navigational Buoy,,,,"38.400 N 74.300 W (38°23'60"" N 74°17'60"" W)",
EB53,1,1973,1973,0,,,0,,,0,,,0,,,0,,,0,,,0,,,0,,,0,,False,,,,,,,,,,,,N,USCG Large Navigational Buoy,,,DACT payload,"28.900 N 88.300 W (28°53'60"" N 88°17'60"" W)",E
EB61,3,1973,1975,0,,,0,,,0,,,0,,,0,,,0,,,0,,,0,,,0,,False,,,,,,,,,,,,N,GE,,,LCB payload,"26.900 N 84.600 W (26°53'60"" N 84°35'60"" W)",?
EB62,2,1974,1975,0,,,0,,,0,,,0,,,0,,,0,,,0,,,0,,,0,,False,,,,,,,,,,,,N,USCG Large Navigational Buoy,,,DACT payload,"29.000 N 85.600 W (29°0'0"" N 85°35'60"" W)",E
EB70,2,1976,1977,0,,,0,,,0,,,0,,,0,,,0,,,0,,,0,,,0,,False,,,,,,,,,,,,N,12-meter discus buoy,,,MVXII payload,"59.500 N 142.300 W (59°30'0"" N 142°18'0"" W)",A
EB90,1,1974,1974,0,,,0,,,0,,,0,,,0,,,0,,,0,,,0,,,0,,False,,,,,,,,,,,,N,12-meter discus buoy,02,BERING SEA,DACT payload,"47.000 N 130.900 W (47°0'0"" N 130°54'0"" W)",A
EB91,1,1975,1975,0,,,0,,,0,,,0,,,0,,,0,,,0,,,0,,,0,,False,,,,,,,,,,,,N,USCG Large Navigational Buoy,,,DACT payload,"38.400 N 74.300 W (38°23'60"" N 74°17'60"" W)",E
EB92,3,1975,1977,0,,,0,,,0,,,0,,,0,,,0,,,0,,,0,,,0,,False,,,,,,,,,,,,N,USCG Large Navigational Buoy,,,DACT payload,"28.500 N 90.000 W (28°30'0"" N 90°0'0"" W)",E
EBEF1,6,2020,2025,0,,,0,,,0,,,0,,,0,,,0,,,0,,,0,,,0,stdmet,False,"8726674 - East Bay, FL",27.923,-82.421,-0.5,NOAA NOS PORTS,NOS/CO-OPS,fixed,True,False,False,False,PT,Water Level Observation Network,,"8726674 - East Bay, FL",,"27.923 N 82.421 W (27°55'23"" N 82°25'17"" W)",E
EBSW1,15,2005,2019,0,,,0,,,0,,,0,,,0,,,0,,,0,,,0,,,0,stdmet,False,"9447130 - Seattle, WA",47.602,-122.338,3.8,NOS,NOS/CO-OPS,fixed,True,False,False,False,O,Water Level Observation Network,,"9447130 - Seattle, WA",,"47.602 N 122.338 W (47°36'6"" N 122°20'18"" W)",P
EFLA1,4,2022,2025,0,,,0,,,0,,,0,,,0,,,0,,,0,,,0,,,0,stdmet,False,"8734536 - E Range Front Light Visibility, AL",30.429,-88.01,4.3,NOAA NOS PORTS,NOS/CO-OPS,fixed,True,False,False,False,PT,Water Level Observation Network,,"8734536 - E Range Front Light Visibility, AL",,"30.429 N 88.010 W (30°25'43"" N 88°0'35"" W)",C
EGKF1,10,2004,2013,0,,,0,,,0,,,0,,,0,,,0,,,0,,,2,2009,2010,0,,False,,,,,,,,,,,,P,Shorebased Tower,,"EGK - Egmont Key, FL",,"27.601 N 82.759 W (27°36'5"" N 82°45'33"" W)",E
EHSC1,0,,,0,,,0,,,0,,,0,,,0,,,0,,,0,,,0,,,0,ocean,False,"North Marsh, Elkhorn Slough Reserve, CA",36.835,-121.738,,National Estuarine Research Reserve System,NERRS,fixed,False,False,True,False,NR,NERRS Water Quality Station,,"North Marsh, Elkhorn Slough Reserve, CA",,"36.835 N 121.738 W (36°50'5"" N 121°44'18"" W)",P
EINL1,11,2015,2025,0,,,0,,,0,,,0,,,0,,,0,,,0,,,0,,,0,stdmet,False,"8764314 - North of Eugene Island, LA",29.373,-91.384,6.0,NOAA NOS PORTS,NOS/CO-OPS,fixed,True,False,False,False,PT,Water Level Observation Network,,"8764314 - North of Eugene Island, LA",,"29.373 N 91.384 W (29°22'23"" N 91°23'2"" W)",C
ELFA2,18,2008,2025,0,,,0,,,0,,,0,,,0,,,0,,,0,,,0,,,0,stdmet,False,"9452634 - Elfin Cove, AK",58.193,-136.347,,NOS,NOS/CO-OPS,fixed,True,False,False,False,O,Water Level Observation Network,,"9452634 - Elfin Cove, AK",,"58.193 N 136.347 W (58°11'35"" N 136°20'48"" W)",A
ELQC1,0,,,0,,,0,,,0,,,0,,,0,,,0,,,0,,,0,,,0,ocean,False,"South Marsh, Elkhorn Slough Reserve, CA",36.818,-121.739,,National Estuarine Research Reserve System,NERRS,fixed,False,False,True,False,NR,NERRS Water Quality Station,,"South Marsh, Elkhorn Slough Reserve, CA",,"36.818 N 121.739 W (36°49'5"" N 121°44'22"" W)",P
ELXA2,1,2025,2025,0,,,0,,,0,,,0,,,0,,,0,,,0,,,0,,,0,stdmet,False,Cape St. Elias,59.798,-144.6,9.0,Marine Exchange of Alaska,IOOS Partners,fixed,True,False,False,False,MA,Coastal Marine Station,,Cape St. Elias,,"59.798 N 144.600 W (59°47'53"" N 144°36'1"" W)",A
ELXC1,0,,,0,,,0,,,0,,,0,,,0,,,0,,,0,,,0,,,0,stdmet,False,"Caspian Weather Station, Elkhorn Slough Reserve, CA",36.815,-121.738,15.85,National Estuarine Research Reserve System,NERRS,fixed,False,False,False,False,NR,NERRS Weather Station,,"Caspian Weather Station, Elkhorn Slough Reserve, CA",,"36.815 N 121.738 W (36°48'56"" N 121°44'18"" W)",P
EMAT2,9,2017,2025,0,,,0,,,0,,,0,,,0,,,0,,,0,,,0,,,0,stdmet,False,"8773146 - Matagorda City, TX",28.71,-95.914,0.9,TCOON,IOOS Partners,fixed,True,False,False,False,K,Water Level Observation Network,,"8773146 - Matagorda City, TX",,"28.710 N 95.914 W (28°42'36"" N 95°54'50"" W)",C
EPTT2,19,2007,2025,0,,,0,,,0,,,0,,,0,,,0,,,0,,,0,,,0,stdmet,False,"8771013 - Eagle Point, TX",29.481,-94.917,2.3,TCOON,IOOS Partners,fixed,True,False,False,False,K,Water Level Observation Network,,"8771013 - Eagle Point, TX",,"29.481 N 94.917 W (29°28'53"" N 94°55'2"" W)",C
EREP1,11,2014,2024,0,,,0,,,0,,,0,,,0,,,0,,,0,,,0,,,0,,False,9063038 - Erie,42.172,-80.098,177.0,NOS,NOS/CO-OPS,fixed,False,False,False,False,O,Water Level Observation Network,,9063038 - Erie,,"42.172 N 80.098 W (42°10'19"" N 80°5'51"" W)",E
ERKC1,0,,,0,,,0,,,0,,,0,,,0,,,0,,,0,,,7,2007,2013,0,,False,,,,,,,,,,,,HU,CICORE water quality station,,"Dock B Eureka, CA",,"40.778 N 124.196 W (40°46'40"" N 124°11'47"" W)",P
EROA2,20,2006,2025,0,,,0,,,0,,,0,,,0,,,0,,,0,,,0,,,0,,False,"Eldred Rock, AK",58.971,-135.221,17.0,"NWS WFO Juneau, AK (AJK)",IOOS Partners,fixed,False,False,False,False,AJK,Weather Station,,"Eldred Rock, AK",,"58.971 N 135.221 W (58°58'17"" N 135°13'16"" W)",A
ERTF1,9,2006,2014,0,,,0,,,0,,,0,,,0,,,0,,,0,,,0,,,0,,False,,,,,,,,,,,,O,Water Level Observation Network,,"8726669 - Berth 223 Met, FL",,"27.920 N 82.442 W (27°55'12"" N 82°26'30"" W)",E
ERXA2,9,2017,2025,0,,,0,,,0,,,0,,,0,,,0,,,0,,,0,,,0,stdmet,False,"Eldred Rock MXAK, AK",58.971,-135.221,16.8,Marine Exchange of Alaska,IOOS Partners,fixed,True,False,False,False,MA,Coastal Marine Station,,"Eldred Rock MXAK, AK",,"58.971 N 135.221 W (58°58'17"" N 135°13'15"" W)",A
ESPP4,17,2009,2025,0,,,0,,,0,,,0,,,0,,,0,,,0,,,0,,,0,stdmet,False,"9752695 - Esperanza, Viequez Island, PR",18.094,-65.471,2.0,NOS,NOS/CO-OPS,fixed,True,False,False,False,O,Water Level Observation Network,,"9752695 - Esperanza, Viequez Island, PR",,"18.094 N 65.471 W (18°5'38"" N 65°28'17"" W)",N
ET01Z,1,2018,2018,0,,,0,,,0,,,0,,,0,,,0,,,0,,,0,,,0,,False,,,,,,,,,,,,,,,,,,
EVMC1,0,,,0,,,0,,,0,,,0,,,0,,,0,,,0,,,0,,,0,ocean,False,"Vierra Mouth, Elkhorn Slough Reserve, CA",36.811,-121.779,,National Estuarine Research Reserve System,NERRS,fixed,False,False,True,False,NR,NERRS Water Quality Station,,"Vierra Mouth, Elkhorn Slough Reserve, CA",,"36.811 N 121.779 W (36°48'40"" N 121°46'45"" W)",P
F022L,1,2019,2019,0,,,0,,,0,,,0,,,0,,,0,,,0,,,0,,,0,,False,,,,,,,,,,,,,,,,,,
FAIO1,17,2009,2025,0,,,0,,,0,,,0,,,0,,,0,,,0,,,0,,,0,stdmet,False,"9063053 - Fairport, OH",41.764,-81.281,176.4,NOS,NOS/CO-OPS,fixed,True,False,False,False,O,Water Level Observation Network,,"9063053 - Fairport, OH",,"41.764 N 81.281 W (41°45'51"" N 81°16'52"" W)",E
FARP2,3,1988,1990,0,,,0,,,0,,,0,,,0,,,0,,,0,,,0,,,0,,False,,,,,,,,,,,,N,C-MAN Station,,"Faraulep, Carolines Island",DACT payload,"8.583 N 144.583 E (8°35'0"" N 144°35'0"" E)",?
FBIS1,40,1984,2023,0,,,0,,,0,,,0,,,0,,,0,,,0,,,1,2005,2005,0,stdmet,False,"Folly Island, SC",32.684,-79.887,3.0,NDBC,NDBC Meteorological/Ocean,fixed,True,False,False,False,N,C-MAN Station,,"Folly Island, SC",SM+ Payload,"32.684 N 79.887 W (32°41'3"" N 79°53'12"" W)",E
FBISA,0,,,0,,,0,,,0,,,0,,,0,,,0,,,0,,,1,2005,2005,0,,False,,,,,,,,,,,,,,,,,,
FBPS1,4,2007,2010,0,,,0,,,0,,,0,,,0,,,0,,,0,,,0,,,0,,False,,,,,,,,,,,,NS,Coastal Marine Station,,"Folly Beach Pier, SC",,"32.652 N 79.938 W (32°39'7"" N 79°56'17"" W)",E
FCGT2,13,2008,2020,0,,,0,,,0,,,0,,,0,,,0,,,0,,,0,,,0,,False,,,,,,,,,,,,O,Water Level Observation Network,,"8772447 - USCG Freeport, TX",,"28.943 N 95.302 W (28°56'36"" N 95°18'9"" W)",C
FFFC1,0,,,0,,,0,,,0,,,0,,,0,,,0,,,0,,,0,,,0,ocean,False,"First Mallard, San Francisco Bay Reserve, CA",38.195,-122.033,,National Estuarine Research Reserve System,NERRS,fixed,False,False,True,False,NR,NERRS Water Quality Station,,"First Mallard, San Francisco Bay Reserve, CA",,"38.195 N 122.033 W (38°11'42"" N 122°1'58"" W)",P
FFIA2,42,1984,2025,0,,,0,,,0,,,0,,,0,,,0,,,0,,,0,,,0,,False,"Five Fingers, AK",57.27,-133.631,6.7,NDBC,NDBC Meteorological/Ocean,fixed,False,False,False,False,N,C-MAN Station,,"Five Fingers, AK",Sutron XPERT payload,"57.270 N 133.631 W (57°16'13"" N 133°37'53"" W)",A
FGBL1,6,2005,2010,0,,,0,,,0,,,0,,,0,,,2,2007,2010,0,,,1,2009,2009,0,,False,,,,,,,,,,,,Q,Fixed Structure Weather Station,,High Island 334,,"28.118 N 93.670 W (28°7'6"" N 93°40'12"" W)",C
FHPF1,19,2005,2024,0,,,0,,,0,,,0,,,0,,,0,,,0,,,0,,,0,,False,,,,,,,,,,,,P,Shorebased Tower,,"FHP - Fred Howard Park, FL",,"28.153 N 82.801 W (28°9'11"" N 82°48'4"" W)",E
FILA2,23,2003,2025,0,,,0,,,0,,,0,,,0,,,0,,,0,,,0,,,0,stdmet,False,"Flat Island Light, AK",59.331,-151.995,17.9,NDBC,NDBC Meteorological/Ocean,fixed,True,False,False,False,N,C-MAN Station,,"Flat Island Light, AK",SM+ Payload,"59.331 N 151.995 W (59°19'52"" N 151°59'42"" W)",A
FLQN6,0,,,0,,,0,,,0,,,0,,,0,,,0,,,0,,,0,,,0,ocean,False,"Ferry Landing, Hudson River Reserve, NY",42.354,-73.789,,National Estuarine Research Reserve System,NERRS,fixed,False,False,False,False,NR,NERRS Water Quality Station,,"Ferry Landing, Hudson River Reserve, NY",,"42.354 N 73.789 W (42°21'14"" N 73°47'21"" W)",E
FMNS1,0,,,0,,,0,,,0,,,0,,,0,,,0,,,0,,,0,,,0,ocean,False,"Fort Johnson, ACE Basin Reserve, SC",32.753,-79.899,,National Estuarine Research Reserve System,NERRS,fixed,False,False,True,False,NR,NERRS Water Quality Station,,"Fort Johnson, ACE Basin Reserve, SC",,"32.753 N 79.899 W (32°45'12"" N 79°53'56"" W)",E
FMOA1,16,2008,2023,0,,,0,,,0,,,0,,,0,,,0,,,0,,,0,,,0,,False,,,,,,,,,,,,PT,Water Level Observation Network,,"8734673 - Fort Morgan, AL",,"30.228 N 88.024 W (30°13'42"" N 88°1'27"" W)",C
FMRF1,21,2005,2025,0,,,0,,,0,,,0,,,0,,,0,,,0,,,0,,,0,stdmet,False,"8725520 - Fort Myers, FL",26.647,-81.871,1.4,NOS,NOS/CO-OPS,fixed,True,False,False,False,O,Water Level Observation Network,,"8725520 - Fort Myers, FL",,"26.647 N 81.871 W (26°38'50"" N 81°52'15"" W)",E
FOXR1,22,2004,2025,0,,,0,,,0,,,0,,,0,,,0,,,0,,,0,,,0,stdmet,False,"8454000 - Providence, RI",41.807,-71.401,2.7,NOS,NOS/CO-OPS,fixed,True,False,False,False,O,Water Level Observation Network,,"8454000 - Providence, RI",,"41.807 N 71.401 W (41°48'25"" N 71°24'2"" W)",E
FPKG1,21,2005,2025,0,,,0,,,0,,,0,,,0,,,0,,,0,,,0,,,0,stdmet,False,"8670870 - Fort Pulaski, GA",32.035,-80.903,2.9,NOS,NOS/CO-OPS,fixed,True,False,False,False,O,Water Level Observation Network,,"8670870 - Fort Pulaski, GA",,"32.035 N 80.903 W (32°2'5"" N 80°54'11"" W)",E
FPSN7,25,1984,2008,9,1996,2004,0,,,0,,,0,,,0,,,0,,,0,,,0,,,0,,False,,,,,,,,,,,,N,C-MAN Station,,"Frying Pan Shoals, NC",DACT payload,"33.485 N 77.590 W (33°29'6"" N 77°35'24"" W)",E
FPST2,8,2018,2025,0,,,0,,,0,,,0,,,0,,,0,,,0,,,0,,,0,stdmet,False,"8772471 - Freeport SPIP, TX",28.936,-95.294,0.0,NOS,NOS/CO-OPS,fixed,True,False,False,False,O,Water Level Observation Network,,"8772471 - Freeport SPIP, TX",,"28.936 N 95.294 W (28°56'9"" N 95°17'39"" W)",C
FPTM4,20,2006,2025,0,,,0,,,0,,,0,,,0,,,0,,,0,,,0,,,0,stdmet,False,"Fairport, MI",45.619,-86.66,184.0,"NWS WFO Marquette, MI (MQT)",IOOS Partners,fixed,True,False,False,False,MQT,GLOS Weather Station,,"Fairport, MI",,"45.619 N 86.660 W (45°37'7"" N 86°39'34"" W)",E
FPTT2,4,2005,2008,0,,,0,,,0,,,0,,,0,,,0,,,0,,,0,,,0,,False,,,,,,,,,,,,O,Water Level Observation Network,,"8772440 - Freeport, TX",,"28.948 N 95.308 W (28°56'54"" N 95°18'30"" W)",C
FPXC1,4,2015,2023,0,,,0,,,0,,,0,,,0,,,0,,,0,,,9,2015,2023,0,,False,"Fort Point, CA",37.807,-122.466,,"University of California Davis, Bodega Marine Laboratory",IOOS Partners,fixed,False,False,False,False,BM,Water Quality Station,,"Fort Point, CA",,"37.807 N 122.466 W (37°48'24"" N 122°27'58"" W)",P
FRCB6,9,2016,2025,0,,,0,,,0,,,0,,,0,,,0,,,0,,,0,,,0,stdmet,False,"2695535 - Bermuda, Ferry Reach Channel, BM",32.37,-64.695,1.8,NOS,NOS/CO-OPS,fixed,True,False,False,False,O,Water Level Observation Network,,"2695535 - Bermuda, Ferry Reach Channel, BM",,"32.370 N 64.695 W (32°22'12"" N 64°41'42"" W)",N
FRDF1,21,2005,2025,0,,,0,,,0,,,0,,,0,,,0,,,0,,,0,,,0,stdmet,False,"8720030 - Fernandina Beach, FL",30.675,-81.465,2.2,NOS,NOS/CO-OPS,fixed,True,False,False,False,O,Water Level Observation Network,,"8720030 - Fernandina Beach, FL",,"30.675 N 81.465 W (30°40'31"" N 81°27'54"" W)",E
FRDP4,8,2010,2017,0,,,0,,,0,,,0,,,0,,,0,,,0,,,0,,,0,,False,"9753216 - Fajardo, PR",18.335,-65.631,,Puerto Rico Seismic Network,IOOS Partners,fixed,False,False,False,False,PN,Water Level Observation Network,,"9753216 - Fajardo, PR",,"18.335 N 65.631 W (18°20'6"" N 65°37'52"" W)",N
FRDW1,21,2005,2025,0,,,0,,,0,,,0,,,0,,,0,,,0,,,0,,,0,stdmet,False,"9449880 - Friday Harbor, WA",48.545,-123.012,6.1,NOS,NOS/CO-OPS,fixed,True,False,False,False,O,Water Level Observation Network,,"9449880 - Friday Harbor, WA",,"48.545 N 123.012 W (48°32'43"" N 123°0'44"" W)",P
FREL1,7,2015,2021,0,,,0,,,0,,,0,,,0,,,0,,,0,,,0,,,0,,False,,,,,,,,,,,,O,Water Level Observation Network,,"8762484 - Frenier Landing, LA",,"30.106 N 90.422 W (30°6'21"" N 90°25'21"" W)",C
FRFN7,7,2013,2020,0,,,0,,,0,,,0,,,0,,,0,,,0,,,0,,,0,,False,"USACE-CHL Field Research Facility, Duck, NC",36.19,-75.739,-11.4,U.S. Army Corps of Engineers,IOOS Partners,buoy,False,False,False,False,AC,Waverider Buoy,,"USACE-CHL Field Research Facility, Duck, NC",,"36.190 N 75.739 W (36°11'23"" N 75°44'21"" W)",E
FRKF1,0,,,0,,,0,,,0,,,0,,,0,,,0,,,0,,,3,2009,2011,0,,False,,,,,,,,,,,,TC,Shorebased Tower,,"Frog Creek, FL",,"27.591 N 82.552 W (27°35'28"" N 82°33'8"" W)",E
FRMA1,3,2023,2025,0,,,0,,,0,,,0,,,0,,,0,,,0,,,0,,,0,stdmet,False,"8734383 - Fort Morgan, AL",30.234,-87.994,1.629,NOAA NOS PORTS,NOS/CO-OPS,fixed,True,False,False,False,PT,Water Level Observation Network,,"8734383 - Fort Morgan, AL",,"30.234 N 87.994 W (30°14'4"" N 87°59'37"" W)",C
FRPS1,3,2006,2008,0,,,0,,,0,,,0,,,0,,,0,,,0,,,0,,,0,,False,,,,,,,,,,,,O,Water Level Observation Network,,"8668498 - Fripps Inlet, SC",,"32.340 N 80.460 W (32°20'24"" N 80°27'36"" W)",E
FRVM3,22,2004,2025,0,,,0,,,0,,,0,,,0,,,0,,,0,,,0,,,0,stdmet,False,"8447386 - Fall River, MA",41.704,-71.164,2.3,NOAA NOS PORTS,NOS/CO-OPS,fixed,True,False,False,False,PT,Water Level Observation Network,,"8447386 - Fall River, MA",,"41.704 N 71.164 W (41°42'15"" N 71°9'50"" W)",E
FRWL1,17,2009,2025,0,,,0,,,0,,,0,,,0,,,0,,,0,,,0,,,0,stdmet,False,"8766072 - Freshwater Canal Locks, LA",29.552,-92.305,2.1,NOS,NOS/CO-OPS,fixed,True,False,False,False,O,Water Level Observation Network,,"8766072 - Freshwater Canal Locks, LA",,"29.552 N 92.305 W (29°33'6"" N 92°18'19"" W)",C
FRXM3,11,2015,2025,0,,,0,,,0,,,0,,,0,,,0,,,0,,,0,,,0,stdmet,False,"8447412 - Fall River Visibility, MA",41.696,-71.18,2.1,NOAA NOS PORTS,NOS/CO-OPS,fixed,True,False,False,False,PT,Water Level Observation Network,,"8447412 - Fall River Visibility, MA",,"41.696 N 71.180 W (41°41'46"" N 71°10'48"" W)",E
FSKM2,21,2005,2025,0,,,0,,,0,,,0,,,0,,,0,,,0,,,0,,,0,stdmet,False,"8574728 - Francis Scott Key Bridge, MD",39.219,-76.528,4.4,NOAA NOS PORTS,NOS/CO-OPS,fixed,True,False,False,False,PT,Water Level Observation Network,,"8574728 - Francis Scott Key Bridge, MD",,"39.219 N 76.528 W (39°13'9"" N 76°31'41"" W)",E
FSNM2,9,2016,2024,0,,,0,,,0,,,0,,,0,,,0,,,0,,,0,,,0,,False,,,,,,,,,,,,PT,Water Level Observation Network,,"8574729 - Francis Scott Key Bridge NE Tower, MD",,"39.219 N 76.525 W (39°13'10"" N 76°31'30"" W)",E
FSTI2,11,2011,2021,0,,,0,,,0,,,0,,,0,,,0,,,0,,,0,,,0,stdmet,False,"Foster Ave., Chicago, IL",41.976,-87.648,179.0,Chicago Park District,IOOS Partners,fixed,True,False,False,False,CH,C-MAN Station,,"Foster Ave., Chicago, IL",,"41.976 N 87.648 W (41°58'35"" N 87°38'51"" W)",C
FTGM4,22,2004,2025,0,,,0,,,0,,,0,,,0,,,0,,,0,,,0,,,0,stdmet,False,"9014098 - Fort Gratiot, MI",43.007,-82.422,178.9,NOS,NOS/CO-OPS,fixed,True,False,False,False,O,Water Level Observation Network,,"9014098 - Fort Gratiot, MI",,"43.007 N 82.422 W (43°0'24"" N 82°25'21"" W)",E
FTPC1,21,2005,2025,0,,,0,,,0,,,0,,,0,,,0,,,0,,,0,,,0,stdmet,False,"9414290 - San Francisco, CA",37.806,-122.466,2.7,NOS,NOS/CO-OPS,fixed,True,False,False,False,O,Water Level Observation Network,,"9414290 - San Francisco, CA",,"37.806 N 122.466 W (37°48'23"" N 122°27'57"" W)",P
FWIC3,7,2004,2010,0,,,0,,,0,,,0,,,0,,,0,,,0,,,0,,,0,,False,,,,,,,,,,,,I,Long Island Ferry,,"Fayerweather Island, CT",,"41.150 N 73.172 W (41°9'0"" N 73°10'19"" W)",E
FWYF1,32,1991,2022,0,,,0,,,0,,,0,,,0,,,0,,,0,,,4,2005,2008,0,,False,"Fowey Rock, FL",25.591,-80.097,0.0,NDBC,NDBC Meteorological/Ocean,fixed,False,False,False,False,N,C-MAN Station,,"Fowey Rock, FL",MARS payload,"25.591 N 80.097 W (25°35'26"" N 80°5'48"" W)",E
GBCL1,4,1989,1992,0,,,0,,,0,,,0,,,0,,,0,,,0,,,0,,,0,,False,,,,,,,,,,,,N,C-MAN Station,,Garden Banks,,"27.800 N 93.100 W (27°48'0"" N 93°6'0"" W)",C
GBCM6,0,,,0,,,0,,,0,,,0,,,0,,,0,,,0,,,0,,,0,ocean,False,"Bayou Cumbest, Grand Bay Reserve, MS",30.384,-88.436,,National Estuarine Research Reserve System,NERRS,fixed,False,False,False,False,NR,NERRS Water Quality Station,,"Bayou Cumbest, Grand Bay Reserve, MS",,"30.384 N 88.436 W (30°23'1"" N 88°26'11"" W)",C
GBHM6,0,,,0,,,0,,,0,,,0,,,0,,,0,,,0,,,0,,,0,ocean,False,"Bayou Heron, Grand Bay Reserve, MS",30.418,-88.405,,National Estuarine Research Reserve System,NERRS,fixed,False,False,True,False,NR,NERRS Water Quality Station,,"Bayou Heron, Grand Bay Reserve, MS",,"30.418 N 88.405 W (30°25'4"" N 88°24'19"" W)",C
GBIF1,1,2025,2025,0,,,0,,,0,,,0,,,0,,,0,,,0,,,1,2025,2025,0,"ocean,stdmet",False,"Gunboat Island, FL",25.378,-81.029,0.0,Everglades National Park,IOOS Partners,fixed,False,False,False,False,NP,Water Quality Station,,"Gunboat Island, FL",,"25.378 N 81.029 W (25°22'41"" N 81°1'46"" W)",E
GBLW3,8,2005,2012,0,,,0,,,0,,,0,,,0,,,0,,,0,,,0,,,0,,False,,,,,,,,,,,,GRB,Weather Station,,"Green Bay Entrance Light, WI",,"44.653 N 87.901 W (44°39'11"" N 87°54'4"" W)",E
GBTF1,1,2025,2025,0,,,0,,,0,,,0,,,0,,,0,,,0,,,1,2025,2025,0,"ocean,stdmet",False,"Garfield Bight, FL",25.167,-80.801,0.0,Everglades National Park,IOOS Partners,fixed,False,False,False,False,NP,Water Quality Station,,"Garfield Bight, FL",,"25.167 N 80.801 W (25°10'2"" N 80°48'5"" W)",E
GBWW3,6,2020,2025,0,,,0,,,0,,,0,,,0,,,0,,,0,,,0,,,0,stdmet,False,"9087077 - Green Bay West, WI",44.538,-88.003,177.0,NOS,NOS/CO-OPS,fixed,True,False,False,False,O,Water Level Observation Network,,"9087077 - Green Bay West, WI",,"44.538 N 88.003 W (44°32'18"" N 88°0'12"" W)",C
GBXA2,4,2022,2025,0,,,0,,,0,,,0,,,0,,,0,,,0,,,0,,,0,stdmet,False,"Gambell, AK",63.777,-171.715,10.0,Marine Exchange of Alaska,IOOS Partners,fixed,True,False,False,False,MA,Coastal Marine Station,,"Gambell, AK",,"63.777 N 171.715 W (63°46'37"" N 171°42'55"" W)",A
GCTF1,7,2018,2024,0,,,0,,,0,,,0,,,0,,,0,,,0,,,0,,,0,,False,,,,,,,,,,,,PT,Water Level Observation Network,,"8726524 - Gadsden Cut, Tampa Bay, FL",,"27.774 N 82.517 W (27°46'25"" N 82°31'1"" W)",E
GCVF1,3,2014,2016,0,,,0,,,0,,,0,,,0,,,0,,,0,,,0,,,0,,False,,,,,,,,,,,,O,Water Level Observation Network,,"8720503 - Red Bay Point, St. Johns River, FL",,"29.982 N 81.634 W (29°58'54"" N 81°38'3"" W)",E
GDIL1,22,1984,2005,0,,,0,,,0,,,0,,,0,,,0,,,0,,,0,,,0,,False,,,,,,,,,,,,N,C-MAN Station,,"Grand Isle, LA",MARS payload,"29.267 N 89.957 W (29°16'0"" N 89°57'24"" W)",C
GDIV2,4,2006,2009,0,,,0,,,0,,,0,,,0,,,0,,,0,,,0,,,0,,False,,,,,,,,,,,,VM,Marine Observation Station,,Goodwin Island Met Station,,"37.222 N 76.404 W (37°13'20"" N 76°24'14"" W)",E
GDMM5,22,2004,2025,0,,,0,,,0,,,0,,,0,,,0,,,0,,,0,,,0,stdmet,False,"9099090 - Grand Marais, MN",47.749,-90.341,185.2,NOS,NOS/CO-OPS,fixed,True,False,False,False,O,Water Level Observation Network,,"9099090 - Grand Marais, MN",,"47.749 N 90.341 W (47°44'55"" N 90°20'28"" W)",C
GDQM6,0,,,0,,,0,,,0,,,0,,,0,,,0,,,0,,,0,,,0,ocean,False,"Bangs Lake, Grand Bay Reserve, MS",30.357,-88.463,,National Estuarine Research Reserve System,NERRS,fixed,False,False,True,False,NR,NERRS Water Quality Station,,"Bangs Lake, Grand Bay Reserve, MS",,"30.357 N 88.463 W (30°21'26"" N 88°27'47"" W)",C
GDXM6,0,,,0,,,0,,,0,,,0,,,0,,,0,,,0,,,0,,,0,stdmet,False,"Crooked Bayou, Grand Bay Reserve, MS",30.359,-88.42,0.0,National Estuarine Research Reserve System,NERRS,fixed,True,False,False,False,NR,NERRS Weather Station,,"Crooked Bayou, Grand Bay Reserve, MS",,"30.359 N 88.420 W (30°21'33"" N 88°25'12"" W)",C
GELO1,18,2007,2025,0,,,0,,,0,,,0,,,0,,,0,,,0,,,0,,,0,,False,"Geneva on the Lake Light, OH",41.859,-80.975,177.0,"NWS WFO Cleveland, OH (CLE)",IOOS Partners,fixed,False,False,False,False,CLE,GLOS Weather Station,,"Geneva on the Lake Light, OH",,"41.859 N 80.975 W (41°51'33"" N 80°58'31"" W)",E
GEXA2,6,2020,2025,0,,,0,,,0,,,0,,,0,,,0,,,0,,,0,,,0,stdmet,False,"George Island, Alaska",58.213,-136.381,11.0,Marine Exchange of Alaska,IOOS Partners,fixed,True,False,False,False,MA,Coastal Marine Station,,"George Island, Alaska",,"58.213 N 136.381 W (58°12'46"" N 136°22'51"" W)",A
GISL1,21,2005,2025,0,,,0,,,0,,,0,,,0,,,0,,,0,,,0,,,0,stdmet,False,"8761724 - Grand Isle, LA",29.265,-89.958,2.7,NOS,NOS/CO-OPS,fixed,True,False,False,False,O,Water Level Observation Network,,"8761724 - Grand Isle, LA",,"29.265 N 89.958 W (29°15'53"" N 89°57'27"" W)",C
GIXA2,9,2017,2025,0,,,0,,,0,,,0,,,0,,,0,,,0,,,0,,,0,stdmet,False,"Guard Island, AK",55.446,-131.881,8.8,Marine Exchange of Alaska,IOOS Partners,fixed,True,False,False,False,MA,Coastal Marine Station,,"Guard Island, AK",,"55.446 N 131.881 W (55°26'47"" N 131°52'52"" W)",A
GLLN6,20,1983,2002,0,,,0,,,0,,,0,,,0,,,0,,,0,,,0,,,0,,False,,,,,,,,,,,,N,C-MAN Station,,"Galloo Island, NY",VEEP payload,"43.890 N 76.450 W (43°53'24"" N 76°27'0"" W)",E
GLPT2,1,2004,2004,0,,,0,,,0,,,0,,,0,,,0,,,0,,,0,,,0,,False,,,,,,,,,,,,K,Shorebased Tower,,021: Galveston Pleasure Pier; Gulf of America,,"29.300 N 94.794 W (29°17'59"" N 94°47'38"" W)",C
GNJT2,18,2006,2025,0,,,0,,,0,,,0,,,0,,,0,,,0,,,0,,,0,stdmet,False,"8771341 - Galveston Bay Entrance (North Jetty), TX",29.357,-94.725,0.0,NOS,NOS/CO-OPS,fixed,True,False,False,False,O,Water Level Observation Network,,"8771341 - Galveston Bay Entrance (North Jetty), TX",,"29.357 N 94.725 W (29°21'27"" N 94°43'29"" W)",C
GPOM6,6,2008,2013,0,,,0,,,0,,,0,,,0,,,0,,,0,,,0,,,0,,False,,,,,,,,,,,,O,Water Level Observation Network,,"8744707 - Gulfport Outer Range, MS",,"30.230 N 88.982 W (30°13'48"" N 88°58'55"" W)",C
GPST2,7,2005,2011,0,,,0,,,0,,,0,,,0,,,0,,,0,,,0,,,0,,False,,,,,,,,,,,,O,Water Level Observation Network,,"8771510 - Galveston Pleasure Pier, TX",,"29.285 N 94.788 W (29°17'6"" N 94°47'18"" W)",C
GPTW1,0,,,0,,,0,,,0,,,0,,,0,,,0,,,0,,,5,2011,2015,0,,False,,,,,,,,,,,,CM,Water Quality Station,,"Grays Point, WA",,"46.273 N 123.767 W (46°16'23"" N 123°46'0"" W)",P
GPXA2,5,2021,2025,0,,,0,,,0,,,0,,,0,,,0,,,0,,,0,,,0,stdmet,False,"Grave Point, AK",58.062,-134.051,12.0,Marine Exchange of Alaska,IOOS Partners,fixed,True,False,False,False,MA,Coastal Marine Station,,"Grave Point, AK",,"58.062 N 134.051 W (58°3'44"" N 134°3'4"" W)",A
GRBL1,3,2015,2017,0,,,0,,,0,,,0,,,0,,,0,,,0,,,0,,,0,,False,"Grand Isle Blocks, LA / CSI09",29.101,-89.978,,LSU CSI,IOOS Partners,fixed,False,False,False,False,Z,Shorebased Tower,,"Grand Isle Blocks, LA / CSI09",,"29.101 N 89.978 W (29°6'5"" N 89°58'41"" W)",C
GRCM4,0,,,0,,,0,,,0,,,0,,,0,,,0,,,0,,,0,,,0,stdmet,False,GLRC Observatory,47.121,-88.545,183.0,Michigan Technological University,IOOS Partners,fixed,True,False,False,False,MT,Coastal Marine Station,,GLRC Observatory,,"47.121 N 88.545 W (47°7'14"" N 88°32'43"" W)",C
GRIM4,8,2016,2023,0,,,0,,,0,,,0,,,0,,,0,,,0,,,0,,,0,,False,"Granite Island, MI",46.721,-87.412,199.0,Northern Michigan University,IOOS Partners,fixed,False,False,False,False,NN,Weather Station,,"Granite Island, MI",,"46.721 N 87.412 W (46°43'14"" N 87°24'43"" W)",E
GRMM4,19,2006,2025,0,,,0,,,0,,,0,,,0,,,0,,,0,,,0,,,0,stdmet,False,"Grand Marais, MI",46.684,-85.972,186.0,"NWS WFO Marquette, MI (MQT)",IOOS Partners,fixed,True,False,False,False,MQT,GLOS Weather Station,,"Grand Marais, MI",,"46.684 N 85.972 W (46°41'2"" N 85°58'19"" W)",E
GRRT2,11,2014,2025,0,,,0,,,0,,,0,,,0,,,0,,,0,,,0,,,0,stdmet,False,"8771486 - Galveston RR Bridge, TX",29.302,-94.896,4.8,TCOON,IOOS Partners,fixed,True,False,False,False,K,Water Level Observation Network,,"8771486 - Galveston RR Bridge, TX",,"29.302 N 94.896 W (29°18'8"" N 94°53'47"" W)",C
GSLM4,21,2005,2025,0,,,0,,,0,,,0,,,0,,,0,,,0,,,0,,,0,stdmet,False,"Gravelly Shoal Light, MI",44.018,-83.537,179.0,"NWS WFO Detroit/Pontiac, MI (DTX)",IOOS Partners,fixed,True,False,False,False,DTX,Weather Station,,"Gravelly Shoal Light, MI",,"44.018 N 83.537 W (44°1'6"" N 83°32'14"" W)",E
GTBM4,1,2007,2007,0,,,0,,,0,,,0,,,0,,,0,,,0,,,0,,,0,,False,,,,,,,,,,,,MI,Coastal Marine Station,,Grand Traverse Bay Observing System Station 2,,"44.767 N 85.607 W (44°46'0"" N 85°36'27"" W)",E
GTLM4,20,2006,2025,0,,,0,,,0,,,0,,,0,,,0,,,0,,,0,,,0,stdmet,False,"Grand Traverse Light, MI",45.211,-85.55,176.0,"NWS WFO Gayloard, MI (APX)",IOOS Partners,fixed,True,False,False,False,APX,GLOS Weather Station,,"Grand Traverse Light, MI",,"45.211 N 85.550 W (45°12'38"" N 85°33'1"" W)",E
GTOT2,18,2005,2025,0,,,0,,,0,,,0,,,0,,,0,,,0,,,0,,,0,stdmet,False,"8771450 - Galveston Pier 21, TX",29.311,-94.792,4.8,NOS,NOS/CO-OPS,fixed,True,False,False,False,O,Water Level Observation Network,,"8771450 - Galveston Pier 21, TX",,"29.311 N 94.792 W (29°18'38"" N 94°47'30"" W)",C
GTRM4,19,2007,2025,0,,,0,,,0,,,0,,,0,,,0,,,0,,,0,,,0,stdmet,False,"Superior Grand Traverse Bay, MI",47.179,-88.241,190.0,"NWS WFO Marquette, MI (MQT)",IOOS Partners,fixed,False,False,False,False,MQT,GLOS Weather Station,,"Superior Grand Traverse Bay, MI",,"47.179 N 88.241 W (47°10'43"" N 88°14'29"" W)",E
GTXF1,0,,,0,,,0,,,0,,,0,,,0,,,0,,,0,,,0,,,0,stdmet,False,"Pellicer Creek, Guana Tolomato Matanzas Reserve, FL",29.658,-81.233,1.3,National Estuarine Research Reserve System,NERRS,fixed,True,False,False,False,NR,NERRS Weather Station,,"Pellicer Creek, Guana Tolomato Matanzas Reserve, FL",,"29.658 N 81.233 W (29°39'28"" N 81°13'58"" W)",E
GUXA2,9,2017,2025,0,,,0,,,0,,,0,,,0,,,0,,,0,,,0,,,0,stdmet,False,"Gustavus Dock, AK",58.408,-135.726,7.0,Marine Exchange of Alaska,IOOS Partners,fixed,True,False,False,False,MA,Coastal Marine Station,,"Gustavus Dock, AK",,"58.408 N 135.726 W (58°24'28"" N 135°43'35"" W)",A
GWPM6,5,2008,2012,0,,,0,,,0,,,0,,,0,,,0,,,0,,,0,,,0,,False,,,,,,,,,,,,O,Water Level Observation Network,,"8745651 - West Pier, Gulfport, MS",,"30.348 N 89.087 W (30°20'53"" N 89°5'13"" W)",C
HAXA2,9,2017,2025,0,,,0,,,0,,,0,,,0,,,0,,,0,,,0,,,0,stdmet,False,"Haines Harbor, AK",59.234,-135.442,7.6,Marine Exchange of Alaska,IOOS Partners,fixed,True,False,False,False,MA,Coastal Marine Station,,"Haines Harbor, AK",,"59.234 N 135.442 W (59°14'3"" N 135°26'30"" W)",A
HBMN6,0,,,0,,,0,,,0,,,0,,,0,,,0,,,0,,,0,,,0,ocean,False,"Bear Mountain, Hudson River Reserve, NY",41.314,-73.985,,National Estuarine Research Reserve System,NERRS,fixed,False,False,True,False,NR,NERRS Water Quality Station,,"Bear Mountain, Hudson River Reserve, NY",,"41.314 N 73.985 W (41°18'52"" N 73°59'7"" W)",E
HBXC1,8,2015,2025,0,,,0,,,0,,,0,,,0,,,0,,,0,,,11,2015,2025,0,"ocean,stdmet",False,"Humboldt, CA",40.777,-124.197,,Central and Northern California Ocean Observing System,IOOS Partners,fixed,True,False,True,False,CN,Water Quality Station,,"Humboldt, CA",,"40.777 N 124.197 W (40°46'39"" N 124°11'47"" W)",P
HBYC1,21,2005,2025,0,,,0,,,0,,,0,,,0,,,0,,,0,,,0,,,0,stdmet,False,"9418767 - North Spit, CA",40.767,-124.217,7.6,NOS,NOS/CO-OPS,fixed,True,False,False,False,O,Water Level Observation Network,,"9418767 - North Spit, CA",,"40.767 N 124.217 W (40°46'2"" N 124°13'2"" W)",P
HCEF1,1,2025,2025,0,,,0,,,0,,,0,,,0,,,0,,,0,,,1,2025,2025,0,"ocean,stdmet",False,"Highway Creek, FL",25.254,-80.444,0.0,Everglades National Park,IOOS Partners,fixed,False,False,False,False,NP,Water Quality Station,,"Highway Creek, FL",,"25.254 N 80.444 W (25°15'15"" N 80°26'39"" W)",E
HCGN7,16,2010,2025,0,,,0,,,0,,,0,,,0,,,0,,,0,,,0,,,0,stdmet,False,"8654467 - USCG Station Hatteras, NC",35.209,-75.704,1.9,NOS,NOS/CO-OPS,fixed,True,False,False,False,O,Water Level Observation Network,,"8654467 - USCG Station Hatteras, NC",,"35.209 N 75.704 W (35°12'31"" N 75°42'15"" W)",E
HHLO1,19,2007,2025,0,,,0,,,0,,,0,,,0,,,0,,,0,,,0,,,0,stdmet,False,"Huron Harbor Light, OH",41.401,-82.545,177.0,"NWS WFO Cleveland, OH (CLE)",IOOS Partners,fixed,True,False,False,False,CLE,GLOS Weather Station,,"Huron Harbor Light, OH",,"41.401 N 82.545 W (41°24'2"" N 82°32'43"" W)",E
HIST2,12,2014,2025,0,,,0,,,0,,,0,,,0,,,0,,,0,,,0,,,0,stdmet,False,"8770808 - High Island, TX",29.595,-94.39,0.0,TCOON,IOOS Partners,fixed,True,False,False,False,K,Water Level Observation Network,,"8770808 - High Island, TX",,"29.595 N 94.390 W (29°35'41"" N 94°23'25"" W)",C
HIVT2,5,2021,2025,0,,,0,,,0,,,0,,,0,,,0,,,0,,,0,,,0,stdmet,False,"8775223 - Harbor Island Visibility, TX",27.844,-97.07,1.9,NOAA NOS PORTS,NOS/CO-OPS,fixed,True,False,False,False,PT,Water Level Observation Network,,"8775223 - Harbor Island Visibility, TX",,"27.844 N 97.070 W (27°50'39"" N 97°4'10"" W)",C
HLNM4,16,2010,2025,0,,,0,,,0,,,0,,,0,,,0,,,0,,,0,,,0,stdmet,False,"9087031 - Holland, MI",42.773,-86.213,178.7,NOS,NOS/CO-OPS,fixed,True,False,False,False,O,Water Level Observation Network,,"9087031 - Holland, MI",,"42.773 N 86.213 W (42°46'24"" N 86°12'46"" W)",E
HMDO3,2,2013,2014,0,,,0,,,0,,,0,,,0,,,0,,,0,,,0,,,0,,False,,,,,,,,,,,,O,Water Level Observation Network,,"9439011 - Hammond NMFS Pier, OR",,"46.204 N 123.951 W (46°12'16"" N 123°57'3"" W)",P
HMSA2,14,2012,2025,0,,,0,,,0,,,0,,,0,,,0,,,0,,,0,,,0,stdmet,False,"Homer Spit, AK",59.602,-151.417,15.0,Marine Exchange of Alaska,IOOS Partners,fixed,True,False,False,False,MA,Fixed Structure Weather Station,,"Homer Spit, AK",,"59.602 N 151.417 W (59°36'7"" N 151°25'3"" W)",A
HPLM2,3,2005,2007,0,,,0,,,0,,,0,,,0,,,0,,,0,,,0,,,0,,False,,,,,,,,,,,,HP,CBOS Station,,Horn Point Weather Station MD,,"38.590 N 76.133 W (38°35'24"" N 76°8'0"" W)",E
HRBM4,22,2004,2025,0,,,0,,,0,,,0,,,0,,,0,,,0,,,0,,,0,stdmet,False,"9075014 - Harbor Beach, MI",43.846,-82.643,178.2,NOS,NOS/CO-OPS,fixed,True,False,False,False,O,Water Level Observation Network,,"9075014 - Harbor Beach, MI",,"43.846 N 82.643 W (43°50'45"" N 82°38'34"" W)",E
HREF1,1,2025,2025,0,,,0,,,0,,,0,,,0,,,0,,,0,,,1,2025,2025,0,"ocean,stdmet",False,"Harney River, FL",25.424,-81.06,,Everglades National Park,IOOS Partners,fixed,False,False,False,False,NP,Water Quality Station,,"Harney River, FL",,"25.424 N 81.060 W (25°25'28"" N 81°3'37"" W)",E
HRRH1,0,,,0,,,0,,,0,,,0,,,0,,,0,,,0,,,0,,,0,stdmet,False,"Lono Circle, He'eia Reserve, HI",21.431,-157.815,12.2,National Estuarine Research Reserve System,NERRS,fixed,True,False,False,False,NR,NERRS Weather Station,,"Lono Circle, He'eia Reserve, HI",,"21.431 N 157.815 W (21°25'53"" N 157°48'55"" W)",H
HRVC1,10,2013,2022,0,,,0,,,0,,,0,,,0,,,0,,,0,,,0,,,0,,False,,,,,,,,,,,,O,Water Level Observation Network,,"9411406 - Harvest Oil Platform, CA",,"34.469 N 120.682 W (34°28'9"" N 120°40'55"" W)",P
HSSF1,6,2004,2009,0,,,0,,,0,,,0,,,0,,,0,,,0,,,0,,,0,,False,,,,,,,,,,,,P,Offshore Tower,,"HOM - Homosassa, FL",,"28.772 N 82.707 W (28°46'20"" N 82°42'26"" W)",E
HUQN6,0,,,0,,,0,,,0,,,0,,,0,,,0,,,0,,,0,,,0,ocean,False,"Tivoli North, Hudson River Reserve, NY",42.036,-73.925,,National Estuarine Research Reserve System,NERRS,fixed,False,False,False,False,NR,NERRS Water Quality Station,,"Tivoli North, Hudson River Reserve, NY",,"42.036 N 73.925 W (42°2'11"" N 73°55'31"" W)",E
HWWH1,0,,,0,,,0,,,0,,,0,,,0,,,0,,,0,,,0,,,0,ocean,False,"Wai 2, He'eia Reserve, HI",21.438,-157.811,,National Estuarine Research Reserve System,NERRS,fixed,False,False,True,False,NR,Water Quality Station,,"Wai 2, He'eia Reserve, HI",,"21.438 N 157.811 W (21°26'18"" N 157°48'39"" W)",H
ICAC1,16,2010,2025,0,,,0,,,0,,,0,,,0,,,0,,,0,,,0,,,0,stdmet,False,9410840 - Santa Monica Pier,34.008,-118.5,6.6,NOS,NOS/CO-OPS,fixed,True,False,False,False,O,Water Level Observation Network,,9410840 - Santa Monica Pier,,"34.008 N 118.500 W (34°0'28"" N 118°29'59"" W)",P
ICYA2,14,2012,2025,0,,,0,,,0,,,0,,,0,,,0,,,0,,,0,,,0,stdmet,False,"Icy Bay, AK",59.923,-141.359,15.0,Marine Exchange of Alaska,IOOS Partners,fixed,True,False,False,False,MA,Fixed Structure Weather Station,,"Icy Bay, AK",,"59.923 N 141.359 W (59°55'24"" N 141°21'31"" W)",A
IIWC1,8,2010,2017,0,,,0,,,0,,,0,,,0,,,0,,,0,,,0,,,0,,False,,,,,,,,,,,,O,Water Level Observation Network,,"9410172 - USS Midway South Navy Pier, San Diego, CA",,"32.714 N 117.177 W (32°42'50"" N 117°10'36"" W)",P
ILDL1,2,2011,2012,0,,,0,,,0,,,0,,,0,,,0,,,0,,,0,,,0,,False,,,,,,,,,,,,Z,Shorebased Tower,,"Isle Dernieres, LA / CSI05",,"29.053 N 90.533 W (29°3'12"" N 90°32'0"" W)",C
ILOH1,18,2008,2025,0,,,0,,,0,,,0,,,0,,,0,,,0,,,0,,,0,stdmet,False,"1617760 - Hilo, HI",19.73,-155.056,2.4,NOS,NOS/CO-OPS,fixed,True,False,False,False,O,Water Level Observation Network,,"1617760 - Hilo, HI",,"19.730 N 155.056 W (19°43'49"" N 155°3'21"" W)",H
IMGP4,4,2014,2017,0,,,0,,,0,,,0,,,0,,,0,,,0,,,0,,,0,,False,,,,,,,,,,,,CI,Weather Station,,"Isla Magueyes, Lajas, PR",,"17.969 N 67.044 W (17°58'10"" N 67°2'39"" W)",N
IOSN3,42,1984,2025,0,,,0,,,0,,,0,,,0,,,0,,,0,,,0,,,0,,False,"Isle of Shoals, NH",42.967,-70.623,13.1,NDBC,NDBC Meteorological/Ocean,fixed,False,False,False,False,N,C-MAN Station,,"Isle of Shoals, NH",Sutron XPERT payload,"42.967 N 70.623 W (42°58'2"" N 70°37'24"" W)",E
IRDT2,12,2007,2025,0,,,0,,,0,,,0,,,0,,,0,,,0,,,0,,,0,stdmet,False,"8776139 - South Bird Island, TX",27.48,-97.322,1.0,TCOON,IOOS Partners,fixed,True,False,False,False,K,Water Level Observation Network,,"8776139 - South Bird Island, TX",,"27.480 N 97.322 W (27°28'48"" N 97°19'18"" W)",C
ITKA2,14,2012,2025,0,,,0,,,0,,,0,,,0,,,0,,,0,,,0,,,0,stdmet,False,"9451600 - Sitka, AK",57.052,-135.342,3.8,NOS,NOS/CO-OPS,fixed,True,False,False,False,O,Water Level Observation Network,,"9451600 - Sitka, AK",,"57.052 N 135.342 W (57°3'6"" N 135°20'30"" W)",A
JAKI2,10,2011,2022,0,,,0,,,0,,,0,,,0,,,0,,,0,,,0,,,0,,False,"63rd St., Chicago, IL",41.781,-87.573,179.0,Chicago Park District,IOOS Partners,fixed,False,False,False,False,CH,C-MAN Station,,"63rd St., Chicago, IL",,"41.781 N 87.573 W (41°46'50"" N 87°34'23"" W)",
JBYF1,1,2025,2025,0,,,0,,,0,,,0,,,0,,,0,,,0,,,1,2025,2025,0,"ocean,stdmet",False,"Joe Bay, FL",25.224,-80.541,0.0,Everglades National Park,IOOS Partners,fixed,False,False,False,False,NP,Water Quality Station,,"Joe Bay, FL",,"25.224 N 80.541 W (25°13'28"" N 80°32'28"" W)",E
JCQN4,0,,,0,,,0,,,0,,,0,,,0,,,0,,,0,,,0,,,0,ocean,False,"Chestnut Neck, Jacques Cousteau Reserve, NJ",39.548,-74.461,,National Estuarine Research Reserve System,NERRS,fixed,False,False,False,False,NR,NERRS Water Quality Station,,"Chestnut Neck, Jacques Cousteau Reserve, NJ",,"39.548 N 74.461 W (39°32'53"" N 74°27'39"" W)",E
JCRN4,0,,,0,,,0,,,0,,,0,,,0,,,0,,,0,,,0,,,0,stdmet,False,"Nacote Creek, Jacques Cousteau Reserve, NJ",39.535,-74.464,0.9,National Estuarine Research Reserve System,NERRS,fixed,True,False,False,False,NR,NERRS Weather Station,,"Nacote Creek, Jacques Cousteau Reserve, NJ",,"39.535 N 74.464 W (39°32'5"" N 74°27'49"" W)",E
JCTN4,0,,,0,,,0,,,0,,,0,,,0,,,0,,,0,,,0,,,0,ocean,False,"Buoy 126, Jacques Cousteau Reserve, NJ",39.508,-74.338,,National Estuarine Research Reserve System,NERRS,fixed,False,False,False,False,NR,NERRS Water Quality Station,,"Buoy 126, Jacques Cousteau Reserve, NJ",,"39.508 N 74.338 W (39°30'29"" N 74°20'19"" W)",E
JKYF1,1,2025,2025,0,,,0,,,0,,,0,,,0,,,0,,,0,,,1,2025,2025,0,"ocean,stdmet",False,"Johnson Key, FL",25.053,-80.904,0.0,Everglades National Park,IOOS Partners,fixed,False,False,False,False,NP,Water Quality Station,,"Johnson Key, FL",,"25.053 N 80.904 W (25°3'9"" N 80°54'16"" W)",E
JLXA2,8,2018,2025,0,,,0,,,0,,,0,,,0,,,0,,,0,,,0,,,0,stdmet,False,"Juneau Library, AK",58.298,-134.405,4.6,Marine Exchange of Alaska,IOOS Partners,fixed,True,False,False,False,MA,Coastal Marine Station,,"Juneau Library, AK",,"58.298 N 134.405 W (58°17'54"" N 134°24'16"" W)",A
JMLA2,13,2013,2025,0,,,0,,,0,,,0,,,0,,,0,,,0,,,0,,,0,stdmet,False,Juneau AML Dock,58.286,-134.39,5.5,Marine Exchange of Alaska,IOOS Partners,fixed,True,False,False,False,MA,Fixed Structure Weather Station,,Juneau AML Dock,,"58.286 N 134.390 W (58°17'8"" N 134°23'24"" W)",A
JMPN7,20,2006,2025,0,,,0,,,0,,,0,,,0,,,0,,,0,,,0,,,0,stdmet,False,"8658163 - Wrightsville Beach, NC",34.213,-77.786,7.4,NOS,NOS/CO-OPS,fixed,True,False,False,False,O,Water Level Observation Network,,"8658163 - Wrightsville Beach, NC",,"34.213 N 77.786 W (34°12'48"" N 77°47'11"" W)",E
JNEA2,17,2009,2025,0,,,0,,,0,,,0,,,0,,,0,,,0,,,0,,,0,stdmet,False,"9452210 - Juneau, AK",58.298,-134.411,5.4,NOS,NOS/CO-OPS,fixed,True,False,False,False,O,Water Level Observation Network,,"9452210 - Juneau, AK",,"58.298 N 134.411 W (58°17'53"" N 134°24'41"" W)",A
JNGA2,6,2020,2025,0,,,0,,,0,,,0,,,0,,,0,,,0,,,0,,,0,stdmet,False,"Juneau ANG Dock, AK",58.291,-134.394,4.6,Marine Exchange of Alaska,IOOS Partners,fixed,True,False,False,False,MA,Coastal Marine Station,,"Juneau ANG Dock, AK",,"58.291 N 134.394 W (58°17'26"" N 134°23'38"" W)",A
JOBP4,0,,,0,,,0,,,0,,,0,,,0,,,0,,,0,,,0,,,0,ocean,False,"Station 9, Jobos Bay Reserve, PR",17.944,-66.238,,National Estuarine Research Reserve System,NERRS,fixed,False,False,False,False,NR,NERRS Water Quality Station,,"Station 9, Jobos Bay Reserve, PR",,"17.944 N 66.238 W (17°56'37"" N 66°14'19"" W)",N
JOQP4,0,,,0,,,0,,,0,,,0,,,0,,,0,,,0,,,0,,,0,ocean,False,"Station 20, Jobos Bay Reserve, PR",17.93,-66.211,,National Estuarine Research Reserve System,NERRS,fixed,False,False,True,False,NR,NERRS Water Quality Station,,"Station 20, Jobos Bay Reserve, PR",,"17.930 N 66.211 W (17°55'49"" N 66°12'41"" W)",N
JOXP4,0,,,0,,,0,,,0,,,0,,,0,,,0,,,0,,,0,,,0,stdmet,False,"Jobos Bay Weather, Jobos Bay Reserve, PR",17.956,-66.223,9.0,National Estuarine Research Reserve System,NERRS,fixed,True,False,False,False,NR,NERRS Weather Station,,"Jobos Bay Weather, Jobos Bay Reserve, PR",,"17.956 N 66.223 W (17°57'23"" N 66°13'23"" W)",N
JPRN7,2,2013,2014,0,,,0,,,0,,,0,,,0,,,0,,,0,,,0,,,0,,False,,,,,,,,,,,,AC,Bottom Mounted ADCP,,"Jennette's Pier, Nags Head, NC",,"35.912 N 75.587 W (35°54'44"" N 75°35'12"" W)",E
JTAW1,0,,,0,,,0,,,0,,,0,,,0,,,0,,,0,,,5,2012,2016,0,,False,,,,,,,,,,,,CM,Water Quality Station,,"Jetty A, USCG Station Disappointment",,"46.266 N 124.038 W (46°15'57"" N 124°2'16"" W)",P
JXUF1,11,2015,2025,0,,,0,,,0,,,0,,,0,,,0,,,0,,,0,,,0,stdmet,False,"8720245 - Jacksonville University, FL",30.354,-81.612,3.0,NOS,NOS/CO-OPS,fixed,True,False,False,False,O,Water Level Observation Network,,"8720245 - Jacksonville University, FL",,"30.354 N 81.612 W (30°21'15"" N 81°36'42"" W)",E
KATA1,10,2011,2020,0,,,0,,,0,,,0,,,0,,,0,,,0,,,8,2011,2018,0,stdmet,False,"Katrina Cut, AL",30.258,-88.213,0.0,Dauphin Island Sea Lab,IOOS Partners,fixed,True,False,False,False,DI,C-MAN Station,,"Katrina Cut, AL",,"30.258 N 88.213 W (30°15'30"" N 88°12'47"" W)",C
KATP,0,,,0,,,0,,,0,,,0,,,0,,,0,,,0,,,0,,,0,stdmet,False,Green Canyon 787 / Atlantis (BP),27.195,-90.027,,Federal Aviation Administration,Marine METAR,oilrig,True,False,False,False,FA,Oil Platform,,Green Canyon 787 / Atlantis (BP),,"27.195 N 90.027 W (27°11'42"" N 90°1'37"" W)",C
KBMG1,4,2022,2025,0,,,0,,,0,,,0,,,0,,,0,,,0,,,0,,,0,stdmet,False,"8679598 - Kings Bay MSF Pier, GA",30.777,-81.487,4.0,NOS,NOS/CO-OPS,fixed,True,False,False,False,O,Water Level Observation Network,,"8679598 - Kings Bay MSF Pier, GA",,"30.777 N 81.487 W (30°46'36"" N 81°29'12"" W)",E
KBQX,0,,,0,,,0,,,0,,,0,,,0,,,0,,,0,,,0,,,0,stdmet,False,Brazos 538 (Transco),28.314,-95.62,,Federal Aviation Administration,Marine METAR,oilrig,True,False,False,False,FA,Oil Platform,,Brazos 538 (Transco),,"28.314 N 95.620 W (28°18'50"" N 95°37'12"" W)",C
KCXA2,3,2022,2024,0,,,0,,,0,,,0,,,0,,,0,,,0,,,0,,,0,stdmet,False,King Cove,55.057,-162.326,20.0,Marine Exchange of Alaska,IOOS Partners,fixed,True,False,False,False,MA,C-MAN Station,,King Cove,,"55.057 N 162.326 W (55°3'24"" N 162°19'35"" W)",A
KDAA2,15,2010,2024,0,,,0,,,0,,,0,,,0,,,0,,,0,,,0,,,0,,False,"9457292 - Kodiak Island, AK",57.731,-152.511,4.9,NOS,NOS/CO-OPS,fixed,False,False,False,False,O,Water Level Observation Network,,"9457292 - Kodiak Island, AK",,"57.731 N 152.511 W (57°43'53"" N 152°30'41"" W)",A
KECA2,17,2009,2025,0,,,0,,,0,,,0,,,0,,,0,,,0,,,0,,,0,stdmet,False,"9450460 - Ketchikan, AK",55.331,-131.625,4.6,NOS,NOS/CO-OPS,fixed,True,False,False,False,O,Water Level Observation Network,,"9450460 - Ketchikan, AK",,"55.331 N 131.625 W (55°19'53"" N 131°37'30"" W)",A
KEXA2,9,2017,2025,0,,,0,,,0,,,0,,,0,,,0,,,0,,,0,,,0,stdmet,False,"Ketchikan Harbor, AK",55.352,-131.684,3.7,Marine Exchange of Alaska,IOOS Partners,fixed,True,False,False,False,MA,Coastal Marine Station,,"Ketchikan Harbor, AK",,"55.352 N 131.684 W (55°21'6"" N 131°41'2"" W)",A
KGBK,0,,,0,,,0,,,0,,,0,,,0,,,0,,,0,,,0,,,0,stdmet,False,Garden Banks 783 / Magnolia TLP (W&T Offshore),27.204,-92.203,,Federal Aviation Administration,Marine METAR,oilrig,True,False,False,False,FA,Oil Platform,,Garden Banks 783 / Magnolia TLP (W&T Offshore),,"27.204 N 92.203 W (27°12'14"" N 92°12'11"" W)",C
KGCA2,18,2008,2025,0,,,0,,,0,,,0,,,0,,,0,,,0,,,0,,,0,stdmet,False,"9459881 - King Cove, AK",55.062,-162.327,3.3,NOS,NOS/CO-OPS,fixed,True,False,False,False,O,Water Level Observation Network,,"9459881 - King Cove, AK",,"55.062 N 162.327 W (55°3'42"" N 162°19'36"" W)",A
KGHB,0,,,0,,,0,,,0,,,0,,,0,,,0,,,0,,,0,,,0,stdmet,False,Garden Banks 172 / Salsa (Shell E & P),27.84,-91.988,,Federal Aviation Administration,Marine METAR,oilrig,True,False,False,False,FA,Oil Platform,,Garden Banks 172 / Salsa (Shell E & P),,"27.840 N 91.988 W (27°50'24"" N 91°59'17"" W)",C
KGNA,0,,,0,,,0,,,0,,,0,,,0,,,0,,,0,,,0,,,0,stdmet,False,"Bay of Grand Marais, MN",47.745,-90.346,185.0,"NWS WFO Duluth, MN (DLH)",Marine METAR,fixed,True,False,False,False,DLH,Weather Station,,"Bay of Grand Marais, MN",,"47.745 N 90.346 W (47°44'43"" N 90°20'44"" W)",C
KGRY,0,,,0,,,0,,,0,,,0,,,0,,,0,,,0,,,0,,,0,stdmet,False,Green Canyon 338 / Front Runner (Murphy E&P),27.625,-90.441,,Federal Aviation Administration,Marine METAR,oilrig,True,False,False,False,FA,Oil Platform,,Green Canyon 338 / Front Runner (Murphy E&P),,"27.625 N 90.441 W (27°37'30"" N 90°26'28"" W)",C
KGUL,0,,,0,,,0,,,0,,,0,,,0,,,0,,,0,,,0,,,0,stdmet,False,Garden Banks 668 / Gunnison Spar (Anadarko),27.304,-93.538,,Federal Aviation Administration,Marine METAR,oilrig,True,False,False,False,FA,Oil Platform,,Garden Banks 668 / Gunnison Spar (Anadarko),,"27.304 N 93.538 W (27°18'14"" N 93°32'17"" W)",C
KGVW,0,,,0,,,0,,,0,,,0,,,0,,,0,,,0,,,0,,,0,stdmet,False,Galveston 209A (Arena Offshore),29.13,-94.55,37.0,Federal Aviation Administration,Marine METAR,oilrig,True,False,False,False,FA,Oil Platform,,Galveston 209A (Arena Offshore),,"29.130 N 94.550 W (29°7'48"" N 94°33'0"" W)",C
KGXA2,4,2022,2025,0,,,0,,,0,,,0,,,0,,,0,,,0,,,0,,,0,stdmet,False,"Kodiak Gull Island, AK",57.777,-152.425,15.0,Marine Exchange of Alaska,IOOS Partners,fixed,True,False,False,False,MA,Coastal Marine Station,,"Kodiak Gull Island, AK",,"57.777 N 152.425 W (57°46'38"" N 152°25'31"" W)",A
KIKT,0,,,0,,,0,,,0,,,0,,,0,,,0,,,0,,,0,,,0,stdmet,False,Mississippi Canyon 474 / Na Kika FPU (BP),28.521,-88.289,,Federal Aviation Administration,Marine METAR,oilrig,True,False,False,False,FA,Oil Platform,,Mississippi Canyon 474 / Na Kika FPU (BP),,"28.521 N 88.289 W (28°31'16"" N 88°17'20"" W)",C
KLIH1,21,2005,2025,0,,,0,,,0,,,0,,,0,,,0,,,0,,,0,,,0,stdmet,False,"1615680 - Kahului, Kahului Harbor, HI",20.895,-156.469,2.7,NOS,NOS/CO-OPS,fixed,True,False,False,False,O,Water Level Observation Network,,"1615680 - Kahului, Kahului Harbor, HI",,"20.895 N 156.469 W (20°53'42"" N 156°28'9"" W)",H
KLMW1,3,2023,2025,0,,,0,,,0,,,0,,,0,,,0,,,0,,,0,,,0,stdmet,False,"9440357 - TEMCO Kalama Terminal, WA",45.983,-122.835,2.953,NOAA NOS PORTS,NOS/CO-OPS,fixed,True,False,False,False,PT,Water Level Observation Network,,"9440357 - TEMCO Kalama Terminal, WA",,"45.983 N 122.835 W (45°59'0"" N 122°50'6"" W)",P
KMXA2,4,2022,2025,0,,,0,,,0,,,0,,,0,,,0,,,0,,,0,,,0,stdmet,False,"Kodiak Matson Crane, AK",57.782,-152.439,10.0,Marine Exchange of Alaska,IOOS Partners,fixed,True,False,False,False,MA,Coastal Marine Station,,"Kodiak Matson Crane, AK",,"57.782 N 152.439 W (57°46'56"" N 152°26'21"" W)",A
KNOH1,5,2008,2012,0,,,0,,,0,,,0,,,0,,,0,,,0,,,4,2009,2012,0,,False,,,,,,,,,,,,UH,Platform,,"Kilo Nalu Observatory, Hawaii",,"21.288 N 157.865 W (21°17'17"" N 157°51'54"" W)",H
KNSW3,20,2005,2024,0,,,0,,,0,,,0,,,0,,,0,,,0,,,0,,,0,,False,"Kenosha Light, Kenosha, WI",42.589,-87.809,176.0,"NWS WFO Milwaukee, WI (MKX)",IOOS Partners,fixed,False,False,False,False,MKX,C-MAN Station,,"Kenosha Light, Kenosha, WI",,"42.589 N 87.809 W (42°35'20"" N 87°48'31"" W)",C
KNXA2,4,2022,2025,0,,,0,,,0,,,0,,,0,,,0,,,0,,,0,,,0,stdmet,False,"Kenai, AK",60.552,-151.274,3.7,Marine Exchange of Alaska,IOOS Partners,fixed,True,False,False,False,MA,Coastal Marine Station,,"Kenai, AK",,"60.552 N 151.274 W (60°33'6"" N 151°16'25"" W)",A
KOZA2,4,2022,2025,0,,,0,,,0,,,0,,,0,,,0,,,0,,,0,,,0,stdmet,False,"KOTZEBUE MXAK, AK",66.901,-162.589,6.0,Marine Exchange of Alaska,IOOS Partners,fixed,True,False,False,False,MA,Coastal Marine Station,,"KOTZEBUE MXAK, AK",,"66.901 N 162.589 W (66°54'3"" N 162°35'22"" W)",
KP53,0,,,0,,,0,,,0,,,0,,,0,,,0,,,0,,,0,,,0,stdmet,False,"Munising Lake Shore, MI",46.417,-86.65,,"NWS WFO Marquette, MI (MQT)",Marine METAR,fixed,True,False,False,False,MQT,Weather Station,,"Munising Lake Shore, MI",,"46.417 N 86.650 W (46°25'0"" N 86°39'0"" W)",E
KP58,0,,,0,,,0,,,0,,,0,,,0,,,0,,,0,,,0,,,0,stdmet,False,"Port Hope, MI",44.017,-82.8,179.0,"NWS WFO Detroit/Pontiac, MI (DTX)",Marine METAR,fixed,True,False,False,False,DTX,Weather Station,,"Port Hope, MI",,"44.017 N 82.800 W (44°1'0"" N 82°48'0"" W)",E
KP59,0,,,0,,,0,,,0,,,0,,,0,,,0,,,0,,,0,,,0,stdmet,False,"Copper Harbor, MI",47.467,-87.883,,"NWS WFO Marquette, MI (MQT)",Marine METAR,fixed,True,False,False,False,MQT,Weather Station,,"Copper Harbor, MI",,"47.467 N 87.883 W (47°28'0"" N 87°53'0"" W)",E
KPTN6,22,2004,2025,0,,,0,,,0,,,0,,,0,,,0,,,0,,,0,,,0,stdmet,False,"8516945 - Kings Point, NY",40.811,-73.765,2.1,NOS,NOS/CO-OPS,fixed,True,False,False,False,O,Water Level Observation Network,,"8516945 - Kings Point, NY",,"40.811 N 73.765 W (40°48'39"" N 73°45'53"" W)",E
KPTV2,21,2005,2025,0,,,0,,,0,,,0,,,0,,,0,,,0,,,0,,,0,stdmet,False,"8632200 - Kiptopeke, VA",37.165,-75.988,2.6,NOS,NOS/CO-OPS,fixed,True,False,False,False,O,Water Level Observation Network,,"8632200 - Kiptopeke, VA",,"37.165 N 75.988 W (37°9'55"" N 75°59'18"" W)",E
KSPR,0,,,0,,,0,,,0,,,0,,,0,,,0,,,0,,,0,,,0,stdmet,False,Ship Shoal 178 (Apache Corp),28.599,-91.206,,Federal Aviation Administration,Marine METAR,oilrig,True,False,False,False,FA,Oil Platform,,Ship Shoal 178 (Apache Corp),,"28.599 N 91.206 W (28°35'56"" N 91°12'22"" W)",C
KTNF1,29,1995,2023,0,,,0,,,0,,,0,,,0,,,0,,,0,,,0,,,0,stdmet,False,"Keaton Beach, FL",29.819,-83.593,1.8,NDBC,NDBC Meteorological/Ocean,fixed,True,False,False,False,N,C-MAN Station,,"Keaton Beach, FL",SM+ Payload,"29.819 N 83.593 W (29°49'8"" N 83°35'36"" W)",E
KVAF,0,,,0,,,0,,,0,,,0,,,0,,,0,,,0,,,0,,,0,stdmet,False,East Breaks 643 / Boomvang Spar (Anadarko),27.354,-94.625,,Federal Aviation Administration,Marine METAR,oilrig,True,False,False,False,FA,Oil Platform,,East Breaks 643 / Boomvang Spar (Anadarko),,"27.354 N 94.625 W (27°21'14"" N 94°37'30"" W)",C
KVOA,0,,,0,,,0,,,0,,,0,,,0,,,0,,,0,,,0,,,0,stdmet,False,Viosca Knoll 786 / Petronius (Chevron),29.229,-87.781,,Federal Aviation Administration,Marine METAR,oilrig,True,False,False,False,FA,Oil Platform,,Viosca Knoll 786 / Petronius (Chevron),,"29.229 N 87.781 W (29°13'44"" N 87°46'52"" W)",C
KWHH1,14,2012,2025,0,,,0,,,0,,,0,,,0,,,0,,,0,,,0,,,0,stdmet,False,"1617433 - Kawaihae, HI",20.037,-155.829,2.4,NOS,NOS/CO-OPS,fixed,True,False,False,False,O,Water Level Observation Network,,"1617433 - Kawaihae, HI",,"20.037 N 155.829 W (20°2'12"" N 155°49'45"" W)",H
KWJP8,20,2006,2025,0,,,0,,,0,,,0,,,0,,,0,,,0,,,0,,,0,stdmet,False,"1820000 - Kwajalein, Marshall Islands",8.732,167.734,1.7,NOS,NOS/CO-OPS,fixed,True,False,False,False,O,Water Level Observation Network,,"1820000 - Kwajalein, Marshall Islands",,"8.732 N 167.734 E (8°43'55"" N 167°44'4"" E)",?
KWNW3,20,2006,2025,0,,,0,,,0,,,0,,,0,,,0,,,0,,,0,,,0,stdmet,False,"9087069 - Kewaunee MET, WI",44.465,-87.496,179.3,NOS,NOS/CO-OPS,fixed,True,False,False,False,O,Water Level Observation Network,,"9087069 - Kewaunee MET, WI",,"44.465 N 87.496 W (44°27'54"" N 87°29'45"" W)",C
KYWF1,21,2005,2025,0,,,0,,,0,,,0,,,0,,,0,,,0,,,0,,,0,stdmet,False,"8724580 - Key West, FL",24.556,-81.808,2.2,NOS,NOS/CO-OPS,fixed,True,False,False,False,O,Water Level Observation Network,,"8724580 - Key West, FL",,"24.556 N 81.808 W (24°33'21"" N 81°48'28"" W)",E
LABL1,8,2005,2012,0,,,0,,,0,,,0,,,0,,,0,,,0,,,0,,,0,,False,,,,,,,,,,,,O,Water Level Observation Network,,"8762372 - East Bank 1, Bayou LaBranch, LA",,"30.050 N 90.368 W (30°3'0"" N 90°22'6"" W)",C
LAMV3,14,2012,2025,0,,,0,,,0,,,0,,,0,,,0,,,0,,,0,,,0,stdmet,False,"9751381 - Lameshur Bay, St John, VI",18.318,-64.724,1.1,NOS,NOS/CO-OPS,fixed,True,False,False,False,O,Water Level Observation Network,,"9751381 - Lameshur Bay, St John, VI",,"18.318 N 64.724 W (18°19'5"" N 64°43'28"" W)",N
LAPW1,20,2006,2025,0,,,0,,,0,,,0,,,0,,,0,,,0,,,0,,,0,stdmet,False,"9442396 - La Push, WA",47.913,-124.637,3.1,NOS,NOS/CO-OPS,fixed,True,False,False,False,O,Water Level Observation Network,,"9442396 - La Push, WA",,"47.913 N 124.637 W (47°54'48"" N 124°38'12"" W)",P
LBSF1,1,2025,2025,0,,,0,,,0,,,0,,,0,,,0,,,0,,,1,2025,2025,0,"ocean,stdmet",False,"Little Blackwater, FL",25.214,-80.432,0.0,Everglades National Park,IOOS Partners,fixed,False,False,False,False,NP,Water Quality Station,,"Little Blackwater, FL",,"25.214 N 80.432 W (25°12'52"" N 80°25'56"" W)",E
LCIY2,4,2009,2012,0,,,0,,,0,,,0,,,0,,,0,,,0,,,4,2009,2012,0,,False,,,,,,,,,,,,IC,Fixed Structure Weather Station,,"Little Cayman Research Centre, Cayman Islands",,"19.699 N 80.060 W (19°41'56"" N 80°3'36"" W)",E
LCLL1,17,2009,2025,0,,,0,,,0,,,0,,,0,,,0,,,0,,,0,,,0,stdmet,False,"8767816 - Lake Charles, LA",30.224,-93.222,3.5,NOS,NOS/CO-OPS,fixed,True,False,False,False,O,Water Level Observation Network,,"8767816 - Lake Charles, LA",,"30.224 N 93.222 W (30°13'25"" N 93°13'18"" W)",C
LCNA2,19,2007,2025,0,,,0,,,0,,,0,,,0,,,0,,,0,,,0,,,0,stdmet,False,"Lincoln Island, AK",56.058,-132.69,6.5,"NWS WFO Juneau, AK (AJK)",IOOS Partners,fixed,False,False,False,False,AJK,Weather Station,,"Lincoln Island, AK",,"56.058 N 132.690 W (56°3'30"" N 132°41'23"" W)",A
LDLC3,21,2004,2024,0,,,0,,,0,,,0,,,0,,,0,,,0,,,0,,,0,,False,"New London Ledge Light, New London Harbor, CT",41.306,-72.077,0.0,MYSOUND,IOOS Partners,fixed,False,False,False,False,Y,Weather Station,,"New London Ledge Light, New London Harbor, CT",,"41.306 N 72.077 W (41°18'21"" N 72°4'39"" W)",E
LDTM4,22,2004,2025,0,,,0,,,0,,,0,,,0,,,0,,,0,,,0,,,0,stdmet,False,"9087023 - Ludington, MI",43.947,-86.441,178.4,NOS,NOS/CO-OPS,fixed,True,False,False,False,O,Water Level Observation Network,,"9087023 - Ludington, MI",,"43.947 N 86.441 W (43°56'51"" N 86°26'29"" W)",E
LIXA2,9,2017,2025,0,,,0,,,0,,,0,,,0,,,0,,,0,,,0,,,0,stdmet,False,"Little Island, AK",58.54,-135.047,9.1,Marine Exchange of Alaska,IOOS Partners,fixed,True,False,False,False,MA,Coastal Marine Station,,"Little Island, AK",,"58.540 N 135.047 W (58°32'24"" N 135°2'49"" W)",A
LJAC1,21,2005,2025,0,,,0,,,0,,,0,,,0,,,0,,,0,,,0,,,0,stdmet,False,"9410230 - La Jolla, CA",32.867,-117.257,9.3,NOS,NOS/CO-OPS,fixed,True,False,False,False,O,Water Level Observation Network,,"9410230 - La Jolla, CA",,"32.867 N 117.257 W (32°52'1"" N 117°15'26"" W)",P
LJPC1,21,2005,2025,0,,,0,,,0,,,0,,,0,,,0,,,0,,,0,,,0,"spec,stdmet,swden",False,"La Jolla, CA (073)",32.867,-117.257,0.0,SCRIPPS,IOOS Partners,fixed,True,False,False,False,R,C-MAN Station,,"La Jolla, CA (073)",,"32.867 N 117.257 W (32°52'0"" N 117°15'24"" W)",P
LKPL1,9,2004,2012,0,,,0,,,0,,,0,,,0,,,0,,,0,,,0,,,0,,False,,,,,,,,,,,,L,Shorebased Tower,,"Western Lake Pontchartrain, LA",,"30.315 N 90.281 W (30°18'54"" N 90°16'50"" W)",C
LKWF1,40,1984,2025,0,,,0,,,0,,,0,,,0,,,0,,,0,,,0,,,0,stdmet,False,"8722670 - Lake Worth Pier, FL",26.613,-80.034,5.9,NOS,NOS/CO-OPS,fixed,True,False,False,False,O,Water Level Observation Network,,"8722670 - Lake Worth Pier, FL",,"26.613 N 80.034 W (26°36'46"" N 80°2'2"" W)",E
LLBP7,4,2011,2014,0,,,0,,,0,,,0,,,0,,,0,,,0,,,3,2011,2013,0,,False,,,,,,,,,,,,IC,Water Quality Station,,"Lao Lao Bay, Saipan, CNMI",,"15.157 N 145.770 E (15°9'25"" N 145°46'12"" E)",?
LMBV4,6,2011,2016,0,,,0,,,0,,,0,,,0,,,0,,,0,,,0,,,0,,False,"La Mancha Beach, Mexico",19.594,-96.379,,EPA & Mexican Government Cooperative Program,International Partners,fixed,False,False,False,False,EM,Weather Station,,"La Mancha Beach, Mexico",Sutron XPERT payload,"19.594 N 96.379 W (19°35'37"" N 96°22'46"" W)",C
LMDF1,1,2025,2025,0,,,0,,,0,,,0,,,0,,,0,,,0,,,1,2025,2025,0,"ocean,stdmet",False,"Little Madeira, FL",25.176,-80.633,0.0,Everglades National Park,IOOS Partners,fixed,False,False,False,False,NP,Water Quality Station,,"Little Madeira, FL",,"25.176 N 80.633 W (25°10'33"" N 80°37'58"" W)",E
LMFS1,19,2007,2025,0,,,0,,,0,,,0,,,0,,,0,,,0,,,0,,,0,stdmet,False,Lake Murray SC,34.107,-81.271,107.9,"NWS WFO Columbia, SC (CAE)",IOOS Partners,fixed,True,False,False,False,CAE,C-MAN Station,,Lake Murray SC,,"34.107 N 81.271 W (34°6'26"" N 81°16'14"" W)",E
LMRF1,1,2025,2025,0,,,0,,,0,,,0,,,0,,,0,,,0,,,1,2025,2025,0,"ocean,stdmet",False,"Lostmans River, FL",25.556,-81.169,0.0,Everglades National Park,IOOS Partners,fixed,False,False,False,False,NP,Water Quality Station,,"Lostmans River, FL",,"25.556 N 81.169 W (25°33'21"" N 81°10'8"" W)",E
LMSS1,7,2008,2017,0,,,0,,,0,,,0,,,0,,,0,,,0,,,0,,,0,,False,"Lake Marion, SC",33.552,-80.501,23.16,"NWS WFO Columbia, SC (CAE)",IOOS Partners,fixed,False,False,False,False,CAE,C-MAN Station,,"Lake Marion, SC",,"33.552 N 80.501 W (33°33'7"" N 80°30'5"" W)",E
LNDC1,14,2012,2025,0,,,0,,,0,,,0,,,0,,,0,,,0,,,0,,,0,stdmet,False,"9414763 - Oakland Berth 67, CA",37.795,-122.281,,NOAA NOS PORTS,NOS/CO-OPS,fixed,True,False,False,False,PT,Water Level Observation Network,,"9414763 - Oakland Berth 67, CA",,"37.795 N 122.281 W (37°47'42"" N 122°16'53"" W)",P
LNEL1,2,1991,1992,0,,,0,,,0,,,0,,,0,,,0,,,0,,,0,,,0,,False,,,,,,,,,,,,N,C-MAN Station,,Lena,,"28.200 N 89.100 W (28°12'0"" N 89°6'0"" W)",C
LONF1,34,1992,2025,0,,,0,,,0,,,0,,,0,,,0,,,0,,,6,2005,2010,0,stdmet,False,"Long Key, FL",24.844,-80.864,0.0,NDBC,NDBC Meteorological/Ocean,fixed,True,False,False,False,N,C-MAN Station,,"Long Key, FL",SCOOP payload,"24.844 N 80.864 W (24°50'39"" N 80°51'49"" W)",E
LOPL1,15,2011,2025,0,,,0,,,0,,,0,,,0,,,0,,,0,,,0,,,0,,False,"Louisiana Offshore Oil Port, LA",28.885,-90.025,0.0,Louisiana Offshore Oil Port,IOOS Partners,oilrig,False,False,False,False,LP,Oil Platform,,"Louisiana Offshore Oil Port, LA",,"28.885 N 90.025 W (28°53'7"" N 90°1'30"" W)",C
LOPW1,19,2007,2025,0,,,0,,,0,,,0,,,0,,,0,,,0,,,0,,,0,stdmet,False,"9440422 - Longview, WA",46.106,-122.954,7.8,NOS,NOS/CO-OPS,fixed,True,False,False,False,O,Water Level Observation Network,,"9440422 - Longview, WA",,"46.106 N 122.954 W (46°6'20"" N 122°57'14"" W)",P
LORO1,9,2017,2025,0,,,0,,,0,,,0,,,0,,,0,,,0,,,0,,,0,,False,"Lorain Harbor, OH",41.481,-82.195,192.6,"NWS WFO Cleveland, OH (CLE)",IOOS Partners,fixed,False,False,False,False,CLE,C-MAN Station,,"Lorain Harbor, OH",,"41.481 N 82.195 W (41°28'52"" N 82°11'43"" W)",E
LPNM4,18,2008,2025,0,,,0,,,0,,,0,,,0,,,0,,,0,,,0,,,0,stdmet,False,"9075065 - Alpena, MI ",45.063,-83.429,177.9,NOS,NOS/CO-OPS,fixed,True,False,False,False,O,Water Level Observation Network,,"9075065 - Alpena, MI",,"45.063 N 83.429 W (45°3'47"" N 83°25'43"" W)",E
LPOI1,3,1997,1999,0,,,0,,,0,,,0,,,0,,,0,,,0,,,0,,,0,,False,,,,,,,,,,,,N,C-MAN Station,,"Lake Pend Oreille, ID",VEEP payload,"48.060 N 116.500 W (48°3'36"" N 116°30'0"" W)",P
LPRP4,6,2008,2013,0,,,0,,,0,,,0,,,0,,,0,,,0,,,6,2008,2013,0,,False,,,,,,,,,,,,IC,Fixed Structure Weather Station,,"Media Luna, La Parguera, PR",,"17.939 N 67.052 W (17°56'20"" N 67°3'7"" W)",N
LPWA2,4,2012,2015,0,,,0,,,0,,,0,,,0,,,0,,,0,,,0,,,0,,False,"Little Port Walter, AK",56.388,-134.637,2.5,National Marine Fisheries Service,IOOS Partners,fixed,False,False,False,False,NM,Weather Station,,"Little Port Walter, AK",,"56.388 N 134.637 W (56°23'16"" N 134°38'14"" W)",A
LQAT2,4,2022,2025,0,,,0,,,0,,,0,,,0,,,0,,,0,,,0,,,0,stdmet,False,"La Quinta, TX  MET (8775132)",27.881,-97.285,8.626,NOAA NOS PORTS,NOS/CO-OPS,fixed,True,False,False,False,PT,Water Level Observation Network,,"La Quinta, TX  MET (8775132)",,"27.881 N 97.285 W (27°52'53"" N 97°17'7"" W)",C
LRIF1,1,2025,2025,0,,,0,,,0,,,0,,,0,,,0,,,0,,,1,2025,2025,0,"ocean,stdmet",False,"Lane River, FL ",25.284,-80.894,0.0,Everglades National Park,IOOS Partners,fixed,False,False,False,False,NP,Water Quality Station,,"Lane River, FL",,"25.284 N 80.894 W (25°17'4"" N 80°53'38"" W)",E
LRKF1,1,2025,2025,0,,,0,,,0,,,0,,,0,,,0,,,0,,,1,2025,2025,0,"ocean,stdmet",False,"Little Rabbit Key, FL",24.982,-80.826,0.0,Everglades National Park,IOOS Partners,fixed,False,False,False,False,NP,Water Quality Station,,"Little Rabbit Key, FL",,"24.982 N 80.826 W (24°58'54"" N 80°49'32"" W)",E
LSCM4,12,2001,2012,0,,,0,,,0,,,0,,,0,,,0,,,0,,,0,,,0,,False,,,,,,,,,,,,DTX,C-MAN Station,,"Lake St. Clair Light, MI",,"42.465 N 82.755 W (42°27'54"" N 82°45'18"" W)",E
LSIO3,0,,,0,,,0,,,0,,,0,,,0,,,0,,,0,,,3,2012,2014,0,,False,,,,,,,,,,,,CM,Water Quality Station,,"Lower Sand Island Light, OR",,"46.256 N 123.982 W (46°15'22"" N 123°58'56"" W)",P
LSNF1,1,2025,2025,0,,,0,,,0,,,0,,,0,,,0,,,0,,,1,2025,2025,0,"ocean,stdmet",False,"Long Sound, FL",25.235,-80.457,0.0,Everglades National Park,IOOS Partners,fixed,False,False,False,False,NP,Water Quality Station,,"Long Sound, FL",,"25.235 N 80.457 W (25°14'7"" N 80°27'25"" W)",E
LTBV3,21,2005,2025,0,,,0,,,0,,,0,,,0,,,0,,,0,,,0,,,0,stdmet,False,"9751401 - Lime Tree Bay, St. Croix, VI",17.695,-64.754,3.1,NOS,NOS/CO-OPS,fixed,True,False,False,False,O,Water Level Observation Network,,"9751401 - Lime Tree Bay, St. Croix, VI",,"17.695 N 64.754 W (17°41'41"" N 64°45'14"" W)",N
LTJF1,12,2014,2025,0,,,0,,,0,,,0,,,0,,,0,,,0,,,0,,,0,stdmet,False,"8720228 - Little Jetties, St. Johns River, FL",30.379,-81.446,4.892,NOAA NOS PORTS,NOS/CO-OPS,fixed,True,False,False,False,PT,Water Level Observation Network,,"8720228 - Little Jetties, St. Johns River, FL",,"30.379 N 81.446 W (30°22'46"" N 81°26'46"" W)",E
LTQM2,0,,,0,,,0,,,0,,,0,,,0,,,0,,,0,,,0,,,0,ocean,False,"Otter Point Creek, Chesapeake Bay Reserve, MD",39.451,-76.275,,National Estuarine Research Reserve System,NERRS,fixed,False,False,True,False,NR,NERRS Water Quality Station,,"Otter Point Creek, Chesapeake Bay Reserve, MD",,"39.451 N 76.275 W (39°27'3"" N 76°16'29"" W)",E
LTRM4,20,2006,2025,0,,,0,,,0,,,0,,,0,,,0,,,0,,,0,,,0,stdmet,False,"9076033 - Little Rapids, MI",46.486,-84.302,178.6,NOS,NOS/CO-OPS,fixed,True,False,False,False,O,Water Level Observation Network,,"9076033 - Little Rapids, MI",,"46.486 N 84.302 W (46°29'9"" N 84°18'6"" W)",E
LUIT2,12,2014,2025,0,,,0,,,0,,,0,,,0,,,0,,,0,,,0,,,0,stdmet,False,"8771972 - San Luis Pass, TX",29.076,-95.122,0.0,TCOON,IOOS Partners,fixed,True,False,False,False,K,Shorebased Tower,,"8771972 - San Luis Pass, TX",,"29.076 N 95.122 W (29°4'32"" N 95°7'21"" W)",C
LUML1,11,2004,2021,0,,,0,,,0,,,0,,,0,,,0,,,0,,,0,,,0,,False,"LUMCON Marine Center, LA",29.255,-90.664,1.0,LUMCON,IOOS Partners,fixed,False,False,False,False,L,Shorebased Tower,,"LUMCON Marine Center, LA",,"29.255 N 90.664 W (29°15'18"" N 90°39'49"" W)",C
LWSD1,22,2004,2025,0,,,0,,,0,,,0,,,0,,,0,,,0,,,0,,,0,stdmet,False,"8557380 - Lewes, DE",38.783,-75.119,2.6,NOS,NOS/CO-OPS,fixed,True,False,False,False,O,Water Level Observation Network,,"8557380 - Lewes, DE",,"38.783 N 75.119 W (38°46'58"" N 75°7'9"" W)",E
LWTV2,21,2005,2025,0,,,0,,,0,,,0,,,0,,,0,,,0,,,0,,,0,stdmet,False,"8635750 - Lewisetta, VA",37.995,-76.465,2.0,NOS,NOS/CO-OPS,fixed,True,False,False,False,O,Water Level Observation Network,,"8635750 - Lewisetta, VA",,"37.995 N 76.465 W (37°59'44"" N 76°27'53"" W)",E
LYBT2,4,2014,2017,0,,,0,,,0,,,0,,,0,,,0,,,0,,,0,,,0,,False,,,,,,,,,,,,K,Water Level Observation Network,,"8770733 - Lynchburg Landing, TX",,"29.765 N 95.079 W (29°45'53"" N 95°4'44"" W)",C
MACM4,17,2009,2025,0,,,0,,,0,,,0,,,0,,,0,,,0,,,0,,,0,stdmet,False,"9075080 - Mackinaw City, MI",45.777,-84.721,179.5,NOS,NOS/CO-OPS,fixed,True,False,False,False,O,Water Level Observation Network,,"9075080 - Mackinaw City, MI",,"45.777 N 84.721 W (45°46'39"" N 84°43'15"" W)",E
MAQT2,0,,,0,,,0,,,0,,,0,,,0,,,0,,,0,,,0,,,0,ocean,False,"Aransas Bay, Mission-Aransas Reserve, TX",27.98,-97.029,,National Estuarine Research Reserve System,NERRS,fixed,False,False,True,False,NR,NERRS Water Quality Station,,"Aransas Bay, Mission-Aransas Reserve, TX",,"27.980 N 97.029 W (27°58'47"" N 97°1'44"" W)",C
MAXT2,0,,,0,,,0,,,0,,,0,,,0,,,0,,,0,,,0,,,0,stdmet,False,"Copano East, Mission-Aransas Reserve, TX",28.132,-97.034,3.5,National Estuarine Research Reserve System,NERRS,fixed,True,False,False,False,NR,NERRS Weather Station,,"Copano East, Mission-Aransas Reserve, TX",,"28.132 N 97.034 W (28°7'56"" N 97°2'4"" W)",C
MBET2,10,2016,2025,0,,,0,,,0,,,0,,,0,,,0,,,0,,,0,,,0,stdmet,False,"8773767 - Matagorda Bay Entrance Channel, TX",28.422,-96.327,0.0,NOS,NOS/CO-OPS,fixed,True,False,False,False,O,Water Level Observation Network,,"8773767 - Matagorda Bay Entrance Channel, TX",,"28.422 N 96.327 W (28°25'18"" N 96°19'36"" W)",C
MBIN7,6,2020,2025,0,,,0,,,0,,,0,,,0,,,0,,,0,,,0,,,0,stdmet,False,"Masonboro Island, NC (MSNB_S)",34.091,-77.868,2.8,CORMP,IOOS Partners,fixed,True,False,False,False,CR,C-MAN Station,,"Masonboro Island, NC (MSNB_S)",,"34.091 N 77.868 W (34°5'26"" N 77°52'4"" W)",E
MBLA1,17,2006,2022,0,,,0,,,0,,,0,,,0,,,3,2013,2016,0,,,10,2009,2019,0,,False,"Middle Bay Lighthouse, AL",30.437,-88.011,0.0,Dauphin Island Sea Lab,IOOS Partners,fixed,False,False,False,False,DI,Coastal Marine Station,,"Middle Bay Lighthouse, AL",,"30.437 N 88.011 W (30°26'15"" N 88°0'41"" W)",C
MBNN7,5,2021,2025,0,,,0,,,0,,,0,,,0,,,0,,,0,,,0,,,0,stdmet,False,"Masonboro Island, NC (MSNB_N)",34.171,-77.824,2.2,CORMP,IOOS Partners,fixed,True,False,False,False,CR,C-MAN Station,,"Masonboro Island, NC (MSNB_N)",,"34.171 N 77.824 W (34°10'16"" N 77°49'25"" W)",E
MBPA1,10,2015,2025,0,,,0,,,0,,,0,,,0,,,0,,,0,,,0,,,0,stdmet,False,"8736163 - Middle Bay Port, Mobile Bay, AL",30.527,-88.086,3.4,NOAA NOS PORTS,NOS/CO-OPS,fixed,True,False,False,False,PT,Water Level Observation Network,,"8736163 - Middle Bay Port, Mobile Bay, AL",,"30.527 N 88.086 W (30°31'38"" N 88°5'10"" W)",C
MBRM4,17,2009,2025,0,,,0,,,0,,,0,,,0,,,0,,,0,,,0,,,0,stdmet,False,"9014090 - Mouth of the Black River, MI ",42.975,-82.419,178.6,NOS,NOS/CO-OPS,fixed,True,False,False,False,O,Water Level Observation Network,,"9014090 - Mouth of the Black River, MI",,"42.975 N 82.419 W (42°58'29"" N 82°25'8"" W)",E
MBXC1,6,2015,2025,0,,,0,,,0,,,0,,,0,,,0,,,0,,,11,2015,2025,0,"ocean,stdmet",False,"Morro Bay - BM1 T-Pier, CA",35.371,-120.859,,California Polytechnic State University,IOOS Partners,fixed,True,False,True,False,CP,Water Quality Station,,"Morro Bay - BM1 T-Pier, CA",,"35.371 N 120.859 W (35°22'15"" N 120°51'31"" W)",P
MCGA1,18,2008,2025,0,,,0,,,0,,,0,,,0,,,0,,,0,,,0,,,0,stdmet,False,"8736897 - Coast Guard Sector Mobile, AL",30.649,-88.058,2.2,NOAA NOS PORTS,NOS/CO-OPS,fixed,True,False,False,False,PT,Water Level Observation Network,,"8736897 - Coast Guard Sector Mobile, AL",,"30.649 N 88.058 W (30°38'58"" N 88°3'29"" W)",C
MCGM4,22,2004,2025,0,,,0,,,0,,,0,,,0,,,0,,,0,,,0,,,0,stdmet,False,"9099018 - Marquette C.G., MI",46.546,-87.379,186.5,NOS,NOS/CO-OPS,fixed,True,False,False,False,O,Water Level Observation Network,,"9099018 - Marquette C.G., MI",,"46.546 N 87.379 W (46°32'44"" N 87°22'43"" W)",E
MCYF1,13,2005,2020,0,,,0,,,0,,,0,,,0,,,0,,,0,,,0,,,0,,False,,,,,,,,,,,,O,Water Level Observation Network,,"8726667 - McKay Bay Entrance, FL",,"27.914 N 82.425 W (27°54'49"" N 82°25'28"" W)",E
MCYI3,21,2005,2025,0,,,0,,,0,,,0,,,0,,,0,,,0,,,0,,,0,stdmet,False,"Michigan City Harbor Entrance Light, Michigan City, IN",41.729,-86.912,176.0,GLERL,IOOS Partners,fixed,True,False,False,False,G,C-MAN Station,,"Michigan City Harbor Entrance Light, Michigan City, IN",,"41.729 N 86.912 W (41°43'45"" N 86°54'42"" W)",C
MDKF1,1,2025,2025,0,,,0,,,0,,,0,,,0,,,0,,,0,,,1,2025,2025,0,"ocean,stdmet",False,"Middle Key, FL",25.289,-80.396,0.0,Everglades National Park,IOOS Partners,fixed,False,False,False,False,NP,Water Quality Station,,"Middle Key, FL",,"25.289 N 80.396 W (25°17'21"" N 80°23'47"" W)",E
MDRM1,42,1984,2025,0,,,0,,,0,,,0,,,0,,,0,,,0,,,0,,,0,"cwind,stdmet",False,"Mt. Desert Rock, ME",43.969,-68.128,9.1,NDBC,NDBC Meteorological/Ocean,fixed,True,False,False,False,N,C-MAN Station,,"Mt. Desert Rock, ME",MARS payload,"43.969 N 68.128 W (43°58'7"" N 68°7'42"" W)",E
MDXA2,2,2024,2025,0,,,0,,,0,,,0,,,0,,,0,,,0,,,0,,,0,stdmet,False,"Middleton Island, AK",59.438,-146.327,43.3,Marine Exchange of Alaska,IOOS Partners,fixed,True,False,False,False,MA,Fixed Structure Weather Station,,"Middleton Island, AK",,"59.438 N 146.327 W (59°26'15"" N 146°19'39"" W)",A
MEEM4,17,2009,2025,0,,,0,,,0,,,0,,,0,,,0,,,0,,,0,,,0,,False,"Manistee Harbor, MI",44.251,-86.342,178.2,"NWS WFO Gayloard, MI (APX)",IOOS Partners,fixed,False,False,False,False,APX,GLOS Weather Station,,"Manistee Harbor, MI",,"44.251 N 86.342 W (44°15'2"" N 86°20'30"" W)",E
MEYC1,10,2016,2025,0,,,0,,,0,,,0,,,0,,,0,,,0,,,0,,,0,stdmet,False,"9413450 - Monterey, CA",36.605,-121.889,2.4,NOS,NOS/CO-OPS,fixed,True,False,False,False,O,Water Level Observation Network,,"9413450 - Monterey, CA",,"36.605 N 121.889 W (36°36'18"" N 121°53'22"" W)",P
MGIP4,21,2005,2025,0,,,0,,,0,,,0,,,0,,,0,,,0,,,0,,,0,stdmet,False,"9759110 - Magueyes Islands, PR",17.97,-67.046,0.9,NOS,NOS/CO-OPS,fixed,True,False,False,False,O,Water Level Observation Network,,"9759110 - Magueyes Islands, PR",,"17.970 N 67.046 W (17°58'12"" N 67°2'47"" W)",N
MGPT2,21,2005,2025,0,,,0,,,0,,,0,,,0,,,0,,,0,,,0,,,0,stdmet,False,"8770613 - Morgans Point, TX",29.682,-94.985,4.3,TCOON,IOOS Partners,fixed,True,False,False,False,K,Water Level Observation Network,,"8770613 - Morgans Point, TX",,"29.682 N 94.985 W (29°40'55"" N 94°59'5"" W)",C
MGZP4,16,2010,2025,0,,,0,,,0,,,0,,,0,,,0,,,0,,,0,,,0,stdmet,False,"9759394 - Mayaguez, PR",18.218,-67.159,3.1,NOS,NOS/CO-OPS,fixed,True,False,False,False,O,Water Level Observation Network,,"9759394 - Mayaguez, PR",,"18.218 N 67.159 W (18°13'3"" N 67°9'32"" W)",N
MHBT2,6,2020,2025,0,,,0,,,0,,,0,,,0,,,0,,,0,,,0,,,0,stdmet,False,"8775283 - Enbridge, Ingleside, TX",27.828,-97.201,5.8,NOAA NOS PORTS,NOS/CO-OPS,fixed,True,False,False,False,PT,Water Level Observation Network,,"8775283 - Enbridge, Ingleside, TX",,"27.828 N 97.201 W (27°49'39"" N 97°12'3"" W)",C
MHPA1,15,2006,2020,0,,,0,,,0,,,0,,,0,,,0,,,0,,,14,2007,2020,0,stdmet,False,"Meaher Park, AL",30.667,-87.936,0.0,Dauphin Island Sea Lab,IOOS Partners,fixed,False,False,False,False,DI,Coastal Marine Station,,"Meaher Park, AL",,"30.667 N 87.936 W (30°40'2"" N 87°56'11"" W)",C
MHRN6,11,2015,2025,0,,,0,,,0,,,0,,,0,,,0,,,0,,,0,,,0,stdmet,False,"8519532 - Mariners Harbor, NY",40.641,-74.162,2.6,NOAA NOS PORTS,NOS/CO-OPS,fixed,True,False,False,False,PT,Water Level Observation Network,,"8519532 - Mariners Harbor, NY",,"40.641 N 74.162 W (40°38'26"" N 74°9'44"" W)",E
MISC3,7,2004,2010,0,,,0,,,0,,,0,,,0,,,0,,,0,,,0,,,0,,False,,,,,,,,,,,,I,Long Island Ferry,,"North Middle Sound, CT",,"41.074 N 73.134 W (41°4'27"" N 73°8'2"" W)",E
MISM1,42,1984,2025,0,,,0,,,0,,,0,,,0,,,0,,,0,,,0,,,0,stdmet,False,"Matinicus Rock, ME",43.784,-68.855,16.2,NDBC,NDBC Meteorological/Ocean,fixed,True,False,False,False,N,C-MAN Station,,"Matinicus Rock, ME",SM+ Payload,"43.784 N 68.855 W (43°47'1"" N 68°51'18"" W)",E
MISMA,1,2019,2019,0,,,0,,,0,,,0,,,0,,,0,,,0,,,0,,,0,,False,,,,,,,,,,,,,,,,,,
MISN6,7,2004,2010,0,,,0,,,0,,,0,,,0,,,0,,,0,,,0,,,0,,False,,,,,,,,,,,,I,Long Island Ferry,,"South Middle Sound, NY",,"41.049 N 73.121 W (41°2'56"" N 73°7'16"" W)",E
MISP4,17,2009,2025,0,,,0,,,0,,,0,,,0,,,0,,,0,,,0,,,0,stdmet,False,"9759938 - Mona Island, PR",18.09,-67.939,1.3,NOS,NOS/CO-OPS,fixed,True,False,False,False,O,Water Level Observation Network,,"9759938 - Mona Island, PR",,"18.090 N 67.939 W (18°5'24"" N 67°56'19"" W)",N
MIST2,2,2015,2016,0,,,0,,,0,,,0,,,0,,,0,,,0,,,0,,,0,stdmet,False,"Ship Channel, Mission-Aransas Reserve, TX",27.838,-97.05,3.5,National Estuarine Research Reserve System,NERRS,fixed,True,False,False,False,NR,NERRS Weather Station,,"Ship Channel, Mission-Aransas Reserve, TX",,"27.838 N 97.050 W (27°50'17"" N 97°3'1"" W)",C
MIXA2,5,2021,2025,0,,,0,,,0,,,0,,,0,,,0,,,0,,,0,,,0,stdmet,False,"Midway Island, AK",57.837,-133.814,19.0,Marine Exchange of Alaska,IOOS Partners,fixed,True,False,False,False,MA,Coastal Marine Station,,"Midway Island, AK",,"57.837 N 133.814 W (57°50'12"" N 133°48'51"" W)",A
MKGM4,21,2005,2025,0,,,0,,,0,,,0,,,0,,,0,,,0,,,0,,,0,stdmet,False,"Muskegon CG Station, Muskegon, MI",43.228,-86.339,179.3,GLERL,IOOS Partners,fixed,True,False,False,False,G,C-MAN Station,,"Muskegon CG Station, Muskegon, MI",,"43.228 N 86.339 W (43°13'40"" N 86°20'20"" W)",E
MLRF1,33,1987,2019,0,,,0,,,0,,,0,,,0,,,0,,,0,,,6,2005,2010,0,,False,,,,,,,,,,,,N,C-MAN Station,,"Molasses Reef, FL",MARS payload,"25.012 N 80.376 W (25°0'42"" N 80°22'35"" W)",E
MLSC1,16,2008,2025,0,,,0,,,0,,,0,,,0,,,0,,,0,,,13,2009,2025,0,"ocean,stdmet",False,"Moss Landing, South Harbor, CA",36.802,-121.791,3.05,Moss Landing Marine Lab,IOOS Partners,fixed,True,False,True,False,ML,Coastal Marine Station,,"Moss Landing, South Harbor, CA",,"36.802 N 121.791 W (36°48'9"" N 121°47'29"" W)",P
MLTO3,3,2004,2006,0,,,0,,,0,,,0,,,0,,,0,,,0,,,0,,,0,,False,,,,,,,,,,,,D,C-MAN Station,,"Marsh Island, OR",,"46.214 N 123.620 W (46°12'51"" N 123°37'12"" W)",P
MLWW3,21,2005,2025,0,,,0,,,0,,,0,,,0,,,0,,,0,,,0,,,0,stdmet,False,Port of Milwaukee,43.005,-87.884,178.0,GLERL,IOOS Partners,fixed,True,False,False,False,G,C-MAN Station,,Port of Milwaukee,,"43.005 N 87.884 W (43°0'18"" N 87°53'4"" W)",C
MNBF1,1,2025,2025,0,,,0,,,0,,,0,,,0,,,0,,,0,,,1,2025,2025,0,"ocean,stdmet",False,"Manatee Bay, FL",25.239,-80.422,0.0,Everglades National Park,IOOS Partners,fixed,False,False,False,False,NP,Water Quality Station,,"Manatee Bay, FL",,"25.239 N 80.422 W (25°14'22"" N 80°25'18"" W)",E
MNMM4,20,2006,2025,0,,,0,,,0,,,0,,,0,,,0,,,0,,,0,,,0,stdmet,False,"9087088 - Menominee, MI",45.096,-87.59,178.7,NOS,NOS/CO-OPS,fixed,True,False,False,False,O,Water Level Observation Network,,"9087088 - Menominee, MI",,"45.096 N 87.590 W (45°5'45"" N 87°35'24"" W)",C
MNPV2,21,2005,2025,0,,,0,,,0,,,0,,,0,,,0,,,0,,,0,,,0,stdmet,False,"8639348 - Money Point, VA",36.778,-76.302,2.9,NOAA NOS PORTS,NOS/CO-OPS,fixed,True,False,False,False,PT,Water Level Observation Network,,"8639348 - Money Point, VA",,"36.778 N 76.302 W (36°46'41"" N 76°18'6"" W)",E
MOKH1,18,2008,2025,0,,,0,,,0,,,0,,,0,,,0,,,0,,,0,,,0,stdmet,False,"1612480 - Mokuoloe, HI",21.433,-157.79,2.6,NOS,NOS/CO-OPS,fixed,True,False,False,False,O,Water Level Observation Network,,"1612480 - Mokuoloe, HI",,"21.433 N 157.790 W (21°25'59"" N 157°47'23"" W)",H
MPCL1,5,1988,1992,0,,,0,,,0,,,0,,,0,,,0,,,0,,,0,,,0,,False,,,,,,,,,,,,N,C-MAN Station,,Main Pass,,"29.400 N 88.600 W (29°24'0"" N 88°36'0"" W)",C
MQMT2,0,,,0,,,0,,,0,,,0,,,0,,,0,,,0,,,0,,,0,ocean,False,"Mesquite Bay, Mission-Aransas Reserve, TX",28.138,-96.829,,National Estuarine Research Reserve System,NERRS,fixed,False,False,True,False,NR,NERRS Water Quality Station,,"Mesquite Bay, Mission-Aransas Reserve, TX",,"28.138 N 96.829 W (28°8'18"" N 96°49'43"" W)",C
MQTT2,17,2005,2021,0,,,0,,,0,,,0,,,0,,,0,,,0,,,0,,,0,,False,,,,,,,,,,,,O,Water Level Observation Network,,"8775870 - Bob Hall Pier, Corpus Christi, TX",,"27.581 N 97.217 W (27°34'52"" N 97°13'0"" W)",C
MRCP1,17,2008,2025,0,,,0,,,0,,,0,,,0,,,0,,,0,,,0,,,0,stdmet,False,"8540433 - Marcus Hook, PA",39.809,-75.415,2.4,NOAA NOS PORTS,NOS/CO-OPS,fixed,True,False,False,False,PT,Water Level Observation Network,,"8540433 - Marcus Hook, PA",,"39.809 N 75.415 W (39°48'32"" N 75°24'53"" W)",E
MRHO1,21,2005,2025,0,,,0,,,0,,,0,,,0,,,0,,,0,,,0,,,0,stdmet,False,"9063079 - Marblehead, OH",41.544,-82.731,176.0,NOS,NOS/CO-OPS,fixed,True,False,False,False,O,Water Level Observation Network,,"9063079 - Marblehead, OH",,"41.544 N 82.731 W (41°32'37"" N 82°43'53"" W)",E
MRKA2,29,1997,2025,0,,,0,,,0,,,0,,,0,,,0,,,0,,,0,,,0,"cwind,stdmet",False,"Middle Rock Light, AK",61.081,-146.653,0.0,NDBC,NDBC Meteorological/Ocean,fixed,True,False,False,False,N,C-MAN Station,,"Middle Rock Light, AK",Sutron XPERT payload,"61.081 N 146.653 W (61°4'52"" N 146°39'11"" W)",A
MRNA2,14,2012,2025,0,,,0,,,0,,,0,,,0,,,0,,,0,,,0,,,0,stdmet,False,"Marmion Island, AK",58.198,-134.257,3.0,Marine Exchange of Alaska,IOOS Partners,fixed,True,False,False,False,MA,Fixed Structure Weather Station,,"Marmion Island, AK",,"58.198 N 134.257 W (58°11'54"" N 134°15'24"" W)",A
MROS1,21,2005,2025,0,,,0,,,0,,,0,,,0,,,0,,,0,,,0,,,0,stdmet,False,"8661070 - Springmaid Pier, SC",33.656,-78.916,4.1,NOS,NOS/CO-OPS,fixed,True,False,False,False,O,Water Level Observation Network,,"8661070 - Springmaid Pier, SC",,"33.656 N 78.916 W (33°39'20"" N 78°54'59"" W)",E
MRSL1,11,2009,2020,0,,,0,,,0,,,0,,,0,,,0,,,0,,,0,,,0,,False,"Marsh Island, LA / CSI03",29.441,-92.061,0.0,LSU CSI,IOOS Partners,fixed,False,False,False,False,Z,Shorebased Tower,,"Marsh Island, LA / CSI03",,"29.441 N 92.061 W (29°26'28"" N 92°3'40"" W)",C
MRYA2,14,2012,2025,0,,,0,,,0,,,0,,,0,,,0,,,0,,,0,,,0,stdmet,False,"Mary Island, AK",55.099,-131.182,4.0,Marine Exchange of Alaska,IOOS Partners,fixed,True,False,False,False,MA,Fixed Structure Weather Station,,"Mary Island, AK",,"55.099 N 131.182 W (55°5'57"" N 131°10'56"" W)",A
MTBF1,14,2008,2025,0,,,0,,,0,,,0,,,0,,,0,,,0,,,0,,,0,stdmet,False,"8726412 - Middle Tampa Bay, FL",27.661,-82.594,0.0,NOAA NOS PORTS,NOS/CO-OPS,fixed,True,False,False,False,PT,Water Level Observation Network,,"8726412 - Middle Tampa Bay, FL",,"27.661 N 82.594 W (27°39'40"" N 82°35'38"" W)",E
MTKN6,22,2004,2025,0,,,0,,,0,,,0,,,0,,,0,,,0,,,0,,,0,stdmet,False,"8510560 - Montauk, NY",41.048,-71.959,2.1,NOS,NOS/CO-OPS,fixed,True,False,False,False,O,Water Level Observation Network,,"8510560 - Montauk, NY",,"41.048 N 71.959 W (41°2'53"" N 71°57'34"" W)",E
MTYC1,12,2005,2016,0,,,0,,,0,,,0,,,0,,,0,,,0,,,0,,,0,,False,,,,,,,,,,,,O,Water Level Observation Network,,"9413450 - Monterey, CA",,"36.605 N 121.889 W (36°36'18"" N 121°53'22"" W)",P
MUKF1,1,2025,2025,0,,,0,,,0,,,0,,,0,,,0,,,0,,,1,2025,2025,0,"ocean,stdmet",False,"Murray Key, FL",25.106,-80.942,0.0,Everglades National Park,IOOS Partners,fixed,False,False,False,False,NP,Water Quality Station,,"Murray Key, FL",,"25.106 N 80.942 W (25°6'22"" N 80°56'32"" W)",E
MVXA2,9,2017,2025,0,,,0,,,0,,,0,,,0,,,0,,,0,,,0,,,0,stdmet,False,"Mendenhall Valley, AK",58.364,-134.606,7.6,Marine Exchange of Alaska,IOOS Partners,fixed,True,False,False,False,MA,Coastal Marine Station,,"Mendenhall Valley, AK",,"58.364 N 134.606 W (58°21'51"" N 134°36'21"" W)",A
MWQT2,0,,,0,,,0,,,0,,,0,,,0,,,0,,,0,,,0,,,0,ocean,False,"Ship Channel, Mission-Aransas Reserve, TX",27.838,-97.05,,National Estuarine Research Reserve System,NERRS,fixed,False,False,True,False,NR,NERRS Water Quality Station,,"Ship Channel, Mission-Aransas Reserve, TX",,"27.838 N 97.050 W (27°50'18"" N 97°3'1"" W)",C
MXXA2,9,2017,2025,0,,,0,,,0,,,0,,,0,,,0,,,0,,,0,,,0,stdmet,False,"MXAK Office, AK",58.301,-134.425,5.2,Marine Exchange of Alaska,IOOS Partners,fixed,True,False,False,False,MA,Coastal Marine Station,,"MXAK Office, AK",,"58.301 N 134.425 W (58°18'4"" N 134°25'32"" W)",A
MYPF1,19,2005,2025,0,,,0,,,0,,,0,,,0,,,0,,,0,,,0,,,0,stdmet,False,"8720218 - Mayport (Bar Pilots Dock), FL",30.398,-81.428,5.5,NOS,NOS/CO-OPS,fixed,True,False,False,False,O,Water Level Observation Network,,"8720218 - Mayport (Bar Pilots Dock), FL",,"30.398 N 81.428 W (30°23'53"" N 81°25'40"" W)",E
MYXC1,2,2015,2016,0,,,0,,,0,,,0,,,0,,,0,,,0,,,6,2015,2020,0,,False,"Monterrey, CA",36.605,-121.889,,Central and Northern California Ocean Observing System,IOOS Partners,fixed,False,False,False,False,CN,Water Quality Station,,"Monterrey, CA",,"36.605 N 121.889 W (36°36'18"" N 121°53'21"" W)",P
MZXC1,13,2013,2025,0,,,0,,,0,,,0,,,0,,,0,,,0,,,0,,,0,stdmet,False,"9415102 - Martinez-Amorco Pier, CA",38.035,-122.125,4.0,NOAA NOS PORTS,NOS/CO-OPS,fixed,True,False,False,False,PT,Water Level Observation Network,,"9415102 - Martinez-Amorco Pier, CA",,"38.035 N 122.125 W (38°2'5"" N 122°7'31"" W)",
NABM4,20,2006,2025,0,,,0,,,0,,,0,,,0,,,0,,,0,,,0,,,0,stdmet,False,"Naubinway, MI",46.087,-85.444,178.0,"NWS WFO Gayloard, MI (APX)",IOOS Partners,fixed,True,False,False,False,APX,GLOS Weather Station,,"Naubinway, MI",,"46.087 N 85.444 W (46°5'13"" N 85°26'40"" W)",E
NAQR1,0,,,0,,,0,,,0,,,0,,,0,,,0,,,0,,,0,,,0,ocean,False,"T-Wharf Bottom, Narragansett Bay Reserve, RI",41.578,-71.321,,National Estuarine Research Reserve System,NERRS,fixed,False,False,True,False,NR,NERRS Water Quality Station,,"T-Wharf Bottom, Narragansett Bay Reserve, RI",,"41.578 N 71.321 W (41°34'42"" N 71°19'16"" W)",E
NAXR1,0,,,0,,,0,,,0,,,0,,,0,,,0,,,0,,,0,,,0,stdmet,False,"Potters Cove, Narragansett Bay Reserve, RI",41.637,-71.339,7.2,National Estuarine Research Reserve System,NERRS,fixed,True,False,False,False,NR,NERRS Weather Station,,"Potters Cove, Narragansett Bay Reserve, RI",,"41.637 N 71.339 W (41°38'13"" N 71°20'20"" W)",E
NBBA3,6,2016,2021,0,,,0,,,0,,,0,,,0,,,0,,,0,,,0,,,0,,False,,,,,,,,,,,,LM,Buoy,,Lake Mead - North Boulder Basin,,"36.087 N 114.728 W (36°5'12"" N 114°43'42"" W)",M
NBGM3,3,2023,2025,0,,,0,,,0,,,0,,,0,,,0,,,0,,,0,,,0,stdmet,False,"8447627 - New Bedford, Barrier Gate, MA",41.624,-70.906,6.94,NOAA NOS PORTS,NOS/CO-OPS,fixed,True,False,False,False,PT,Water Level Observation Network,,"8447627 - New Bedford, Barrier Gate, MA",,"41.624 N 70.906 W (41°37'28"" N 70°54'20"" W)",E
NBLP1,20,2006,2025,0,,,0,,,0,,,0,,,0,,,0,,,0,,,0,,,0,stdmet,False,"8548989 - Newbold, PA",40.137,-74.752,4.3,NOAA NOS PORTS,NOS/CO-OPS,fixed,True,False,False,False,PT,Water Level Observation Network,,"8548989 - Newbold, PA",,"40.137 N 74.752 W (40°8'14"" N 74°45'7"" W)",E
NCDV2,11,2015,2025,0,,,0,,,0,,,0,,,0,,,0,,,0,,,0,,,0,stdmet,False,"8635027 - Dahlgren, VA",38.32,-77.037,5.494,NOS,NOS/CO-OPS,fixed,True,False,False,False,O,Water Level Observation Network,,"8635027 - Dahlgren, VA",,"38.320 N 77.037 W (38°19'11"" N 77°2'12"" W)",E
NCHT2,15,2011,2025,0,,,0,,,0,,,0,,,0,,,0,,,0,,,0,,,0,stdmet,False,"8770777 - Manchester, TX ",29.726,-95.266,4.7,TCOON,IOOS Partners,fixed,True,False,False,False,K,Water Level Observation Network,,"8770777 - Manchester, TX",,"29.726 N 95.266 W (29°43'34"" N 95°15'56"" W)",C
NCSC3,7,2004,2010,0,,,0,,,0,,,0,,,0,,,0,,,0,,,0,,,0,,False,,,,,,,,,,,,I,Long Island Ferry,,"North Central Sound, CT",,"41.099 N 73.147 W (41°5'58"" N 73°8'49"" W)",E
NEAW1,20,2005,2025,0,,,0,,,0,,,0,,,0,,,0,,,0,,,0,,,0,stdmet,False,"9443090 - Neah Bay, WA",48.367,-124.614,3.2,NOS,NOS/CO-OPS,fixed,True,False,False,False,O,Water Level Observation Network,,"9443090 - Neah Bay, WA",,"48.367 N 124.614 W (48°22'2"" N 124°36'50"" W)",P
NFBF1,10,2004,2016,0,,,0,,,0,,,0,,,0,,,0,,,0,,,0,,,0,,False,,,,,,,,,,,,P,Offshore Tower,,"NFB - Northwest Florida Bay, FL",,"25.084 N 81.096 W (25°5'2"" N 81°5'46"" W)",E
NFDF1,11,2014,2025,0,,,0,,,0,,,0,,,0,,,0,,,0,,,0,,,0,stdmet,False,"8720215 - Navy Fuel Depot, St Johns River, FL",30.4,-81.627,3.0,NOAA NOS PORTS,NOS/CO-OPS,fixed,True,False,False,False,PT,Water Level Observation Network,,"8720215 - Navy Fuel Depot, St Johns River, FL",,"30.400 N 81.627 W (30°24'0"" N 81°37'36"" W)",E
NGLT2,8,2007,2014,0,,,0,,,0,,,0,,,0,,,0,,,0,,,0,,,0,,False,,,,,,,,,,,,K,Shorebased Tower,,"8775283 - Port Ingleside, TX",,"27.822 N 97.204 W (27°49'18"" N 97°12'14"" W)",C
NIAN6,18,2008,2025,0,,,0,,,0,,,0,,,0,,,0,,,0,,,0,,,0,stdmet,False,"9063012 - Niagara Intake, NY",43.077,-79.014,181.8,NOS,NOS/CO-OPS,fixed,True,False,False,False,O,Water Level Observation Network,,"9063012 - Niagara Intake, NY",,"43.077 N 79.014 W (43°4'37"" N 79°0'50"" W)",E
NIQS1,0,,,0,,,0,,,0,,,0,,,0,,,0,,,0,,,0,,,0,ocean,False,"Oyster Landing, North Inlet-Winyah Bay Reserve, SC",33.349,-79.189,,National Estuarine Research Reserve System,NERRS,fixed,False,False,True,False,NR,NERRS Water Quality Station,,"Oyster Landing, North Inlet-Winyah Bay Reserve, SC",,"33.349 N 79.189 W (33°20'58"" N 79°11'20"" W)",E
NIWS1,0,,,0,,,0,,,0,,,0,,,0,,,0,,,0,,,0,,,0,stdmet,False,"Oyster Landing, North Inlet-Winyah Bay Reserve, SC",33.349,-79.189,0.0,National Estuarine Research Reserve System,NERRS,fixed,True,False,False,False,NR,NERRS Weather Station,,"Oyster Landing, North Inlet-Winyah Bay Reserve, SC",,"33.349 N 79.189 W (33°20'58"" N 79°11'20"" W)",E
NJLC1,6,2020,2025,0,,,0,,,0,,,0,,,0,,,0,,,0,,,0,,,0,stdmet,False,"9418768 - North Jetty Landing, CA",40.769,-124.239,7.6,NOS,NOS/CO-OPS,fixed,True,False,False,False,O,Water Level Observation Network,,"9418768 - North Jetty Landing, CA",,"40.769 N 124.239 W (40°46'8"" N 124°14'20"" W)",P
NKLA2,12,2014,2025,0,,,0,,,0,,,0,,,0,,,0,,,0,,,0,,,0,stdmet,False,Nikolski White Alice,52.972,-168.855,,Marine Exchange of Alaska,IOOS Partners,fixed,True,False,False,False,MA,Fixed Structure Weather Station,,Nikolski White Alice,,"52.972 N 168.855 W (52°58'20"" N 168°51'19"" W)",A
NKTA2,21,2005,2025,0,,,0,,,0,,,0,,,0,,,0,,,0,,,0,,,0,stdmet,False,"9455760 - Nikiski, AK",60.683,-151.399,7.9,NOS,NOS/CO-OPS,fixed,True,False,False,False,O,Water Level Observation Network,,"9455760 - Nikiski, AK",,"60.683 N 151.399 W (60°41'0"" N 151°23'57"" W)",A
NKXA2,9,2017,2025,0,,,0,,,0,,,0,,,0,,,0,,,0,,,0,,,0,stdmet,False,"Naked Island, AK",58.255,-134.945,12.2,Marine Exchange of Alaska,IOOS Partners,fixed,True,False,False,False,MA,Coastal Marine Station,,"Naked Island, AK",,"58.255 N 134.945 W (58°15'19"" N 134°56'42"" W)",A
NLEC1,0,,,0,,,0,,,0,,,0,,,0,,,0,,,0,,,3,2007,2009,0,,False,,,,,,,,,,,,EB,CICORE water quality station,,"San Leandro Marina, CA",,"37.696 N 122.192 W (37°41'45"" N 122°11'32"" W)",P
NLHC3,3,2023,2025,0,,,0,,,0,,,0,,,0,,,0,,,0,,,0,,,0,stdmet,False,"8461490 - New London, CT",41.372,-72.096,2.4,NOS,NOS/CO-OPS,fixed,True,False,False,False,O,Water Level Observation Network,,"8461490 - New London, CT",,"41.372 N 72.096 W (41°22'18"" N 72°5'44"" W)",E
NLMA3,5,2016,2020,0,,,0,,,0,,,0,,,0,,,0,,,0,,,0,,,0,,False,,,,,,,,,,,,LM,Buoy,,Lake Mohave - North,,"35.458 N 114.666 W (35°27'29"" N 114°39'59"" W)",M
NLNC3,20,2004,2023,0,,,0,,,0,,,0,,,0,,,0,,,0,,,0,,,0,,False,"8461490 - New London, CT",41.361,-72.09,2.4,NOS,NOS/CO-OPS,fixed,False,False,False,False,O,Water Level Observation Network,,"8461490 - New London, CT",,"41.361 N 72.090 W (41°21'41"" N 72°5'24"" W)",E
NLXA2,4,2022,2025,0,,,0,,,0,,,0,,,0,,,0,,,0,,,0,,,0,stdmet,False,"Nelson Lagoon, AK",56.005,-161.177,11.0,Marine Exchange of Alaska,IOOS Partners,fixed,True,False,False,False,MA,Coastal Marine Station,,"Nelson Lagoon, AK",,"56.005 N 161.177 W (56°0'18"" N 161°10'38"" W)",A
NMTA2,21,2005,2025,0,,,0,,,0,,,0,,,0,,,0,,,0,,,0,,,0,stdmet,False,"9468756 - Nome, Norton Sound, AK",64.5,-165.43,4.8,NOS,NOS/CO-OPS,fixed,True,False,False,False,O,Water Level Observation Network,,"9468756 - Nome, Norton Sound, AK",,"64.500 N 165.430 W (64°30'0"" N 165°25'48"" W)",A
NMXA2,4,2022,2025,0,,,0,,,0,,,0,,,0,,,0,,,0,,,0,,,0,stdmet,False,"Nome, AK",64.494,-165.44,7.0,Marine Exchange of Alaska,IOOS Partners,fixed,True,False,False,False,MA,Coastal Marine Station,,"Nome, AK",,"64.494 N 165.440 W (64°29'38"" N 165°26'24"" W)",A
NOSC3,7,2004,2010,0,,,0,,,0,,,0,,,0,,,0,,,0,,,0,,,0,,False,,,,,,,,,,,,I,Long Island Ferry,,"Northern Open Sound, CT",,"41.125 N 73.159 W (41°7'29"" N 73°9'32"" W)",E
NPDW3,21,2005,2025,0,,,0,,,0,,,0,,,0,,,0,,,0,,,0,,,0,stdmet,False,"Northport Pier at Death's Door, WI",45.291,-86.977,178.0,"NWS WFO Green Bay, WI (GRB)",IOOS Partners,fixed,True,False,False,False,GRB,Weather Station,,"Northport Pier at Death's Door, WI",,"45.291 N 86.977 W (45°17'27"" N 86°58'36"" W)",C
NPQC1,0,,,0,,,0,,,0,,,0,,,0,,,0,,,0,,,0,,,0,ocean,False,"South Bay, Tijuana River Reserve, CA",32.601,-117.116,,National Estuarine Research Reserve System,NERRS,fixed,False,False,True,False,NR,Water Quality Station,,"South Bay, Tijuana River Reserve, CA",,"32.601 N 117.116 W (32°36'4"" N 117°6'57"" W)",P
NPQN6,0,,,0,,,0,,,0,,,0,,,0,,,0,,,0,,,0,,,0,ocean,False,"Norrie Point, Hudson River Reserve, NY",41.832,-73.942,,National Estuarine Research Reserve System,NERRS,fixed,False,False,True,False,NR,NERRS Water Quality Station,,"Norrie Point, Hudson River Reserve, NY",,"41.832 N 73.942 W (41°49'54"" N 73°56'31"" W)",E
NPSF1,18,2005,2022,0,,,0,,,0,,,0,,,0,,,0,,,0,,,0,,,0,,False,,,,,,,,,,,,O,Water Level Observation Network,,"8725110 - Naples, FL",,"26.132 N 81.807 W (26°7'54"" N 81°48'27"" W)",E
NPXN6,0,,,0,,,0,,,0,,,0,,,0,,,0,,,0,,,0,,,0,stdmet,False,"Norrie Point, Hudson River Reserve, NY",41.831,-73.942,0.0,National Estuarine Research Reserve System,NERRS,fixed,True,False,False,False,NR,NERRS Weather Station,,"Norrie Point, Hudson River Reserve, NY",,"41.831 N 73.942 W (41°49'53"" N 73°56'32"" W)",E
NREP1,7,2019,2025,0,,,0,,,0,,,0,,,0,,,0,,,0,,,0,,,0,stdmet,False,"Northeast Marina, PA",42.258,-79.792,183.0,"NWS WFO Cleveland, OH (CLE)",IOOS Partners,fixed,True,False,False,False,CLE,C-MAN Station,,"Northeast Marina, PA",,"42.258 N 79.792 W (42°15'29"" N 79°47'32"" W)",E
NRRF1,1,2025,2025,0,,,0,,,0,,,0,,,0,,,0,,,0,,,1,2025,2025,0,"ocean,stdmet",False,"North River, FL",25.338,-80.911,,Everglades National Park,IOOS Partners,fixed,False,False,False,False,NP,Water Quality Station,,"North River, FL",,"25.338 N 80.911 W (25°20'18"" N 80°54'41"" W)",E
NSTP6,19,2006,2025,0,,,0,,,0,,,0,,,0,,,0,,,0,,,0,,,0,stdmet,False,"1770000 - Pago Pago, American Samoa",-14.28,-170.688,1.8,NOS,NOS/CO-OPS,fixed,True,False,False,False,O,Water Level Observation Network,,"1770000 - Pago Pago, American Samoa",,"14.280 S 170.688 W (14°16'48"" S 170°41'17"" W)",?
NSXA2,4,2022,2025,0,,,0,,,0,,,0,,,0,,,0,,,0,,,0,,,0,stdmet,False,"Nikiski, AK",60.74,-151.311,47.6,Marine Exchange of Alaska,IOOS Partners,fixed,True,False,False,False,MA,Coastal Marine Station,,"Nikiski, AK",,"60.740 N 151.311 W (60°44'23"" N 151°18'38"" W)",A
NTBC1,17,2009,2025,0,,,0,,,0,,,0,,,0,,,0,,,0,,,0,,,0,stdmet,False,"9411340 - Santa Barbara, CA ",34.405,-119.692,2.6,NOS,NOS/CO-OPS,fixed,True,False,False,False,O,Water Level Observation Network,,"9411340 - Santa Barbara, CA",,"34.405 N 119.692 W (34°24'17"" N 119°41'33"" W)",P
NTKM3,21,2005,2025,0,,,0,,,0,,,0,,,0,,,0,,,0,,,0,,,0,stdmet,False,"8449130 - Nantucket Island, MA",41.285,-70.096,2.2,NOS,NOS/CO-OPS,fixed,True,False,False,False,O,Water Level Observation Network,,"8449130 - Nantucket Island, MA",,"41.285 N 70.096 W (41°17'7"" N 70°5'47"" W)",E
NUET2,11,2014,2024,0,,,0,,,0,,,0,,,0,,,0,,,0,,,0,,,0,,False,,,,,,,,,,,,O,Water Level Observation Network,,"8775244 - Nueces Bay, TX",,"27.832 N 97.486 W (27°49'57"" N 97°29'9"" W)",C
NWCL1,18,2008,2025,0,,,0,,,0,,,0,,,0,,,0,,,0,,,0,,,0,stdmet,False,"8761927 - New Canal Station, LA",30.027,-90.113,1.7,NOS,NOS/CO-OPS,fixed,True,False,False,False,O,Water Level Observation Network,,"8761927 - New Canal Station, LA",,"30.027 N 90.113 W (30°1'38"" N 90°6'48"" W)",C
NWHC3,22,2004,2025,0,,,0,,,0,,,0,,,0,,,0,,,0,,,0,,,0,stdmet,False,"8465705 - New Haven, CT",41.283,-72.908,3.0,NOAA NOS PORTS,NOS/CO-OPS,fixed,True,False,False,False,PT,Water Level Observation Network,,"8465705 - New Haven, CT",,"41.283 N 72.908 W (41°17'0"" N 72°54'28"" W)",E
NWPO3,41,1985,2025,0,,,0,,,0,,,0,,,0,,,0,,,0,,,0,,,0,"cwind,stdmet",False,"Newport, OR",44.613,-124.067,9.1,NDBC,NDBC Meteorological/Ocean,fixed,True,False,False,False,N,C-MAN Station,,"Newport, OR",MARS payload,"44.613 N 124.067 W (44°36'48"" N 124°4'0"" W)",P
NWPR1,22,2004,2025,0,,,0,,,0,,,0,,,0,,,0,,,0,,,0,,,0,stdmet,False,"8452660 - Newport, RI",41.504,-71.326,2.2,NOS,NOS/CO-OPS,fixed,True,False,False,False,O,Water Level Observation Network,,"8452660 - Newport, RI",,"41.504 N 71.326 W (41°30'16"" N 71°19'34"" W)",E
NWWH1,18,2008,2025,0,,,0,,,0,,,0,,,0,,,0,,,0,,,0,,,0,stdmet,False,"1611400 - Nawiliwili, HI",21.954,-159.353,1.5,NOS,NOS/CO-OPS,fixed,True,False,False,False,O,Water Level Observation Network,,"1611400 - Nawiliwili, HI",,"21.954 N 159.353 W (21°57'13"" N 159°21'11"" W)",H
OBGN6,16,2010,2025,0,,,0,,,0,,,0,,,0,,,0,,,0,,,0,,,0,stdmet,False,"8311030 - Ogdensburg, NY",44.702,-75.494,76.0,NOS,NOS/CO-OPS,fixed,True,False,False,False,O,Water Level Observation Network,,"8311030 - Ogdensburg, NY",,"44.702 N 75.494 W (44°42'6"" N 75°29'40"" W)",E
OBLA1,18,2008,2025,0,,,0,,,0,,,0,,,0,,,0,,,0,,,0,,,0,stdmet,False,"8737048 - Mobile State Docks, AL",30.705,-88.04,3.0,NOS,NOS/CO-OPS,fixed,True,False,False,False,O,Water Level Observation Network,,"8737048 - Mobile State Docks, AL",,"30.705 N 88.040 W (30°42'17"" N 88°2'23"" W)",C
OBXC1,13,2013,2025,0,,,0,,,0,,,0,,,0,,,0,,,0,,,0,,,0,stdmet,False,"9414797 - Oakland Berth 38, CA",37.804,-122.341,,NOAA NOS PORTS,NOS/CO-OPS,fixed,True,False,False,False,PT,Water Level Observation Network,,"9414797 - Oakland Berth 38, CA",,"37.804 N 122.341 W (37°48'13"" N 122°20'29"" W)",P
OCGN4,2,2010,2011,0,,,0,,,0,,,0,,,0,,,0,,,0,,,0,,,0,,False,,,,,,,,,,,,J,Shorebased Tower,,"Ocean Grove, NJ",,"40.209 N 74.004 W (40°12'32"" N 74°0'14"" W)",E
OCIM2,18,2008,2025,0,,,0,,,0,,,0,,,0,,,0,,,0,,,0,,,0,stdmet,False,"8570283 - Ocean City Inlet, MD",38.328,-75.091,2.0,NOS,NOS/CO-OPS,fixed,True,False,False,False,O,Water Level Observation Network,,"8570283 - Ocean City Inlet, MD",,"38.328 N 75.091 W (38°19'42"" N 75°5'28"" W)",E
OCPN7,8,2006,2013,0,,,0,,,0,,,0,,,0,,,2,2008,2009,0,,,0,,,0,,False,,,,,,,,,,,,CR,C-MAN Station,,"OCP1 - Ocean Crest Pier, NC",,"33.911 N 78.147 W (33°54'39"" N 78°8'50"" W)",E
OCSM2,8,2013,2020,0,,,0,,,0,,,0,,,0,,,0,,,0,,,0,,,0,,False,"Ocean City, MD",38.338,-75.07,-11.0,U.S. Army Corps of Engineers,IOOS Partners,other,False,False,False,False,AC,Bottom Mounted ADCP,,"Ocean City, MD",,"38.338 N 75.070 W (38°20'15"" N 75°4'13"" W)",E
OFPN6,7,2004,2010,0,,,0,,,0,,,0,,,0,,,0,,,0,,,0,,,0,,False,,,,,,,,,,,,I,Long Island Ferry,,"Old Field Island, NY",,"40.973 N 73.083 W (40°58'23"" N 73°4'59"" W)",E
OHBC1,19,2005,2025,0,,,0,,,0,,,0,,,0,,,0,,,0,,,0,,,0,stdmet,False,"9410660 - Los Angeles, CA",33.72,-118.273,,NOS,NOS/CO-OPS,fixed,True,False,False,False,O,Water Level Observation Network,,"9410660 - Los Angeles, CA",,"33.720 N 118.273 W (33°43'12"" N 118°16'22"" W)",P
OKSI2,14,2011,2025,0,,,0,,,0,,,0,,,0,,,0,,,0,,,0,,,0,stdmet,False,"Oak St., Chicago, IL",41.912,-87.624,179.0,Chicago Park District,IOOS Partners,fixed,True,False,False,False,CH,C-MAN Station,,"Oak St., Chicago, IL",,"41.912 N 87.624 W (41°54'44"" N 87°37'25"" W)",C
OKXC1,13,2013,2025,0,,,0,,,0,,,0,,,0,,,0,,,0,,,0,,,0,stdmet,False,"9414776 - Oakland Berth 34, CA",37.811,-122.333,,NOAA NOS PORTS,NOS/CO-OPS,fixed,True,False,False,False,PT,Water Level Observation Network,,"9414776 - Oakland Berth 34, CA",,"37.811 N 122.333 W (37°48'38"" N 122°19'59"" W)",P
OLCN6,19,2007,2025,0,,,0,,,0,,,0,,,0,,,0,,,0,,,0,,,0,stdmet,False,"Olcott Harbor, NY",43.341,-78.719,75.0,"NWS WFO Buffalo, NY (BUF)",IOOS Partners,fixed,True,False,False,False,BUF,GLOS Weather Station,,"Olcott Harbor, NY",,"43.341 N 78.719 W (43°20'27"" N 78°43'10"" W)",E
OLSA2,16,2010,2025,0,,,0,,,0,,,0,,,0,,,0,,,0,,,0,,,0,stdmet,False,"9462450 - Nikolski, AK",52.94,-168.87,16.6,NOS,NOS/CO-OPS,fixed,True,False,False,False,O,Water Level Observation Network,,"9462450 - Nikolski, AK",,"52.940 N 168.870 W (52°56'23"" N 168°52'12"" W)",A
OMHC1,18,2008,2025,0,,,0,,,0,,,0,,,0,,,0,,,0,,,0,,,0,stdmet,False,"9414769 - Oakland Middle Harbor Met, CA",37.801,-122.33,,NOAA NOS PORTS,NOS/CO-OPS,fixed,True,False,False,False,PT,Water Level Observation Network,,"9414769 - Oakland Middle Harbor Met, CA",,"37.801 N 122.330 W (37°48'2"" N 122°19'47"" W)",P
OOUH1,21,2005,2025,0,,,0,,,0,,,0,,,0,,,0,,,0,,,0,,,0,stdmet,False,"1612340 - Honolulu, HI",21.303,-157.865,1.6,NOS,NOS/CO-OPS,fixed,True,False,False,False,O,Water Level Observation Network,,"1612340 - Honolulu, HI",,"21.303 N 157.865 W (21°18'12"" N 157°51'52"" W)",H
OPTF1,20,2006,2025,0,,,0,,,0,,,0,,,0,,,0,,,0,,,0,,,0,stdmet,False,"8726607 - Old Port Tampa, FL",27.858,-82.553,11.1,NOAA NOS PORTS,NOS/CO-OPS,fixed,True,False,False,False,PT,Water Level Observation Network,,"8726607 - Old Port Tampa, FL",,"27.858 N 82.553 W (27°51'28"" N 82°33'10"" W)",E
ORIN7,21,2005,2025,0,,,0,,,0,,,0,,,0,,,0,,,0,,,0,,,0,stdmet,False,"8652587 - Oregon Inlet Marina, NC",35.796,-75.548,0.8,NOS,NOS/CO-OPS,fixed,True,False,False,False,O,Water Level Observation Network,,"8652587 - Oregon Inlet Marina, NC",,"35.796 N 75.548 W (35°47'45"" N 75°32'53"" W)",E
OSGN6,22,2004,2025,0,,,0,,,0,,,0,,,0,,,0,,,0,,,0,,,0,stdmet,False,"9052030 - Oswego, NY",43.464,-76.511,78.0,NOS,NOS/CO-OPS,fixed,True,False,False,False,O,Water Level Observation Network,,"9052030 - Oswego, NY",,"43.464 N 76.511 W (43°27'51"" N 76°30'41"" W)",E
OSTF1,0,,,0,,,0,,,0,,,0,,,0,,,0,,,0,,,0,,,0,stdmet,False,,,,,,,,,,,,N,Test station,,Stennis Test Facility,SCOOP payload,"30.357 N 89.612 W (30°21'24"" N 89°36'45"" W)",C
OTNM4,12,2006,2025,0,,,0,,,0,,,0,,,0,,,0,,,0,,,0,,,0,stdmet,False,"Ontonagon, MI",46.87,-89.33,186.0,"NWS WFO Marquette, MI (MQT)",IOOS Partners,fixed,True,False,False,False,MQT,GLOS Weather Station,,"Ontonagon, MI",,"46.870 N 89.330 W (46°52'12"" N 89°19'48"" W)",C
OVIA2,18,2008,2025,0,,,0,,,0,,,0,,,0,,,0,,,0,,,0,,,0,stdmet,False,"9455500 - Seldovia, AK",59.44,-151.72,0.0,NOS,NOS/CO-OPS,fixed,True,False,False,False,O,Water Level Observation Network,,"9455500 - Seldovia, AK",,"59.440 N 151.720 W (59°26'25"" N 151°43'13"" W)",A
OWDO1,0,,,0,,,0,,,0,,,0,,,0,,,0,,,0,,,0,,,0,ocean,False,"Darrow Road, Old Woman Creek Reserve, OH",41.365,-82.505,,National Estuarine Research Reserve System,NERRS,fixed,False,False,True,False,NR,NERRS Water Quality Station,,"Darrow Road, Old Woman Creek Reserve, OH",,"41.365 N 82.505 W (41°21'54"" N 82°30'17"" W)",E
OWMO1,0,,,0,,,0,,,0,,,0,,,0,,,0,,,0,,,0,,,0,stdmet,False,"Western Reserve, Old Woman Creek Reserve, OH",41.247,-82.454,270.3,National Estuarine Research Reserve System,NERRS,fixed,True,False,False,False,NR,NERRS Weather Station,,"Western Reserve, Old Woman Creek Reserve, OH",,"41.247 N 82.454 W (41°14'49"" N 82°27'13"" W)",
OWQO1,0,,,0,,,0,,,0,,,0,,,0,,,0,,,0,,,0,,,0,ocean,False,"Lower Estuary, Old Woman Creek Reserve, OH",41.382,-82.514,,National Estuarine Research Reserve System,NERRS,fixed,False,False,True,False,NR,NERRS Water Quality Station,,"Lower Estuary, Old Woman Creek Reserve, OH",,"41.382 N 82.514 W (41°22'55"" N 82°30'51"" W)",E
OWSO1,0,,,0,,,0,,,0,,,0,,,0,,,0,,,0,,,0,,,0,ocean,False,"State Road 6, Old Woman Creek Reserve, OH",41.383,-82.514,,National Estuarine Research Reserve System,NERRS,fixed,False,False,True,False,NR,NERRS Water Quality Station,,"State Road 6, Old Woman Creek Reserve, OH",,"41.383 N 82.514 W (41°22'57"" N 82°30'52"" W)",E
OWWO1,0,,,0,,,0,,,0,,,0,,,0,,,0,,,0,,,0,,,0,ocean,False,"Railroad, Old Woman Creek Reserve, OH",41.373,-82.513,,National Estuarine Research Reserve System,NERRS,fixed,False,False,True,False,NR,Water Quality Station,,"Railroad, Old Woman Creek Reserve, OH",,"41.373 N 82.513 W (41°22'21"" N 82°30'47"" W)",E
OWXO1,0,,,0,,,0,,,0,,,0,,,0,,,0,,,0,,,0,,,0,stdmet,False,"Old Woman Creek, Old Woman Creek Reserve, OH",41.378,-82.508,184.1,National Estuarine Research Reserve System,NERRS,fixed,True,False,False,False,NR,NERRS Weather Station,,"Old Woman Creek, Old Woman Creek Reserve, OH",,"41.378 N 82.508 W (41°22'40"" N 82°30'29"" W)",E
PACF1,18,2008,2025,0,,,0,,,0,,,0,,,0,,,0,,,0,,,0,,,0,stdmet,False,"8729108 - Panama City, FL",30.15,-85.664,2.1,NOS,NOS/CO-OPS,fixed,True,False,False,False,O,Water Level Observation Network,,"8729108 - Panama City, FL",,"30.150 N 85.664 W (30°8'59"" N 85°39'52"" W)",C
PACT2,18,2008,2025,0,,,0,,,0,,,0,,,0,,,0,,,0,,,0,,,0,stdmet,False,"8775792 - Packery Channel, TX",27.634,-97.237,0.0,TCOON,IOOS Partners,fixed,True,False,False,False,K,Water Level Observation Network,,"8775792 - Packery Channel, TX",,"27.634 N 97.237 W (27°38'4"" N 97°14'13"" W)",C
PAUA2,1,2025,2025,0,,,0,,,0,,,0,,,0,,,0,,,0,,,0,,,0,stdmet,False,"ST PAUL MXAK, AK",57.124,-170.271,20.0,Marine Exchange of Alaska,IOOS Partners,fixed,True,False,False,False,MA,Coastal Marine Station,,"ST PAUL MXAK, AK",,"57.124 N 170.271 W (57°7'25"" N 170°16'15"" W)",
PAXA2,8,2018,2025,0,,,0,,,0,,,0,,,0,,,0,,,0,,,0,,,0,stdmet,False,"Point Arden, AK",58.159,-134.178,13.7,Marine Exchange of Alaska,IOOS Partners,fixed,True,False,False,False,MA,Coastal Marine Station,,"Point Arden, AK",,"58.159 N 134.178 W (58°9'34"" N 134°10'41"" W)",A
PBFW1,0,,,0,,,0,,,0,,,0,,,0,,,0,,,0,,,0,,,0,stdmet,False,"Padilla Bay Farm, Padilla Bay Reserve, WA",48.464,-122.469,1.83,National Estuarine Research Reserve System,NERRS,fixed,True,False,False,False,NR,NERRS Weather Station,,"Padilla Bay Farm, Padilla Bay Reserve, WA",,"48.464 N 122.469 W (48°27'50"" N 122°28'9"" W)",P
PBJW1,0,,,0,,,0,,,0,,,0,,,0,,,0,,,0,,,0,,,0,ocean,False,"Joe Leary Tidegate, Padilla Bay Reserve, WA",48.518,-122.474,,National Estuarine Research Reserve System,NERRS,fixed,False,False,True,False,NR,NERRS Water Quality Station,,"Joe Leary Tidegate, Padilla Bay Reserve, WA",,"48.518 N 122.474 W (48°31'5"" N 122°28'27"" W)",P
PBLW1,0,,,0,,,0,,,0,,,0,,,0,,,0,,,0,,,0,,,0,ocean,False,"Ploeg Channel, Padilla Bay Reserve, WA",48.556,-122.53,,National Estuarine Research Reserve System,NERRS,fixed,False,False,True,False,NR,NERRS Water Quality Station,,"Ploeg Channel, Padilla Bay Reserve, WA",,"48.556 N 122.530 W (48°33'23"" N 122°31'47"" W)",P
PBPA2,14,2006,2025,0,,,0,,,0,,,0,,,0,,,0,,,0,,,0,,,0,stdmet,False,"Point Bishop, AK",58.203,-134.148,3.0,"NWS WFO Juneau, AK (AJK)",IOOS Partners,fixed,True,False,False,False,AJK,Weather Station,,"Point Bishop, AK",,"58.203 N 134.148 W (58°12'10"" N 134°8'51"" W)",A
PBWM4,2,2023,2024,0,,,0,,,0,,,0,,,0,,,0,,,0,,,0,,,0,,False,,,,,,,,,,,,O,Water Level Observation Network,,"9014095 - Port Huron, North of Blue Water Bridge, MI",,"43.002 N 82.423 W (43°0'8"" N 82°25'22"" W)",E
PCBF1,17,2005,2025,0,,,0,,,0,,,0,,,0,,,0,,,0,,,0,,,0,stdmet,False,"8729210 - Panama City Beach, FL",30.213,-85.88,7.9,NOS,NOS/CO-OPS,fixed,True,False,False,False,O,Water Level Observation Network,,"8729210 - Panama City Beach, FL",,"30.213 N 85.880 W (30°12'48"" N 85°52'48"" W)",E
PCGT2,15,2011,2025,0,,,0,,,0,,,0,,,0,,,0,,,0,,,0,,,0,stdmet,False,"8779748 - South Padre Island CGS, TX ",26.072,-97.167,0.0,TCOON,IOOS Partners,fixed,True,False,False,False,K,Water Level Observation Network,,"8779748 - South Padre Island CGS, TX",,"26.072 N 97.167 W (26°4'21"" N 97°10'1"" W)",C
PCLF1,21,2005,2025,0,,,0,,,0,,,0,,,0,,,0,,,0,,,0,,,0,stdmet,False,"8729840 - Pensacola, FL",30.404,-87.211,2.8,NOS,NOS/CO-OPS,fixed,True,False,False,False,O,Water Level Observation Network,,"8729840 - Pensacola, FL",,"30.404 N 87.211 W (30°24'14"" N 87°12'40"" W)",C
PCLM4,19,2006,2025,0,,,0,,,0,,,0,,,0,,,0,,,0,,,0,,,0,,False,"Portage Canal, MI",47.276,-88.528,196.0,"NWS WFO Marquette, MI (MQT)",IOOS Partners,fixed,False,False,False,False,MQT,GLOS Weather Station,,"Portage Canal, MI",,"47.276 N 88.528 W (47°16'32"" N 88°31'40"" W)",E
PCNT2,21,2004,2025,0,,,0,,,0,,,0,,,0,,,0,,,0,,,0,,,0,stdmet,False,"8773701 - Port O'Connor, Matagorda Bay, TX",28.446,-96.396,0.0,TCOON,IOOS Partners,fixed,True,False,False,False,K,Water Level Observation Network,,"8773701 - Port O'Connor, Matagorda Bay, TX",,"28.446 N 96.396 W (28°26'45"" N 96°23'45"" W)",C
PCOC1,21,2005,2025,0,,,0,,,0,,,0,,,0,,,0,,,0,,,0,,,0,stdmet,False,"9415144 - Port Chicago, CA",38.056,-122.039,2.8,NOS,NOS/CO-OPS,fixed,True,False,False,False,O,Water Level Observation Network,,"9415144 - Port Chicago, CA",,"38.056 N 122.039 W (38°3'22"" N 122°2'22"" W)",P
PCXA2,4,2022,2025,0,,,0,,,0,,,0,,,0,,,0,,,0,,,0,,,0,stdmet,False,"Point Craven MXAK, AK",57.463,-134.867,5.0,Marine Exchange of Alaska,IOOS Partners,fixed,True,False,False,False,MA,Coastal Marine Station,,"Point Craven MXAK, AK",,"57.463 N 134.867 W (57°27'48"" N 134°52'0"" W)",A
PDVR1,4,2022,2025,0,,,0,,,0,,,0,,,0,,,0,,,0,,,0,,,0,stdmet,False,"8454123 - Port of Davisville, RI",41.611,-71.41,,NOAA NOS PORTS,NOS/CO-OPS,fixed,True,False,False,False,PT,Water Level Observation Network,,"8454123 - Port of Davisville, RI",,"41.611 N 71.410 W (41°36'40"" N 71°24'37"" W)",E
PEGF1,8,2018,2025,0,,,0,,,0,,,0,,,0,,,0,,,0,,,0,,,0,stdmet,False,"8722956 - Port Everglades, FL",26.086,-80.116,3.9,NOAA NOS PORTS,NOS/CO-OPS,fixed,True,False,False,False,PT,Water Level Observation Network,,"8722956 - Port Everglades, FL",,"26.086 N 80.116 W (26°5'9"" N 80°6'57"" W)",E
PEXA2,4,2022,2025,0,,,0,,,0,,,0,,,0,,,0,,,0,,,0,,,0,stdmet,False,"Pelican MXAK, AK",57.958,-136.227,6.0,Marine Exchange of Alaska,IOOS Partners,fixed,True,False,False,False,MA,Coastal Marine Station,,"Pelican MXAK, AK",,"57.958 N 136.227 W (57°57'28"" N 136°13'36"" W)",A
PFDC1,10,2016,2025,0,,,0,,,0,,,0,,,0,,,0,,,0,,,0,,,0,stdmet,False,"9410666 - Los Angeles Pier 400, CA",33.735,-118.241,,NOAA NOS PORTS,NOS/CO-OPS,fixed,True,False,False,False,PT,Water Level Observation Network,,"9410666 - Los Angeles Pier 400, CA",,"33.735 N 118.241 W (33°44'7"" N 118°14'29"" W)",P
PFXC1,13,2013,2025,0,,,0,,,0,,,0,,,0,,,0,,,0,,,0,,,0,stdmet,False,"9410670 - Los Angeles Pier F, CA",33.747,-118.215,,NOAA NOS PORTS,NOS/CO-OPS,fixed,True,False,False,False,PT,Water Level Observation Network,,"9410670 - Los Angeles Pier F, CA",,"33.747 N 118.215 W (33°44'48"" N 118°12'54"" W)",P
PGBP7,18,2008,2025,0,,,0,,,0,,,0,,,0,,,0,,,0,,,0,,,0,stdmet,False,"1631428 - Pago Bay, Guam",13.428,144.796,12.8,NOS,NOS/CO-OPS,fixed,True,False,False,False,O,Water Level Observation Network,,"1631428 - Pago Bay, Guam",,"13.428 N 144.796 E (13°25'41"" N 144°47'47"" E)",
PGXA2,8,2018,2025,0,,,0,,,0,,,0,,,0,,,0,,,0,,,0,,,0,stdmet,False,Point Gardner,57.016,-134.618,6.1,Marine Exchange of Alaska,IOOS Partners,fixed,True,False,False,False,MA,Coastal Marine Station,,Point Gardner,,"57.016 N 134.618 W (57°0'56"" N 134°37'6"" W)",A
PHBP1,22,2004,2025,0,,,0,,,0,,,0,,,0,,,0,,,0,,,0,,,0,stdmet,False,"8545240 - Philadelphia, PA",39.933,-75.142,3.5,NOS,NOS/CO-OPS,fixed,True,False,False,False,O,Water Level Observation Network,,"8545240 - Philadelphia, PA",,"39.933 N 75.142 W (39°55'59"" N 75°8'31"" W)",E
PHCT2,0,,,0,,,0,,,0,,,0,,,0,,,0,,,0,,,0,,,0,"spec,stdmet",False,"Port Aransas, TX, Horace Caldwell Pier (99999291)",27.826,-97.051,5.015,NOS,NOS/CO-OPS,fixed,True,False,False,False,O,Coastal Marine Station,,"Port Aransas, TX, Horace Caldwell Pier (99999291)",,"27.826 N 97.051 W (27°49'34"" N 97°3'3"" W)",C
PILA2,27,1999,2025,0,,,0,,,0,,,0,,,0,,,0,,,0,,,0,,,0,"cwind,stdmet",False,"Pilot Rock, AK",59.742,-149.47,24.0,NDBC,NDBC Meteorological/Ocean,fixed,True,False,False,False,N,C-MAN Station,,"Pilot Rock, AK",SM+ Payload,"59.742 N 149.470 W (59°44'30"" N 149°28'12"" W)",A
PILL1,15,2011,2025,0,,,0,,,0,,,0,,,0,,,0,,,0,,,0,,,0,stdmet,False,"8760721 - Pilottown, LA",29.179,-89.259,2.3,NOAA NOS PORTS,NOS/CO-OPS,fixed,True,False,False,False,PT,Water Level Observation Network,,"8760721 - Pilottown, LA",,"29.179 N 89.259 W (29°10'45"" N 89°15'32"" W)",C
PILM4,42,1984,2025,0,,,0,,,0,,,0,,,0,,,0,,,0,,,0,,,0,"cwind,stdmet",False,"Passage Island, MI",48.223,-88.366,195.4,NDBC,NDBC Meteorological/Ocean,fixed,True,False,False,False,N,C-MAN Station,,"Passage Island, MI",MARS payload,"48.223 N 88.366 W (48°13'24"" N 88°21'57"" W)",E
PKBW3,0,,,0,,,0,,,0,,,0,,,0,,,0,,,0,,,0,,,0,stdmet,False,"Pokegama Bay, Lake Superior Reserve, WI",46.672,-92.136,189.0,National Estuarine Research Reserve System,NERRS,fixed,True,False,False,False,NR,NERRS Weather Station,,"Pokegama Bay, Lake Superior Reserve, WI",,"46.672 N 92.136 W (46°40'21"" N 92°8'8"" W)",C
PKYF1,1,2025,2025,0,,,0,,,0,,,0,,,0,,,0,,,0,,,1,2025,2025,0,"ocean,stdmet",False,"Peterson Key, FL",24.918,-80.747,0.0,Everglades National Park,IOOS Partners,fixed,False,False,False,False,NP,Water Quality Station,,"Peterson Key, FL",,"24.918 N 80.747 W (24°55'5"" N 80°44'48"" W)",E
PLSF1,13,2006,2019,0,,,0,,,0,,,0,,,0,,,0,,,0,,,0,,,0,,False,,,,,,,,,,,,N,C-MAN Station,,"Pulaski Shoals Light, FL",ARES payload,"24.693 N 82.773 W (24°41'36"" N 82°46'23"" W)",C
PLSFA,2,2019,2020,0,,,0,,,0,,,0,,,0,,,0,,,0,,,0,,,0,,False,,,,,,,,,,,,,,,,,,
PLSP4,4,2010,2013,0,,,0,,,0,,,0,,,0,,,0,,,0,,,0,,,0,,False,,,,,,,,,,,,PN,Water Level Observation Network,,"9758053 - Penuelas, PR",,"17.973 N 66.762 W (17°58'21"" N 66°45'42"" W)",A
PLXA2,17,2009,2025,0,,,0,,,0,,,0,,,0,,,0,,,0,,,0,,,0,stdmet,False,"9451054 - Port Alexander, AK",56.247,-134.647,3.8,NOS,NOS/CO-OPS,fixed,True,False,False,False,O,Water Level Observation Network,,"9451054 - Port Alexander, AK",,"56.247 N 134.647 W (56°14'48"" N 134°38'51"" W)",A
PMAF1,19,2006,2025,0,,,0,,,0,,,0,,,0,,,0,,,0,,,0,,,0,stdmet,False,"8726384 - Port Manatee, FL",27.638,-82.562,2.4,NOAA NOS PORTS,NOS/CO-OPS,fixed,True,False,False,False,PT,Water Level Observation Network,,"8726384 - Port Manatee, FL",,"27.638 N 82.562 W (27°38'18"" N 82°33'45"" W)",E
PMNT2,12,2014,2025,0,,,0,,,0,,,0,,,0,,,0,,,0,,,0,,,0,stdmet,False,"8778490 - Port Mansfield, TX",26.559,-97.424,0.0,TCOON,IOOS Partners,fixed,True,False,False,False,K,Water Level Observation Network,,"8778490 - Port Mansfield, TX",,"26.559 N 97.424 W (26°33'34"" N 97°25'28"" W)",C
PMOA2,5,2013,2017,0,,,0,,,0,,,0,,,0,,,0,,,0,,,0,,,0,,False,,,,,,,,,,,,O,Water Level Observation Network,,"9463502 - Port Moller, AK",,"55.990 N 160.562 W (55°59'23"" N 160°33'42"" W)",A
PNGW3,18,2006,2025,0,,,0,,,0,,,0,,,0,,,0,,,0,,,0,,,0,stdmet,False,"Port Wing, WI",46.792,-91.386,184.0,"NWS WFO Duluth, MN (DLH)",IOOS Partners,fixed,True,False,False,False,DLH,GLOS Weather Station,,"Port Wing, WI",,"46.792 N 91.386 W (46°47'30"" N 91°23'10"" W)",C
PNLM4,20,2006,2025,0,,,0,,,0,,,0,,,0,,,0,,,0,,,0,,,0,stdmet,False,"9087096 - Port Inland, MI",45.968,-85.869,179.0,NOS,NOS/CO-OPS,fixed,True,False,False,False,O,Water Level Observation Network,,"9087096 - Port Inland, MI",,"45.968 N 85.869 W (45°58'6"" N 85°52'8"" W)",E
PNLM6,18,2008,2025,0,,,0,,,0,,,0,,,0,,,0,,,0,,,0,,,0,stdmet,False,"8741533 - Pascagoula NOAA Lab, MS",30.368,-88.563,0.0,NOS,NOS/CO-OPS,fixed,True,False,False,False,O,Water Level Observation Network,,"8741533 - Pascagoula NOAA Lab, MS",,"30.368 N 88.563 W (30°22'4"" N 88°33'47"" W)",C
PORO3,21,2005,2025,0,,,0,,,0,,,0,,,0,,,0,,,0,,,0,,,0,stdmet,False,"9431647 - Port Orford, OR",42.739,-124.498,6.4,NOS,NOS/CO-OPS,fixed,True,False,False,False,O,Water Level Observation Network,,"9431647 - Port Orford, OR",,"42.739 N 124.498 W (42°44'20"" N 124°29'53"" W)",P
PORT2,18,2008,2025,0,,,0,,,0,,,0,,,0,,,0,,,0,,,0,,,0,stdmet,False,"8770475 - Port Arthur, TX",29.867,-93.931,0.0,TCOON,IOOS Partners,fixed,True,False,False,False,K,Water Level Observation Network,,"8770475 - Port Arthur, TX",,"29.867 N 93.931 W (29°52'2"" N 93°55'52"" W)",C
POTA2,31,1995,2025,0,,,0,,,0,,,0,,,0,,,0,,,0,,,0,,,0,"cwind,stdmet",False,"Potato Point, AK",61.056,-146.697,7.0,NDBC,NDBC Meteorological/Ocean,fixed,True,False,False,False,N,C-MAN Station,,"Potato Point, AK",Sutron XPERT payload,"61.056 N 146.697 W (61°3'23"" N 146°41'48"" W)",A
PPHH1,0,,,0,,,0,,,0,,,0,,,0,,,0,,,0,,,0,,,0,ocean,False,"Papahana, He'eia Reserve, HI",21.409,-157.823,,National Estuarine Research Reserve System,NERRS,fixed,False,False,True,False,NR,Water Quality Station,,"Papahana, He'eia Reserve, HI",,"21.409 N 157.823 W (21°24'33"" N 157°49'24"" W)",H
PPTA1,10,2011,2020,0,,,0,,,0,,,0,,,0,,,0,,,0,,,10,2011,2020,0,stdmet,False,"Perdido Pass, AL",30.279,-87.556,0.0,Dauphin Island Sea Lab,IOOS Partners,fixed,True,False,False,False,DI,Water Quality Station,,"Perdido Pass, AL",,"30.279 N 87.556 W (30°16'44"" N 87°33'21"" W)",C
PPTM2,20,2006,2025,0,,,0,,,0,,,0,,,0,,,0,,,0,,,0,,,0,stdmet,False,"8578240 - Piney Point, MD",38.134,-76.533,5.7,NOAA NOS PORTS,NOS/CO-OPS,fixed,True,False,False,False,PT,Water Level Observation Network,,"8578240 - Piney Point, MD",,"38.134 N 76.533 W (38°8'2"" N 76°31'59"" W)",E
PPXA2,4,2022,2025,0,,,0,,,0,,,0,,,0,,,0,,,0,,,0,,,0,stdmet,False,Point Pigot,60.801,-148.357,5.0,Marine Exchange of Alaska,IOOS Partners,fixed,True,False,False,False,MA,Coastal Marine Station,,Point Pigot,,"60.801 N 148.357 W (60°48'3"" N 148°21'26"" W)",A
PPXC1,13,2013,2025,0,,,0,,,0,,,0,,,0,,,0,,,0,,,0,,,0,stdmet,False,"9414847 - Point Potrero, Richmond, CA",37.906,-122.365,,NOAA NOS PORTS,NOS/CO-OPS,fixed,True,False,False,False,PT,Water Level Observation Network,,"9414847 - Point Potrero, Richmond, CA",,"37.906 N 122.365 W (37°54'20"" N 122°21'54"" W)",P
PRDA2,21,2005,2025,0,,,0,,,0,,,0,,,0,,,0,,,0,,,0,,,0,stdmet,False,"9497645 - Prudhoe Bay, AK",70.4,-148.527,,NOS,NOS/CO-OPS,fixed,True,False,False,False,O,Water Level Observation Network,,"9497645 - Prudhoe Bay, AK",,"70.400 N 148.527 W (70°24'0"" N 148°31'36"" W)",A
PRHH1,3,2023,2025,0,,,0,,,0,,,0,,,0,,,0,,,0,,,0,,,0,stdmet,False,"1612401 - Pearl Harbor, HI",21.367,-157.964,,NOAA NOS PORTS,NOS/CO-OPS,fixed,True,False,False,False,PT,Water Level Observation Network,,"1612401 - Pearl Harbor, HI",,"21.367 N 157.964 W (21°22'3"" N 157°57'50"" W)",H
PRIM4,9,2010,2025,0,,,0,,,0,,,0,,,0,,,0,,,0,,,0,,,0,stdmet,False,"Presque Isle Light, MI",45.357,-83.492,184.0,"NWS WFO Gayloard, MI (APX)",IOOS Partners,fixed,True,False,False,False,APX,GLOS Weather Station,,"Presque Isle Light, MI",,"45.357 N 83.492 W (45°21'23"" N 83°29'32"" W)",E
PRJC1,13,2013,2025,0,,,0,,,0,,,0,,,0,,,0,,,0,,,0,,,0,stdmet,False,"9410665 - Los Angeles Pier J, CA",33.733,-118.186,,NOAA NOS PORTS,NOS/CO-OPS,fixed,True,False,False,False,PT,Water Level Observation Network,,"9410665 - Los Angeles Pier J, CA",,"33.733 N 118.186 W (33°43'59"" N 118°11'8"" W)",P
PRTA2,20,2006,2025,0,,,0,,,0,,,0,,,0,,,0,,,0,,,0,,,0,stdmet,False,"Point Retreat, AK",58.411,-134.955,30.0,"NWS WFO Juneau, AK (AJK)",IOOS Partners,fixed,True,False,False,False,AJK,Weather Station,,"Point Retreat, AK",,"58.411 N 134.955 W (58°24'40"" N 134°57'18"" W)",A
PRTO3,0,,,0,,,0,,,0,,,0,,,0,,,0,,,0,,,4,2011,2015,0,,False,,,,,,,,,,,,CM,Water Quality Station,,SATURN River Station #06 at Portland,,"45.518 N 122.669 W (45°31'5"" N 122°40'8"" W)",P
PRUR1,10,2015,2024,0,,,0,,,0,,,0,,,0,,,0,,,0,,,0,,,0,stdmet,False,"8452314 - Sandy Point, Prudence Island, RI",41.605,-71.304,1.7,NOAA NOS PORTS,NOS/CO-OPS,fixed,True,False,False,False,PT,Water Level Observation Network,,"8452314 - Sandy Point, Prudence Island, RI",,"41.605 N 71.304 W (41°36'18"" N 71°18'15"" W)",E
PRYC1,20,2005,2025,0,,,0,,,0,,,0,,,0,,,0,,,0,,,0,,,0,stdmet,False,"9415020 - Point Reyes, CA",37.996,-122.977,0.0,NOS,NOS/CO-OPS,fixed,True,False,False,False,O,Water Level Observation Network,,"9415020 - Point Reyes, CA",,"37.996 N 122.977 W (37°59'46"" N 122°58'36"" W)",P
PSBC1,13,2013,2025,0,,,0,,,0,,,0,,,0,,,0,,,0,,,0,,,0,stdmet,False,"9415115 - Pittsburg (Suisun Bay), CA",38.04,-121.887,,NOAA NOS PORTS,NOS/CO-OPS,fixed,True,False,False,False,PT,Water Level Observation Network,,"9415115 - Pittsburg (Suisun Bay), CA",,"38.040 N 121.887 W (38°2'23"" N 121°53'12"" W)",P
PSBM1,22,2004,2025,0,,,0,,,0,,,0,,,0,,,0,,,0,,,0,,,0,stdmet,False,"8410140 - Eastport, ME",44.905,-66.983,6.7,NOS,NOS/CO-OPS,fixed,True,False,False,False,O,Water Level Observation Network,,"8410140 - Eastport, ME",,"44.905 N 66.983 W (44°54'17"" N 66°58'58"" W)",E
PSCM4,17,2007,2024,0,,,0,,,0,,,0,,,0,,,0,,,0,,,0,,,0,,False,"Port Sanilac, MI",43.42,-82.54,190.0,"NWS WFO Detroit/Pontiac, MI (DTX)",IOOS Partners,fixed,False,False,False,False,DTX,GLOS Weather Station,,"Port Sanilac, MI",,"43.420 N 82.540 W (43°25'12"" N 82°32'24"" W)",E
PSLC1,21,2005,2025,0,,,0,,,0,,,0,,,0,,,0,,,0,,,0,,,0,stdmet,False,"9412110 - Port San Luis, CA",35.169,-120.754,0.0,NOS,NOS/CO-OPS,fixed,True,False,False,False,O,Water Level Observation Network,,"9412110 - Port San Luis, CA",,"35.169 N 120.754 W (35°10'7"" N 120°45'15"" W)",P
PSTL1,20,2006,2025,0,,,0,,,0,,,0,,,0,,,0,,,0,,,0,,,0,stdmet,False,"8760922 - Pilot's Station East, SW Pass, LA",28.932,-89.407,3.6,NOS,NOS/CO-OPS,fixed,True,False,False,False,O,Water Level Observation Network,,"8760922 - Pilot's Station East, SW Pass, LA",,"28.932 N 89.407 W (28°55'56"" N 89°24'25"" W)",C
PSTN6,17,2009,2025,0,,,0,,,0,,,0,,,0,,,0,,,0,,,0,,,0,stdmet,False,"9063028 - Sturgeon Point, NY",42.691,-79.048,179.18,NOS,NOS/CO-OPS,fixed,True,False,False,False,O,Water Level Observation Network,,"9063028 - Sturgeon Point, NY",,"42.691 N 79.048 W (42°41'28"" N 79°2'52"" W)",E
PSXC1,10,2016,2025,0,,,0,,,0,,,0,,,0,,,0,,,0,,,0,,,0,stdmet,False,9410692 - Los Angeles Pier S,33.768,-118.226,,NOAA NOS PORTS,NOS/CO-OPS,fixed,False,False,False,False,PT,Water Level Observation Network,,9410692 - Los Angeles Pier S,,"33.768 N 118.226 W (33°46'6"" N 118°13'32"" W)",P
PTAC1,29,1984,2012,0,,,0,,,0,,,0,,,0,,,0,,,0,,,0,,,0,,False,,,,,,,,,,,,N,C-MAN Station,,"Point Arena, CA",MARS payload,"38.955 N 123.741 W (38°57'18"" N 123°44'28"" W)",P
PTAT2,42,1984,2025,0,,,0,,,0,,,0,,,0,,,0,,,0,,,0,,,0,,False,"Port Aransas, TX",27.826,-97.051,0.0,NDBC,NDBC Meteorological/Ocean,fixed,False,False,False,False,N,C-MAN Station,,"Port Aransas, TX",MARS payload,"27.826 N 97.051 W (27°49'33"" N 97°3'2"" W)",C
PTAW1,21,2005,2025,0,,,0,,,0,,,0,,,0,,,0,,,0,,,0,,,0,stdmet,False,"9444090 - Port Angeles, WA",48.125,-123.441,3.8,NOS,NOS/CO-OPS,fixed,True,False,False,False,O,Water Level Observation Network,,"9444090 - Port Angeles, WA",,"48.125 N 123.441 W (48°7'29"" N 123°26'28"" W)",P
PTBM6,18,2008,2025,0,,,0,,,0,,,0,,,0,,,0,,,0,,,0,,,0,stdmet,False,"8741003 - Petit Bois Island, Port of Pascagoula, MS",30.213,-88.505,,NOAA NOS PORTS,NOS/CO-OPS,fixed,True,False,False,False,PT,Water Level Observation Network,,"8741003 - Petit Bois Island, Port of Pascagoula, MS",,"30.213 N 88.505 W (30°12'47"" N 88°30'17"" W)",C
PTCR1,22,2004,2025,0,,,0,,,0,,,0,,,0,,,0,,,0,,,0,,,0,stdmet,False,"8452951 - Potter Cove, Prudence Island, RI",41.638,-71.34,12.0,NOAA NOS PORTS,NOS/CO-OPS,fixed,True,False,False,False,PT,Water Level Observation Network,,"8452951 - Potter Cove, Prudence Island, RI",,"41.638 N 71.340 W (41°38'15"" N 71°20'24"" W)",E
PTFL1,2,2024,2025,0,,,0,,,0,,,0,,,0,,,0,,,0,,,0,,,0,stdmet,False,"8762075 - Port Fourchon, LA",29.114,-90.199,1.3,NOS,NOS/CO-OPS,fixed,True,False,False,False,O,Water Level Observation Network,,"8762075 - Port Fourchon, LA",,"29.114 N 90.199 W (29°6'51"" N 90°11'57"" W)",C
PTGC1,40,1984,2023,0,,,0,,,0,,,0,,,0,,,0,,,0,,,0,,,0,stdmet,False,"Point Arguello, CA",34.577,-120.648,32.3,NDBC,NDBC Meteorological/Ocean,fixed,True,False,False,False,N,C-MAN Station,,"Point Arguello, CA",SM+ Payload,"34.577 N 120.648 W (34°34'36"" N 120°38'54"" W)",P
PTIM4,22,2004,2025,0,,,0,,,0,,,0,,,0,,,0,,,0,,,0,,,0,stdmet,False,"9099004 - Point Iroquois, MI",46.485,-84.631,185.0,NOS,NOS/CO-OPS,fixed,True,False,False,False,O,Water Level Observation Network,,"9099004 - Point Iroquois, MI",,"46.485 N 84.631 W (46°29'4"" N 84°37'51"" W)",E
PTIT2,21,2005,2025,0,,,0,,,0,,,0,,,0,,,0,,,0,,,0,,,0,stdmet,False,"8779770 - Port Isabel, TX",26.061,-97.215,3.2,NOS,NOS/CO-OPS,fixed,True,False,False,False,O,Water Level Observation Network,,"8779770 - Port Isabel, TX",,"26.061 N 97.215 W (26°3'40"" N 97°12'56"" W)",C
PTJN6,7,2004,2010,0,,,0,,,0,,,0,,,0,,,0,,,0,,,0,,,0,,False,,,,,,,,,,,,I,Long Island Ferry,,"Port Jefferson, NY",,"40.948 N 73.070 W (40°56'52"" N 73°4'12"" W)",E
PTLA2,14,2012,2025,0,,,0,,,0,,,0,,,0,,,0,,,0,,,0,,,0,stdmet,False,"Portland Island, AK",58.346,-134.752,3.0,Marine Exchange of Alaska,IOOS Partners,fixed,True,False,False,False,MA,Fixed Structure Weather Station,,"Portland Island, AK",,"58.346 N 134.752 W (58°20'47"" N 134°45'8"" W)",A
PTOA1,11,2015,2025,0,,,0,,,0,,,0,,,0,,,0,,,0,,,0,,,0,stdmet,False,"8737005 - Pinto Island, AL",30.671,-88.031,4.3,NOAA NOS PORTS,NOS/CO-OPS,fixed,True,False,False,False,PT,Water Level Observation Network,,"8737005 - Pinto Island, AL",,"30.671 N 88.031 W (30°40'17"" N 88°1'52"" W)",C
PTRF1,7,2004,2010,0,,,0,,,0,,,0,,,0,,,0,,,0,,,2,2009,2010,0,,False,,,,,,,,,,,,P,Shorebased Tower,,"PAS -Port Richey, FL",,"28.285 N 82.733 W (28°17'6"" N 82°43'57"" W)",E
PTRP4,11,2012,2022,0,,,0,,,0,,,0,,,0,,,0,,,0,,,0,,,0,,False,"Puntas Rincon, PR",18.367,-67.251,,Caribbean Integrated Coastal Ocean Observing System (CarICoos),IOOS Partners,fixed,False,False,False,False,CI,Weather Station,,"Puntas Rincon, PR",,"18.367 N 67.251 W (18°22'1"" N 67°15'4"" W)",N
PTWW1,21,2005,2025,0,,,0,,,0,,,0,,,0,,,0,,,0,,,0,,,0,stdmet,False,"9444900 - Port Townsend, WA",48.111,-122.76,5.1,NOS,NOS/CO-OPS,fixed,True,False,False,False,O,Water Level Observation Network,,"9444900 - Port Townsend, WA",,"48.111 N 122.760 W (48°6'40"" N 122°45'35"" W)",P
PVDR1,10,2016,2025,0,,,0,,,0,,,0,,,0,,,0,,,0,,,0,,,0,stdmet,False,"8453662 - Providence Visibility, RI",41.786,-71.383,3.869,NOAA NOS PORTS,NOS/CO-OPS,fixed,True,False,False,False,PT,Water Level Observation Network,,"8453662 - Providence Visibility, RI",,"41.786 N 71.383 W (41°47'9"" N 71°22'59"" W)",E
PVGF1,11,2009,2019,0,,,0,,,0,,,0,,,0,,,0,,,0,,,3,2009,2011,0,,False,,,,,,,,,,,,IC,Fixed Structure Weather Station,,"Port Everglades Channel, FL",,"26.092 N 80.109 W (26°5'33"" N 80°6'32"" W)",E
PWAW3,20,2006,2025,0,,,0,,,0,,,0,,,0,,,0,,,0,,,0,,,0,stdmet,False,"Port Washington, WI",43.388,-87.867,178.0,"NWS WFO Milwaukee, WI (MKX)",IOOS Partners,fixed,True,False,False,False,MKX,GLOS Weather Station,,"Port Washington, WI",,"43.388 N 87.867 W (43°23'17"" N 87°52'0"" W)",C
PXAC1,10,2016,2025,0,,,0,,,0,,,0,,,0,,,0,,,0,,,0,,,0,stdmet,False,"9410690 - Los Angeles Berth 161, CA",33.764,-118.265,,NOAA NOS PORTS,NOS/CO-OPS,fixed,True,False,False,False,PT,Water Level Observation Network,,"9410690 - Los Angeles Berth 161, CA",,"33.764 N 118.265 W (33°45'49"" N 118°15'56"" W)",P
PXOC1,13,2013,2025,0,,,0,,,0,,,0,,,0,,,0,,,0,,,0,,,0,stdmet,False,"9414311 - San Francisco Pier 1, CA",37.798,-122.393,,NOAA NOS PORTS,NOS/CO-OPS,fixed,True,False,False,False,PT,Water Level Observation Network,,"9414311 - San Francisco Pier 1, CA",,"37.798 N 122.393 W (37°47'52"" N 122°23'34"" W)",P
PXSC1,12,2014,2025,0,,,0,,,0,,,0,,,0,,,0,,,0,,,0,,,0,stdmet,False,"9414296 - Pier 17, San Francisco Bay, CA",37.803,-122.397,,NOAA NOS PORTS,NOS/CO-OPS,fixed,True,False,False,False,PT,Water Level Observation Network,,"9414296 - Pier 17, San Francisco Bay, CA",,"37.803 N 122.397 W (37°48'11"" N 122°23'50"" W)",P
QPTR1,22,2004,2025,0,,,0,,,0,,,0,,,0,,,0,,,0,,,0,,,0,,False,,,,,,,,,,,,PT,Water Level Observation Network,,"8454049 - Quonset Point, RI",,"41.586 N 71.407 W (41°35'9"" N 71°24'25"" W)",E
RARM6,11,2008,2018,0,,,0,,,0,,,0,,,0,,,0,,,0,,,0,,,0,,False,,,,,,,,,,,,O,Water Level Observation Network,,"8741094 - Range A Rear, Port of Pascagoula, MS",,"30.343 N 88.511 W (30°20'36"" N 88°30'40"" W)",C
RCKM4,22,2004,2025,0,,,0,,,0,,,0,,,0,,,0,,,0,,,0,,,0,stdmet,False,"9076024 - Rock Cut, MI",46.264,-84.191,179.6,NOS,NOS/CO-OPS,fixed,True,False,False,False,O,Water Level Observation Network,,"9076024 - Rock Cut, MI",,"46.264 N 84.191 W (46°15'51"" N 84°11'28"" W)",E
RCMC1,20,2005,2025,0,,,0,,,0,,,0,,,0,,,0,,,0,,,0,,,0,stdmet,False,"9414863 - Richmond, CA",37.923,-122.41,2.8,NOAA NOS PORTS,NOS/CO-OPS,fixed,True,False,False,False,PT,Water Level Observation Network,,"9414863 - Richmond, CA",,"37.923 N 122.410 W (37°55'23"" N 122°24'34"" W)",P
RCPT2,18,2008,2025,0,,,0,,,0,,,0,,,0,,,0,,,0,,,0,,,0,stdmet,False,"8774770 - Rockport, TX",28.024,-97.048,1.4,NOS,NOS/CO-OPS,fixed,True,False,False,False,O,Water Level Observation Network,,"8774770 - Rockport, TX",,"28.024 N 97.048 W (28°1'27"" N 97°2'53"" W)",C
RCRN6,17,2009,2025,0,,,0,,,0,,,0,,,0,,,0,,,0,,,0,,,0,stdmet,False,"9052058 - Rochester, NY",43.269,-77.626,76.7,NOS,NOS/CO-OPS,fixed,True,False,False,False,O,Water Level Observation Network,,"9052058 - Rochester, NY",,"43.269 N 77.626 W (43°16'9"" N 77°37'33"" W)",E
RCYF1,4,2016,2019,0,,,0,,,0,,,0,,,0,,,0,,,0,,,0,,,0,,False,,,,,,,,,,,,O,Water Level Observation Network,,"8720625 - Racy Point, St. Johns River, FL",,"29.800 N 81.550 W (29°48'1"" N 81°33'0"" W)",E
RDDA2,20,2006,2025,0,,,0,,,0,,,0,,,0,,,0,,,0,,,0,,,0,stdmet,False,"9491094 - Red Dog Dock, AK",67.575,-164.067,7.3,NOS,NOS/CO-OPS,fixed,True,False,False,False,O,Water Level Observation Network,,"9491094 - Red Dog Dock, AK",,"67.575 N 164.067 W (67°34'31"" N 164°4'0"" W)",A
RDYD1,22,2004,2025,0,,,0,,,0,,,0,,,0,,,0,,,0,,,0,,,0,,False,"8551910 - Reedy Point, DE",39.558,-75.572,2.3,NOS,NOS/CO-OPS,fixed,False,False,False,False,O,Water Level Observation Network,,"8551910 - Reedy Point, DE",,"39.558 N 75.572 W (39°33'30"" N 75°34'20"" W)",E
RIXA2,9,2017,2025,0,,,0,,,0,,,0,,,0,,,0,,,0,,,0,,,0,stdmet,False,"Rocky Island, AK",58.177,-135.052,13.7,Marine Exchange of Alaska,IOOS Partners,fixed,True,False,False,False,MA,Coastal Marine Station,,"Rocky Island, AK",,"58.177 N 135.052 W (58°10'37"" N 135°3'6"" W)",A
RKQF1,0,,,0,,,0,,,0,,,0,,,0,,,0,,,0,,,0,,,0,ocean,False,"Lower Henderson Creek, Rookery Bay Reserve, FL",26.027,-81.734,,National Estuarine Research Reserve System,NERRS,fixed,False,False,True,False,NR,NERRS Water Quality Station,,"Lower Henderson Creek, Rookery Bay Reserve, FL",,"26.027 N 81.734 W (26°1'39"" N 81°44'1"" W)",E
RKXF1,0,,,0,,,0,,,0,,,0,,,0,,,0,,,0,,,0,,,0,stdmet,False,"Upper Henderson Creek, Rookery Bay Reserve, FL",26.05,-81.701,3.0,National Estuarine Research Reserve System,NERRS,fixed,True,False,False,False,NR,NERRS Weather Station,,"Upper Henderson Creek, Rookery Bay Reserve, FL",,"26.050 N 81.701 W (26°2'59"" N 81°42'4"" W)",E
RLIT2,12,2014,2025,0,,,0,,,0,,,0,,,0,,,0,,,0,,,0,,,0,stdmet,False,"8779280 - Realitos Peninsula, TX",26.262,-97.285,0.0,TCOON,IOOS Partners,fixed,True,False,False,False,K,Water Level Observation Network,,"8779280 - Realitos Peninsula, TX",,"26.262 N 97.285 W (26°15'44"" N 97°17'7"" W)",C
RLOT2,19,2007,2025,0,,,0,,,0,,,0,,,0,,,0,,,0,,,0,,,0,stdmet,False,"8770971 - Rollover Pass, TX",29.515,-94.513,0.0,TCOON,IOOS Partners,fixed,True,False,False,False,K,Water Level Observation Network,,"8770971 - Rollover Pass, TX",,"29.515 N 94.513 W (29°30'54"" N 94°30'47"" W)",C
ROAM4,43,1983,2025,0,,,0,,,0,,,0,,,0,,,0,,,0,,,0,,,0,"cwind,stdmet",False,"Rock of Ages, MI",47.867,-89.315,183.5,NDBC,NDBC Meteorological/Ocean,fixed,True,False,False,False,N,C-MAN Station,,"Rock of Ages, MI",MARS payload,"47.867 N 89.315 W (47°52'0"" N 89°18'55"" W)",E
ROBN4,20,2006,2025,0,,,0,,,0,,,0,,,0,,,0,,,0,,,0,,,0,stdmet,False,"8530973 - Robbins Reef, NJ",40.657,-74.065,0.0,NOAA NOS PORTS,NOS/CO-OPS,fixed,True,False,False,False,PT,Water Level Observation Network,,"8530973 - Robbins Reef, NJ",,"40.657 N 74.065 W (40°39'26"" N 74°3'55"" W)",E
RPLV2,21,2005,2025,0,,,0,,,0,,,0,,,0,,,0,,,0,,,0,,,0,stdmet,False,"8632837 - Rappahannock Light, VA",37.538,-76.014,0.0,NOAA NOS PORTS,NOS/CO-OPS,fixed,True,False,False,False,PT,Water Level Observation Network,,"8632837 - Rappahannock Light, VA",,"37.538 N 76.014 W (37°32'19"" N 76°0'51"" W)",E
RPRN6,19,2007,2025,0,,,0,,,0,,,0,,,0,,,0,,,0,,,0,,,0,stdmet,False,"Rochester Coast Guard, NY",43.263,-77.598,75.0,"NWS WFO Buffalo, NY (BUF)",IOOS Partners,fixed,True,False,False,False,BUF,GLOS Weather Station,,"Rochester Coast Guard, NY",,"43.263 N 77.598 W (43°15'45"" N 77°35'53"" W)",E
RSJT2,21,2004,2025,0,,,0,,,0,,,0,,,0,,,0,,,0,,,0,,,0,stdmet,False,"8777812 - Rincon del San Jose, TX",26.801,-97.471,0.0,TCOON,IOOS Partners,fixed,True,False,False,False,K,Water Level Observation Network,,"8777812 - Rincon del San Jose, TX",,"26.801 N 97.471 W (26°48'5"" N 97°28'14"" W)",C
RTAT2,19,2007,2025,0,,,0,,,0,,,0,,,0,,,0,,,0,,,0,,,0,stdmet,False,"8775237 - Port Aransas, TX",27.84,-97.072,0.0,TCOON,IOOS Partners,fixed,True,False,False,False,K,Water Level Observation Network,,"8775237 - Port Aransas, TX",,"27.840 N 97.072 W (27°50'23"" N 97°4'21"" W)",C
RTOT2,2,2004,2005,0,,,0,,,0,,,0,,,0,,,0,,,0,,,0,,,0,,False,,,,,,,,,,,,K,Offshore Tower,,"100: RTNS Offshore, TX",,"27.753 N 96.967 W (27°45'9"" N 96°58'2"" W)",C
RTYC1,21,2005,2025,0,,,0,,,0,,,0,,,0,,,0,,,0,,,0,,,0,stdmet,False,"9414523 - Redwood City, CA",37.507,-122.212,3.1,NOAA NOS PORTS,NOS/CO-OPS,fixed,True,False,False,False,PT,Water Level Observation Network,,"9414523 - Redwood City, CA",,"37.507 N 122.212 W (37°30'25"" N 122°12'43"" W)",P
RYEC1,0,,,0,,,0,,,0,,,0,,,0,,,0,,,0,,,0,,,0,ocean,False,"Second Mallard, San Francisco Bay Reserve, CA",38.184,-122.014,,National Estuarine Research Reserve System,NERRS,fixed,False,False,True,False,NR,NERRS Water Quality Station,,"Second Mallard, San Francisco Bay Reserve, CA",,"38.184 N 122.014 W (38°11'3"" N 122°0'49"" W)",P
SACV4,7,2010,2016,0,,,0,,,0,,,0,,,0,,,0,,,0,,,0,,,0,,False,"Sacrifice Island, Mexico",19.174,-96.093,,EPA & Mexican Government Cooperative Program,International Partners,fixed,False,False,False,False,EM,Weather Station,,"Sacrifice Island, Mexico",Sutron XPERT payload,"19.174 N 96.093 W (19°10'27"" N 96°5'37"" W)",C
SANF1,35,1991,2025,0,,,0,,,0,,,0,,,0,,,0,,,0,,,1,2005,2005,0,stdmet,False,"Sand Key, FL",24.456,-81.877,0.0,NDBC,NDBC Meteorological/Ocean,fixed,True,False,False,False,N,C-MAN Station,,"Sand Key, FL",SCOOP payload,"24.456 N 81.877 W (24°27'21"" N 81°52'38"" W)",E
SAPF1,21,2005,2025,0,,,0,,,0,,,0,,,0,,,0,,,0,,,0,,,0,stdmet,False,"8726520 - St. Petersburg, Tampa Bay, FL",27.761,-82.627,1.5,NOS,NOS/CO-OPS,fixed,True,False,False,False,O,Water Level Observation Network,,"8726520 - St. Petersburg, Tampa Bay, FL",,"27.761 N 82.627 W (27°45'38"" N 82°37'37"" W)",E
SAQG1,0,,,0,,,0,,,0,,,0,,,0,,,0,,,0,,,0,,,0,ocean,False,"Lower Duplin, Sapelo Island Reserve, GA",31.418,-81.296,,National Estuarine Research Reserve System,NERRS,fixed,False,False,True,False,NR,NERRS Water Quality Station,,"Lower Duplin, Sapelo Island Reserve, GA",,"31.418 N 81.296 W (31°25'5"" N 81°17'46"" W)",E
SAUF1,40,1986,2025,0,,,0,,,0,,,0,,,0,,,0,,,0,,,1,2006,2006,0,"cwind,stdmet",False,"St. Augustine, FL",29.857,-81.264,8.8,NDBC,NDBC Meteorological/Ocean,fixed,True,False,False,False,N,C-MAN Station,,"St. Augustine, FL",MARS payload,"29.857 N 81.264 W (29°51'26"" N 81°15'49"" W)",E
SAXG1,0,,,0,,,0,,,0,,,0,,,0,,,0,,,0,,,0,,,0,stdmet,False,"Marsh Island, Sapelo Island Reserve, GA",31.418,-81.296,4.57,National Estuarine Research Reserve System,NERRS,fixed,True,False,False,False,NR,NERRS Weather Station,,"Marsh Island, Sapelo Island Reserve, GA",,"31.418 N 81.296 W (31°25'5"" N 81°17'46"" W)",E
SBBN2,6,2016,2021,0,,,0,,,0,,,0,,,0,,,0,,,0,,,0,,,0,,False,,,,,,,,,,,,LM,Buoy,,Lake Mead - South Boulder Basin,,"36.050 N 114.748 W (36°3'1"" N 114°44'51"" W)",M
SBEO3,21,2005,2025,0,,,0,,,0,,,0,,,0,,,0,,,0,,,0,,,0,stdmet,False,"9435380 - South Beach, OR",44.625,-124.045,3.4,NOS,NOS/CO-OPS,fixed,True,False,False,False,O,Water Level Observation Network,,"9435380 - South Beach, OR",,"44.625 N 124.045 W (44°37'32"" N 124°2'42"" W)",P
SBIO1,43,1983,2025,0,,,0,,,0,,,0,,,0,,,0,,,0,,,0,,,0,stdmet,False,"South Bass Island, OH",41.629,-82.841,176.8,NDBC,NDBC Meteorological/Ocean,fixed,True,False,False,False,N,C-MAN Station,,"South Bass Island, OH",SM+ Payload,"41.629 N 82.841 W (41°37'44"" N 82°50'29"" W)",E
SBLF1,7,2008,2014,0,,,0,,,0,,,0,,,0,,,0,,,0,,,0,,,0,,False,,,,,,,,,,,,O,Water Level Observation Network,,"8726673 - Seabulk, Tampa, FL",,"27.923 N 82.445 W (27°55'23"" N 82°26'41"" W)",E
SBLM4,18,2008,2025,0,,,0,,,0,,,0,,,0,,,0,,,0,,,0,,,0,stdmet,False,"Saginaw Bay Light #1, MI",43.81,-83.72,180.0,"NWS WFO Detroit/Pontiac, MI (DTX)",IOOS Partners,fixed,True,False,False,False,DTX,GLOS Weather Station,,"Saginaw Bay Light #1, MI",,"43.810 N 83.720 W (43°48'36"" N 83°43'12"" W)",E
SBPT2,15,2005,2020,0,,,0,,,0,,,0,,,0,,,0,,,0,,,0,,,0,,False,,,,,,,,,,,,O,Water Level Observation Network,,"8770570 - Sabine Pass North, TX",,"29.728 N 93.870 W (29°43'42"" N 93°52'12"" W)",C
SCIS1,3,2006,2008,0,,,0,,,0,,,0,,,0,,,0,,,0,,,0,,,0,,False,,,,,,,,,,,,O,Water Level Observation Network,,"8664941 - South Capers Island, SC",,"32.857 N 79.707 W (32°51'24"" N 79°42'24"" W)",E
SCLD1,0,,,0,,,0,,,0,,,0,,,0,,,0,,,0,,,0,,,0,ocean,False,"Scotton Landing, Delaware Reserve, DE",39.085,-75.461,,National Estuarine Research Reserve System,NERRS,fixed,False,False,True,False,NR,NERRS Water Quality Station,,"Scotton Landing, Delaware Reserve, DE",,"39.085 N 75.461 W (39°5'5"" N 75°27'39"" W)",E
SCPB2,0,,,0,,,0,,,0,,,0,,,0,,,0,,,0,,,0,,,0,,False,,,,,,,,,,,,,,,,,,
SCQC1,0,,,0,,,0,,,0,,,0,,,0,,,0,,,0,,,0,,,0,ocean,False,"China Camp, San Francisco Bay Reserve, CA",38.001,-122.46,,National Estuarine Research Reserve System,NERRS,fixed,False,False,True,False,NR,NERRS Water Quality Station,,"China Camp, San Francisco Bay Reserve, CA",,"38.001 N 122.460 W (38°0'5"" N 122°27'36"" W)",P
SCSN6,7,2004,2010,0,,,0,,,0,,,0,,,0,,,0,,,0,,,0,,,0,,False,,,,,,,,,,,,I,Long Island Ferry,,"South Central Sound, NY",,"41.024 N 73.108 W (41°1'25"" N 73°6'29"" W)",E
SCXA2,9,2017,2025,0,,,0,,,0,,,0,,,0,,,0,,,0,,,0,,,0,stdmet,False,"Scull Island, AK",58.205,-134.646,15.2,Marine Exchange of Alaska,IOOS Partners,fixed,True,False,False,False,MA,Coastal Marine Station,,"Scull Island, AK",,"58.205 N 134.646 W (58°12'17"" N 134°38'45"" W)",A
SDBC1,21,2005,2025,0,,,0,,,0,,,0,,,0,,,0,,,0,,,0,,,0,stdmet,False,"9410170 - San Diego, CA",32.714,-117.174,,NOS,NOS/CO-OPS,fixed,True,False,False,False,O,Water Level Observation Network,,"9410170 - San Diego, CA",,"32.714 N 117.174 W (32°42'51"" N 117°10'26"" W)",P
SDHN4,22,2004,2025,0,,,0,,,0,,,0,,,0,,,0,,,0,,,0,,,0,stdmet,False,"8531680 - Sandy Hook, NJ",40.467,-74.009,1.9,NOS,NOS/CO-OPS,fixed,True,False,False,False,O,Water Level Observation Network,,"8531680 - Sandy Hook, NJ",,"40.467 N 74.009 W (40°28'1"" N 74°0'34"" W)",E
SDIA2,19,2006,2025,0,,,0,,,0,,,0,,,0,,,0,,,0,,,0,,,0,,False,"South Douglas, AK",58.277,-134.389,4.0,"NWS WFO Juneau, AK (AJK)",IOOS Partners,fixed,False,False,False,False,AJK,Weather Station,,"South Douglas, AK",,"58.277 N 134.389 W (58°16'38"" N 134°23'21"" W)",A
SDRT2,19,2007,2025,0,,,0,,,0,,,0,,,0,,,0,,,0,,,0,,,0,stdmet,False,"8773037 - Seadrift, TX",28.407,-96.712,0.0,TCOON,IOOS Partners,fixed,True,False,False,False,K,Water Level Observation Network,,"8773037 - Seadrift, TX",,"28.407 N 96.712 W (28°24'26"" N 96°42'43"" W)",C
SECG1,2,2004,2005,0,,,0,,,0,,,0,,,0,,,0,,,0,,,0,,,0,,False,,,,,,,,,,,,H,C-MAN Station,,U.S. Navy Tower R4 GA,,"30.800 N 80.316 W (30°48'0"" N 80°18'58"" W)",E
SEFO3,0,,,0,,,0,,,0,,,0,,,0,,,0,,,0,,,15,2011,2025,0,,False,SATURN Estuary Station #04 at Mott Basin,46.204,-123.759,0.0,Columbia River Inter-Tribal Fish Commission,IOOS Partners,fixed,False,False,False,False,CM,Water Quality Station,,SATURN Estuary Station #04 at Mott Basin,,"46.204 N 123.759 W (46°12'13"" N 123°45'31"" W)",P
SEIM1,4,2022,2025,0,,,0,,,0,,,0,,,0,,,0,,,0,,,0,,,0,stdmet,False,"8419870 - Seavey Island, ME",43.08,-70.742,2.7,NOAA NOS PORTS,NOS/CO-OPS,fixed,True,False,False,False,PT,Water Level Observation Network,,"8419870 - Seavey Island, ME",,"43.080 N 70.742 W (43°4'48"" N 70°44'30"" W)",E
SEQA2,0,,,0,,,0,,,0,,,0,,,0,,,0,,,0,,,0,,,0,ocean,False,"Seldovia Deep, Katchemak Bay Reserve, AK",59.441,-151.721,,National Estuarine Research Reserve System,NERRS,fixed,False,False,True,False,NR,NERRS Water Quality Station,,"Seldovia Deep, Katchemak Bay Reserve, AK",,"59.441 N 151.721 W (59°26'27"" N 151°43'15"" W)",A
SETO3,0,,,0,,,0,,,0,,,0,,,0,,,0,,,0,,,15,2011,2025,0,,False,SATURN Estuary Station #03,46.2,-123.941,0.0,Columbia River Inter-Tribal Fish Commission,IOOS Partners,fixed,False,False,False,False,CM,Water Quality Station,,SATURN Estuary Station #03,,"46.200 N 123.941 W (46°12'0"" N 123°56'27"" W)",P
SFXC1,0,,,0,,,0,,,0,,,0,,,0,,,0,,,0,,,0,,,0,stdmet,False,"Rush Ranch, San Francisco Bay Reserve, CA",38.2,-122.026,2.74,National Estuarine Research Reserve System,NERRS,fixed,True,False,False,False,NR,NERRS Weather Station,,"Rush Ranch, San Francisco Bay Reserve, CA",,"38.200 N 122.026 W (38°12'2"" N 122°1'35"" W)",P
SGNT2,9,2014,2023,0,,,0,,,0,,,0,,,0,,,0,,,0,,,0,,,0,,False,"8772985 - Sargent, TX",28.771,-95.617,,TCOON,IOOS Partners,fixed,False,False,False,False,K,Water Level Observation Network,,"8772985 - Sargent, TX",,"28.771 N 95.617 W (28°46'17"" N 95°37'0"" W)",C
SGNW3,43,1983,2025,0,,,0,,,0,,,0,,,0,,,0,,,0,,,0,,,0,"cwind,stdmet",False,"Sheboygan, WI",43.749,-87.693,175.9,NDBC,NDBC Meteorological/Ocean,fixed,True,False,False,False,N,C-MAN Station,,"Sheboygan, WI",SM+ Payload,"43.749 N 87.693 W (43°44'58"" N 87°41'34"" W)",C
SGOF1,22,2003,2024,0,,,0,,,0,,,0,,,0,,,0,,,0,,,0,,,0,,False,"Tyndall AFB Tower C (N4), FL",29.408,-84.858,0.0,NDBC,NDBC Meteorological/Ocean,fixed,False,False,False,False,N,C-MAN Station,,"Tyndall AFB Tower C (N4), FL",MARS payload,"29.408 N 84.858 W (29°24'30"" N 84°51'30"" W)",C
SGRN4,2,2005,2006,0,,,0,,,0,,,0,,,0,,,0,,,0,,,0,,,0,,False,,,,,,,,,,,,J,Shorebased Tower,,"Sea Girt, NJ",,"40.120 N 74.030 W (40°7'12"" N 74°1'48"" W)",E
SGXA2,4,2022,2025,0,,,0,,,0,,,0,,,0,,,0,,,0,,,0,,,0,stdmet,False,ST GEORGE MXAK,56.599,-169.542,60.0,Marine Exchange of Alaska,IOOS Partners,fixed,True,False,False,False,MA,Coastal Marine Station,,ST GEORGE MXAK,,"56.599 N 169.542 W (56°35'58"" N 169°32'30"" W)",
SHBL1,18,2008,2025,0,,,0,,,0,,,0,,,0,,,0,,,0,,,0,,,0,stdmet,False,"8761305 - Shell Beach, LA",29.868,-89.673,0.0,NOS,NOS/CO-OPS,fixed,True,False,False,False,O,Water Level Observation Network,,"8761305 - Shell Beach, LA",,"29.868 N 89.673 W (29°52'5"" N 89°40'24"" W)",C
SHPF1,21,2004,2024,0,,,0,,,0,,,0,,,0,,,0,,,0,,,0,,,0,,False,,,,,,,,,,,,P,Shorebased Tower,,"SHP - Shell Point, FL",,"30.058 N 84.291 W (30°3'29"" N 84°17'28"" W)",E
SHXA2,9,2017,2025,0,,,0,,,0,,,0,,,0,,,0,,,0,,,0,,,0,stdmet,False,"Sitka Harbor, AK",57.055,-135.349,4.6,Marine Exchange of Alaska,IOOS Partners,fixed,True,False,False,False,MA,Coastal Marine Station,,"Sitka Harbor, AK",,"57.055 N 135.349 W (57°3'20"" N 135°20'58"" W)",A
SIPF1,13,2013,2025,0,,,0,,,0,,,0,,,0,,,0,,,0,,,9,2016,2024,0,stdmet,False,"Sebastian Inlet State Park North Jetty, FL",27.862,-80.445,10.06,Florida Institute of Technology,IOOS Partners,fixed,True,False,False,False,FT,Weather Station,,"Sebastian Inlet State Park North Jetty, FL",,"27.862 N 80.445 W (27°51'42"" N 80°26'41"" W)",E
SISA2,20,2006,2025,0,,,0,,,0,,,0,,,0,,,0,,,0,,,0,,,0,,False,"Sisters Island, AK",58.177,-135.259,15.25,"NWS WFO Juneau, AK (AJK)",IOOS Partners,fixed,False,False,False,False,AJK,Weather Station,,"Sisters Island, AK",,"58.177 N 135.259 W (58°10'37"" N 135°15'34"" W)",A
SISW1,42,1984,2025,0,,,0,,,0,,,0,,,0,,,0,,,0,,,0,,,0,stdmet,False,"Smith Island, WA",48.321,-122.831,0.0,NDBC,NDBC Meteorological/Ocean,fixed,True,False,False,False,N,C-MAN Station,,"Smith Island, WA",SCOOP payload,"48.321 N 122.831 W (48°19'14"" N 122°49'51"" W)",P
SIXA2,2,2020,2021,0,,,0,,,0,,,0,,,0,,,0,,,0,,,0,,,0,,False,,,,,,,,,,,,MA,C-MAN Station,,"Ship Island, AK",,"55.599 N 132.203 W (55°35'56"" N 132°12'12"" W)",A
SJLF1,3,1984,1986,0,,,0,,,0,,,0,,,0,,,0,,,0,,,0,,,0,,False,,,,,,,,,,,,N,C-MAN Station,,St. John's Light,,"30.400 N 81.400 W (30°24'0"" N 81°24'0"" W)",E
SJNP4,21,2005,2025,0,,,0,,,0,,,0,,,0,,,0,,,0,,,0,,,0,stdmet,False,"9755371 - San Juan, La Puntilla, San Juan Bay, PR",18.459,-66.116,1.3,NOS,NOS/CO-OPS,fixed,True,False,False,False,O,Water Level Observation Network,,"9755371 - San Juan, La Puntilla, San Juan Bay, PR",,"18.459 N 66.116 W (18°27'32"" N 66°6'59"" W)",N
SJOM4,19,2007,2025,0,,,0,,,0,,,0,,,0,,,0,,,0,,,0,,,0,,False,"St. Joseph, MI",42.098,-86.494,182.0,"NWS WFO Northern Indiana, IN (IWX)",IOOS Partners,fixed,False,False,False,False,IWX,GLOS Weather Station,,"St. Joseph, MI",,"42.098 N 86.494 W (42°5'52"" N 86°29'40"" W)",E
SJSN4,20,2006,2025,0,,,0,,,0,,,0,,,0,,,0,,,0,,,0,,,0,stdmet,False,"8537121 - Ship John Shoal, NJ",39.305,-75.377,6.3,NOAA NOS PORTS,NOS/CO-OPS,fixed,True,False,False,False,PT,Water Level Observation Network,,"8537121 - Ship John Shoal, NJ",,"39.305 N 75.377 W (39°18'19"" N 75°22'36"" W)",E
SKCF1,6,2020,2025,0,,,0,,,0,,,0,,,0,,,0,,,0,,,0,,,0,stdmet,False,"8726671 - Sparkman Channel Entrance, FL",27.921,-82.445,7.3,NOAA NOS PORTS,NOS/CO-OPS,fixed,True,False,False,False,PT,Water Level Observation Network,,"8726671 - Sparkman Channel Entrance, FL",,"27.921 N 82.445 W (27°55'14"" N 82°26'43"" W)",E
SKDA2,1,2025,2025,0,,,0,,,0,,,0,,,0,,,0,,,0,,,0,,,0,stdmet,False,Skagway Ore Dock,59.449,-135.331,10.6,Marine Exchange of Alaska,IOOS Partners,fixed,True,False,False,False,MA,Coastal Marine Station,,Skagway Ore Dock,,"59.449 N 135.331 W (59°26'55"" N 135°19'52"" W)",A
SKMG1,6,2004,2009,0,,,0,,,0,,,0,,,0,,,0,,,0,,,0,,,0,,False,,,,,,,,,,,,S,C-MAN Station,,U.S. Navy Tower M2R6 GA,,"31.534 N 80.236 W (31°32'1"" N 80°14'9"" W)",E
SKTA2,17,2009,2025,0,,,0,,,0,,,0,,,0,,,0,,,0,,,0,,,0,stdmet,False,"9452400 - Skagway, AK",59.45,-135.327,6.4,NOS,NOS/CO-OPS,fixed,True,False,False,False,O,Water Level Observation Network,,"9452400 - Skagway, AK",,"59.450 N 135.327 W (59°27'0"" N 135°19'36"" W)",A
SKXA2,9,2017,2025,0,,,0,,,0,,,0,,,0,,,0,,,0,,,0,,,0,stdmet,False,"Skagway MXAK, AK",59.448,-135.326,4.6,Marine Exchange of Alaska,IOOS Partners,fixed,True,False,False,False,MA,Coastal Marine Station,,"Skagway MXAK, AK",,"59.448 N 135.326 W (59°26'54"" N 135°19'35"" W)",A
SLIM2,21,2005,2025,0,,,0,,,0,,,0,,,0,,,0,,,0,,,0,,,0,stdmet,False,"8577330 - Solomons Island, MD",38.321,-76.452,1.5,NOS,NOS/CO-OPS,fixed,True,False,False,False,O,Water Level Observation Network,,"8577330 - Solomons Island, MD",,"38.321 N 76.452 W (38°19'16"" N 76°27'6"" W)",E
SLMN2,5,2016,2020,0,,,0,,,0,,,0,,,0,,,0,,,0,,,0,,,0,,False,,,,,,,,,,,,LM,Buoy,,Lake Mohave - South,,"35.389 N 114.621 W (35°23'20"" N 114°37'15"" W)",M
SLOO3,0,,,0,,,0,,,0,,,0,,,0,,,0,,,0,,,0,,,0,ocean,False,"Elliot Creek - South Slough Reserve, OR",43.296,-124.311,,National Estuarine Research Reserve System,NERRS,fixed,False,False,True,False,NR,Water Quality Station,,"Elliot Creek - South Slough Reserve, OR",,"43.296 N 124.311 W (43°17'47"" N 124°18'39"" W)",P
SLVM5,19,2006,2025,0,,,0,,,0,,,0,,,0,,,0,,,0,,,0,,,0,stdmet,False,"Silver Bay, MN",47.278,-91.27,195.0,"NWS WFO Duluth, MN (DLH)",IOOS Partners,fixed,True,False,False,False,DLH,GLOS Weather Station,,"Silver Bay, MN",,"47.278 N 91.270 W (47°16'39"" N 91°16'12"" W)",C
SLXA2,8,2018,2025,0,,,0,,,0,,,0,,,0,,,0,,,0,,,0,,,0,stdmet,False,"Salmon Landing, AK",55.34,-131.644,6.7,Marine Exchange of Alaska,IOOS Partners,fixed,True,False,False,False,MA,Coastal Marine Station,,"Salmon Landing, AK",,"55.340 N 131.644 W (55°20'22"" N 131°38'39"" W)",A
SMBS1,4,2007,2010,0,,,0,,,0,,,0,,,0,,,0,,,0,,,0,,,0,,False,,,,,,,,,,,,NS,Coastal Marine Station,,"Springmaid pier, SC",,"33.655 N 78.918 W (33°39'18"" N 78°55'6"" W)",E
SMKF1,36,1988,2025,0,,,0,,,0,,,0,,,0,,,0,,,0,,,4,2005,2009,0,stdmet,False,"Sombrero Key, FL",24.628,-81.109,0.0,NDBC,NDBC Meteorological/Ocean,fixed,True,False,False,False,N,C-MAN Station,,"Sombrero Key, FL",SM+ Payload,"24.628 N 81.109 W (24°37'40"" N 81°6'31"" W)",E
SMOC1,6,2005,2010,0,,,0,,,0,,,0,,,0,,,0,,,0,,,0,,,0,,False,,,,,,,,,,,,O,Water Level Observation Network,,"9410840 - Santa Monica, CA",,"34.008 N 118.500 W (34°0'30"" N 118°30'0"" W)",P
SNDA2,18,2008,2025,0,,,0,,,0,,,0,,,0,,,0,,,0,,,0,,,0,stdmet,False,"9459450 - Sand Point, AK",55.336,-160.502,3.6,NOS,NOS/CO-OPS,fixed,True,False,False,False,O,Water Level Observation Network,,"9459450 - Sand Point, AK",,"55.336 N 160.502 W (55°20'11"" N 160°30'6"" W)",A
SNDP5,21,2005,2025,0,,,0,,,0,,,0,,,0,,,0,,,0,,,0,,,0,stdmet,False,"1619910 - Sand Island, Midway Islands",28.215,-177.361,2.2,NOS,NOS/CO-OPS,fixed,True,False,False,False,O,Water Level Observation Network,,"1619910 - Sand Island, Midway Islands",,"28.215 N 177.361 W (28°12'54"" N 177°21'40"" W)",?
SNSN7,4,2005,2008,0,,,0,,,0,,,0,,,0,,,0,,,0,,,0,,,0,,False,,,,,,,,,,,,A,Weather Station,,"8659897 - Sunset Beach, NC",,"33.865 N 78.507 W (33°51'54"" N 78°30'24"" W)",E
SNTO3,0,,,0,,,0,,,0,,,0,,,0,,,0,,,0,,,0,,,0,stdmet,False,"Tom's Creek, South Slough Reserve, OR",43.279,-124.318,3.6,National Estuarine Research Reserve System,NERRS,fixed,True,False,False,False,NR,NERRS Weather Station,,"Tom's Creek, South Slough Reserve, OR",,"43.279 N 124.318 W (43°16'45"" N 124°19'6"" W)",P
SOSN6,7,2004,2010,0,,,0,,,0,,,0,,,0,,,0,,,0,,,0,,,0,,False,,,,,,,,,,,,I,Long Island Ferry,,"Southern Open Sound, NY",,"40.998 N 73.095 W (40°59'54"" N 73°5'42"" W)",E
SPAG1,6,2004,2009,0,,,0,,,0,,,0,,,0,,,0,,,0,,,0,,,0,,False,,,,,,,,,,,,S,C-MAN Station,,U.S. Navy Tower R2 GA,,"31.375 N 80.567 W (31°22'30"" N 80°34'1"" W)",E
SPGF1,41,1985,2025,0,,,0,,,0,,,0,,,0,,,0,,,0,,,0,,,0,stdmet,False,"Settlement Point, GBI, Bahamas",26.704,-78.995,1.5,NDBC,NDBC Meteorological/Ocean,fixed,True,False,False,False,N,C-MAN Station,,"Settlement Point, GBI, Bahamas",SM+ Payload,"26.704 N 78.995 W (26°42'16"" N 78°59'41"" W)",E
SPLL1,11,2009,2020,0,,,0,,,0,,,0,,,0,,,0,,,0,,,0,,,0,stdmet,False,"South Timbalier Block 52, LA / CSI06",28.867,-90.483,0.0,LSU CSI,IOOS Partners,fixed,False,False,False,False,Z,Shorebased Tower,,"South Timbalier Block 52, LA / CSI06",,"28.867 N 90.483 W (28°52'0"" N 90°29'0"" W)",C
SPTM4,9,2010,2025,0,,,0,,,0,,,0,,,0,,,0,,,0,,,0,,,0,stdmet,False,"Sturgeon Point Light, MI",44.713,-83.273,184.0,"NWS WFO Gayloard, MI (APX)",IOOS Partners,fixed,True,False,False,False,APX,GLOS Weather Station,,"Sturgeon Point Light, MI",,"44.713 N 83.273 W (44°42'46"" N 83°16'22"" W)",E
SPXA2,5,2021,2025,0,,,0,,,0,,,0,,,0,,,0,,,0,,,0,,,0,stdmet,False,"Ship Island, AK",55.599,-132.203,7.5,Marine Exchange of Alaska,IOOS Partners,fixed,True,False,False,False,MA,Coastal Marine Station,,"Ship Island, AK",,"55.599 N 132.203 W (55°35'56"" N 132°12'12"" W)",A
SRAW1,0,,,0,,,0,,,0,,,0,,,0,,,0,,,0,,,4,2016,2019,0,,False,"SATURN River Station #08, Camas, WA",45.572,-122.379,,Columbia River Inter-Tribal Fish Commission,IOOS Partners,fixed,False,False,False,False,CM,Water Quality Station,,"SATURN River Station #08, Camas, WA",,"45.572 N 122.379 W (45°34'19"" N 122°22'44"" W)",P
SRBV3,6,2008,2013,0,,,0,,,0,,,0,,,0,,,0,,,0,,,3,2008,2010,0,,False,,,,,,,,,,,,IC,Fixed Structure Weather Station,,"Salt River Bay, St. Croix, U.S. Virgin Islands",,"17.784 N 64.762 W (17°47'2"" N 64°45'43"" W)",N
SREF1,1,2025,2025,0,,,0,,,0,,,0,,,0,,,0,,,0,,,1,2025,2025,0,"ocean,stdmet",False,"Shark River, FL",25.352,-81.1,,Everglades National Park,IOOS Partners,fixed,False,False,False,False,NP,Water Quality Station,,"Shark River, FL",,"25.352 N 81.100 W (25°21'7"" N 81°5'59"" W)",E
SRFW1,0,,,0,,,0,,,0,,,0,,,0,,,0,,,0,,,9,2011,2020,0,,False,SATURN River Station #05,46.185,-123.188,,Columbia River Inter-Tribal Fish Commission,IOOS Partners,fixed,False,False,False,False,CM,Water Quality Station,,SATURN River Station #05,,"46.185 N 123.188 W (46°11'6"" N 123°11'15"" W)",P
SRLM4,11,2015,2025,0,,,0,,,0,,,0,,,0,,,0,,,0,,,0,,,0,stdmet,False,"Spectacle Reef Light, MI",45.773,-84.137,177.0,GLERL,IOOS Partners,fixed,True,False,False,False,G,C-MAN Station,,"Spectacle Reef Light, MI",,"45.773 N 84.137 W (45°46'24"" N 84°8'12"" W)",
SRST2,42,1984,2025,0,,,0,,,0,,,0,,,0,,,0,,,0,,,0,,,0,stdmet,False,"Sabine Pass, TX",29.683,-94.033,0.61,NDBC,NDBC Meteorological/Ocean,fixed,True,False,False,False,N,C-MAN Station,,"Sabine Pass, TX",SM+ Payload,"29.683 N 94.033 W (29°41'0"" N 94°2'0"" W)",C
SRXA2,4,2022,2025,0,,,0,,,0,,,0,,,0,,,0,,,0,,,0,,,0,stdmet,False,"Statter Harbor MXAK, AK",58.383,-134.652,2.0,Marine Exchange of Alaska,IOOS Partners,fixed,True,False,False,False,MA,Coastal Marine Station,,"Statter Harbor MXAK, AK",,"58.383 N 134.652 W (58°22'59"" N 134°39'7"" W)",A
SSBN7,13,2012,2025,0,,,0,,,0,,,0,,,0,,,7,2012,2018,0,,,7,2012,2018,0,"spec,stdmet",False,Sunset Beach Nearshore Waves (SUN2WAVE),33.838,-78.484,0.0,CORMP,IOOS Partners,buoy,True,False,False,False,CR,Moored Buoy,,Sunset Beach Nearshore Waves (SUN2WAVE),,"33.838 N 78.484 W (33°50'19"" N 78°29'3"" W)",E
STDM4,42,1984,2025,0,,,0,,,0,,,0,,,0,,,0,,,0,,,0,,,0,stdmet,False,"Stannard Rock, MI",47.184,-87.225,182.9,NDBC,NDBC Meteorological/Ocean,fixed,True,False,False,False,N,C-MAN Station,,"Stannard Rock, MI",SM+ Payload,"47.184 N 87.225 W (47°11'1"" N 87°13'30"" W)",E
STXA2,9,2017,2025,0,,,0,,,0,,,0,,,0,,,0,,,0,,,0,,,0,stdmet,False,"Sitka AML, AK",57.116,-135.391,10.7,Marine Exchange of Alaska,IOOS Partners,fixed,True,False,False,False,MA,Coastal Marine Station,,"Sitka AML, AK",,"57.116 N 135.391 W (57°6'59"" N 135°23'27"" W)",A
SUPN6,18,1992,2009,0,,,0,,,0,,,0,,,0,,,0,,,0,,,0,,,0,,False,,,,,,,,,,,,N,C-MAN Station,,"Superior Shoals, NY",VEEP payload,"44.467 N 75.800 W (44°28'0"" N 75°48'0"" W)",E
SVLS1,12,1985,1996,1,1996,1996,0,,,0,,,0,,,0,,,0,,,0,,,0,,,0,,False,,,,,,,,,,,,N,C-MAN Station,,"Savannah Light, GA",DACT payload,"31.950 N 80.680 W (31°57'0"" N 80°40'48"" W)",E
SVNM4,21,2005,2025,0,,,0,,,0,,,0,,,0,,,0,,,0,,,0,,,0,stdmet,False,"South Haven Light, South Haven, MI",42.401,-86.288,176.0,GLERL,IOOS Partners,fixed,True,False,False,False,G,C-MAN Station,,"South Haven Light, South Haven, MI",,"42.401 N 86.288 W (42°24'5"" N 86°17'17"" W)",E
SVXA2,3,2022,2024,0,,,0,,,0,,,0,,,0,,,0,,,0,,,0,,,0,stdmet,False,"Savoonga, AK",63.693,-170.492,10.0,Marine Exchange of Alaska,IOOS Partners,fixed,True,False,False,False,MA,C-MAN Station,,"Savoonga, AK",,"63.693 N 170.492 W (63°41'34"" N 170°29'32"" W)",A
SWLA2,16,2010,2025,0,,,0,,,0,,,0,,,0,,,0,,,0,,,0,,,0,,False,"9455090 - Seward, AK",60.12,-149.427,6.2,NOS,NOS/CO-OPS,fixed,False,False,False,False,O,Water Level Observation Network,,"9455090 - Seward, AK",,"60.120 N 149.427 W (60°7'12"" N 149°25'36"" W)",A
SWPM4,22,2004,2025,0,,,0,,,0,,,0,,,0,,,0,,,0,,,0,,,0,stdmet,False,"9076070 - S.W. Pier, MI",46.501,-84.372,184.6,NOAA NOS PORTS,NOS/CO-OPS,fixed,True,False,False,False,PT,Water Level Observation Network,,"9076070 - S.W. Pier, MI",,"46.501 N 84.372 W (46°30'5"" N 84°22'20"" W)",E
SWPV2,21,2005,2025,0,,,0,,,0,,,0,,,0,,,0,,,0,,,0,,,0,stdmet,False,"8638610 - Sewells Point, VA",36.943,-76.329,3.6,NOS,NOS/CO-OPS,fixed,True,False,False,False,O,Water Level Observation Network,,"8638610 - Sewells Point, VA",,"36.943 N 76.329 W (36°56'34"" N 76°19'43"" W)",E
SWXA2,4,2022,2025,0,,,0,,,0,,,0,,,0,,,0,,,0,,,0,,,0,stdmet,False,"Seward Harbor, AK",60.116,-149.434,7.6,Marine Exchange of Alaska,IOOS Partners,fixed,True,False,False,False,MA,Coastal Marine Station,,"Seward Harbor, AK",,"60.116 N 149.434 W (60°6'56"" N 149°26'3"" W)",A
SXHW3,20,2006,2025,0,,,0,,,0,,,0,,,0,,,0,,,0,,,0,,,0,stdmet,False,"Saxon Harbor, WI",46.563,-90.437,184.0,"NWS WFO Duluth, MN (DLH)",IOOS Partners,fixed,True,False,False,False,DLH,GLOS Weather Station,,"Saxon Harbor, WI",,"46.563 N 90.437 W (46°33'45"" N 90°26'14"" W)",C
SXXA2,5,2021,2025,0,,,0,,,0,,,0,,,0,,,0,,,0,,,0,,,0,stdmet,False,"Saxman Landing, AK",55.315,-131.596,9.0,Marine Exchange of Alaska,IOOS Partners,fixed,True,False,False,False,MA,Coastal Marine Station,,"Saxman Landing, AK",,"55.315 N 131.596 W (55°18'53"" N 131°35'46"" W)",A
SYWW3,13,2005,2017,0,,,0,,,0,,,0,,,0,,,0,,,0,,,0,,,0,,False,,,,,,,,,,,,GRB,Weather Station,,"Yacht Works Sister Bay, WI",,"45.202 N 87.121 W (45°12'8"" N 87°7'15"" W)",C
TAML1,8,2004,2011,0,,,0,,,0,,,0,,,0,,,0,,,0,,,0,,,0,,False,,,,,,,,,,,,L,Shorebased Tower,,"Tambour Bay, LA",,"29.188 N 90.665 W (29°11'15"" N 90°39'55"" W)",C
TANO3,0,,,0,,,0,,,0,,,0,,,0,,,0,,,0,,,4,2011,2014,0,,False,,,,,,,,,,,,CM,Water Quality Station,,"Tansy Point, OR",,"46.189 N 123.919 W (46°11'20"" N 123°55'10"" W)",P
TAQT2,15,2011,2025,0,,,0,,,0,,,0,,,0,,,0,,,0,,,0,,,0,stdmet,False,"8775296 - USS Lexington, TX",27.815,-97.389,0.0,TCOON,IOOS Partners,fixed,True,False,False,False,K,Water Level Observation Network,,"8775296 - USS Lexington, TX",,"27.815 N 97.389 W (27°48'54"" N 97°23'21"" W)",C
TARF1,12,2004,2015,0,,,0,,,0,,,0,,,0,,,0,,,0,,,0,,,0,,False,,,,,,,,,,,,P,Shorebased Tower,,"TAS - Tarpon Springs, FL",,"28.156 N 82.758 W (28°9'20"" N 82°45'29"" W)",E
TAWM4,16,2010,2025,0,,,0,,,0,,,0,,,0,,,0,,,0,,,0,,,0,stdmet,False,"Tawas Point, MI",44.254,-83.449,183.0,"NWS WFO Gayloard, MI (APX)",IOOS Partners,fixed,True,False,False,False,APX,GLOS Weather Station,,"Tawas Point, MI",,"44.254 N 83.449 W (44°15'13"" N 83°26'58"" W)",E
TBIM4,14,2012,2025,0,,,0,,,0,,,0,,,0,,,0,,,0,,,0,,,0,stdmet,False,"Thunder Bay Island, MI",45.035,-83.194,175.9,GLERL,IOOS Partners,fixed,True,False,False,False,G,C-MAN Station,,"Thunder Bay Island, MI",,"45.035 N 83.194 W (45°2'5"" N 83°11'39"" W)",E
TBYF1,1,2025,2025,0,,,0,,,0,,,0,,,0,,,0,,,0,,,1,2025,2025,0,"ocean,stdmet",False,"Terrapin Bay, FL",25.155,-80.722,,Everglades National Park,IOOS Partners,fixed,False,False,False,False,NP,Water Quality Station,,"Terrapin Bay, FL",,"25.155 N 80.722 W (25°9'19"" N 80°43'20"" W)",E
TCBM2,21,2005,2025,0,,,0,,,0,,,0,,,0,,,0,,,0,,,0,,,0,stdmet,False,"8573364 - Tolchester Beach, MD",39.213,-76.244,3.0,NOAA NOS PORTS,NOS/CO-OPS,fixed,True,False,False,False,PT,Water Level Observation Network,,"8573364 - Tolchester Beach, MD",,"39.213 N 76.244 W (39°12'48"" N 76°14'40"" W)",E
TCMW1,17,2009,2025,0,,,0,,,0,,,0,,,0,,,0,,,0,,,0,,,0,stdmet,False,"9446482 - Tacoma Met, WA",47.276,-122.418,4.1,NOAA NOS PORTS,NOS/CO-OPS,fixed,True,False,False,False,PT,Water Level Observation Network,,"9446482 - Tacoma Met, WA",,"47.276 N 122.418 W (47°16'33"" N 122°25'4"" W)",P
TCNW1,21,2005,2025,0,,,0,,,0,,,0,,,0,,,0,,,0,,,0,,,0,stdmet,False,"9446484 - Tacoma, WA",47.267,-122.413,4.1,NOAA NOS PORTS,NOS/CO-OPS,fixed,True,False,False,False,PT,Water Level Observation Network,,"9446484 - Tacoma, WA",,"47.267 N 122.413 W (47°16'0"" N 122°24'48"" W)",P
TCSV2,0,,,0,,,0,,,0,,,0,,,0,,,0,,,0,,,0,,,0,ocean,False,"Taskinas Creek, Chesapeake Bay Reserve, VA",37.415,-76.714,,National Estuarine Research Reserve System,NERRS,fixed,False,False,True,False,NR,NERRS Water Quality Station,,"Taskinas Creek, Chesapeake Bay Reserve, VA",,"37.415 N 76.714 W (37°24'54"" N 76°42'52"" W)",E
TCVF1,1,2025,2025,0,,,0,,,0,,,0,,,0,,,0,,,0,,,1,2025,2025,0,"ocean,stdmet",False,"Trout Cove, FL",25.213,-80.533,0.0,Everglades National Park,IOOS Partners,fixed,False,False,False,False,NP,Water Quality Station,,"Trout Cove, FL",,"25.213 N 80.533 W (25°12'46"" N 80°32'0"" W)",E
TDPC1,8,2015,2025,0,,,0,,,0,,,0,,,0,,,0,,,0,,,16,2007,2025,0,"ocean,stdmet",False,"Trinidad Pier Trinidad, CA",41.055,-124.147,,Central and Northern California Ocean Observing System,IOOS Partners,fixed,True,False,True,False,CN,Water Quality Station,,"Trinidad Pier Trinidad, CA",,"41.055 N 124.147 W (41°3'18"" N 124°8'49"" W)",P
TESL1,15,2011,2025,0,,,0,,,0,,,0,,,0,,,0,,,0,,,0,,,0,stdmet,False,"8764044 - Tesoro Marine Terminal, Berwick, Atchafalaya River, LA",29.668,-91.237,0.0,NOS,NOS/CO-OPS,fixed,True,False,False,False,O,Water Level Observation Network,,"8764044 - Tesoro Marine Terminal, Berwick, Atchafalaya River, LA",,"29.668 N 91.237 W (29°40'5"" N 91°14'14"" W)",C
TGXA2,2,2024,2025,0,,,0,,,0,,,0,,,0,,,0,,,0,,,0,,,0,stdmet,False,"Togiak, Alaska",59.055,-160.334,3.7,Marine Exchange of Alaska,IOOS Partners,fixed,True,False,False,False,MA,Coastal Marine Station,,"Togiak, Alaska",,"59.055 N 160.334 W (59°3'18"" N 160°20'1"" W)",A
THIN6,18,1992,2009,0,,,0,,,0,,,0,,,0,,,0,,,0,,,0,,,0,,False,,,,,,,,,,,,N,C-MAN Station,,"Thousand I. Brdg., NY",MARS payload,"44.300 N 75.983 W (44°18'0"" N 75°59'0"" W)",E
THLO1,21,2005,2025,0,,,0,,,0,,,0,,,0,,,0,,,0,,,0,,,0,stdmet,False,Toledo Light No. 2 OH,41.826,-83.194,173.5,GLERL,IOOS Partners,fixed,False,False,False,False,G,C-MAN Station,,Toledo Light No. 2 OH,,"41.826 N 83.194 W (41°49'32"" N 83°11'37"" W)",E
THRF1,1,2025,2025,0,,,0,,,0,,,0,,,0,,,0,,,0,,,1,2025,2025,0,"ocean,stdmet",False,"Thursday Point, FL",25.203,-80.372,0.0,Everglades National Park,IOOS Partners,fixed,False,False,False,False,NP,Water Quality Station,,"Thursday Point, FL",,"25.203 N 80.372 W (25°12'12"" N 80°22'20"" W)",E
THRO1,21,2005,2025,0,,,0,,,0,,,0,,,0,,,0,,,0,,,0,,,0,stdmet,False,"9063085 - Toledo, OH",41.694,-83.473,176.2,NOS,NOS/CO-OPS,fixed,True,False,False,False,O,Water Level Observation Network,,"9063085 - Toledo, OH",,"41.694 N 83.473 W (41°41'37"" N 83°28'21"" W)",E
TIBC1,19,2006,2025,0,,,0,,,0,,,0,,,0,,,0,,,0,,,15,2009,2025,0,"ocean,stdmet",False,"Tiburon Pier, San Francisco Bay, CA",37.892,-122.447,5.0,Central and Northern California Ocean Observing System,IOOS Partners,fixed,False,False,False,False,CN,Coastal Marine Station,,"Tiburon Pier, San Francisco Bay, CA",,"37.892 N 122.447 W (37°53'29"" N 122°26'48"" W)",P
TIQC1,0,,,0,,,0,,,0,,,0,,,0,,,0,,,0,,,0,,,0,ocean,False,"Oneonta Slough, Tijuana River Reserve, CA",32.568,-117.131,,National Estuarine Research Reserve System,NERRS,fixed,False,False,True,False,NR,NERRS Water Quality Station,,"Oneonta Slough, Tijuana River Reserve, CA",,"32.568 N 117.131 W (32°34'6"" N 117°7'53"" W)",P
TIXC1,0,,,0,,,0,,,0,,,0,,,0,,,0,,,0,,,0,,,0,stdmet,False,"Tidal Linkage, Tijuana River Reserve, CA",32.575,-117.127,4.0,National Estuarine Research Reserve System,NERRS,fixed,True,False,False,False,NR,NERRS Weather Station,,"Tidal Linkage, Tijuana River Reserve, CA",,"32.575 N 117.127 W (32°34'29"" N 117°7'37"" W)",P
TKEA2,17,2009,2025,0,,,0,,,0,,,0,,,0,,,0,,,0,,,0,,,0,stdmet,False,"Tenakee Springs, AK",57.779,-135.219,5.0,Marine Exchange of Alaska,IOOS Partners,fixed,True,False,False,False,MA,Fixed Structure Weather Station,,"Tenakee Springs, AK",,"57.779 N 135.219 W (57°46'45"" N 135°13'9"" W)",A
TKPN6,1,2017,2017,0,,,0,,,0,,,0,,,0,,,0,,,0,,,0,,,0,stdmet,False,"Turkey Point Hudson River NERRS, NY (NOS 8518962)",42.014,-73.939,1.4,National Estuarine Research Reserve System,NERRS,fixed,True,False,False,False,NR,NERRS Weather Station,,"Turkey Point Hudson River NERRS, NY (NOS 8518962)",,"42.014 N 73.939 W (42°0'51"" N 73°56'21"" W)",E
TLBO3,19,2006,2024,0,,,0,,,0,,,0,,,0,,,0,,,0,,,0,,,0,,False,"9437540 - Garibaldi, Tillamook Bay, OR",45.555,-123.919,0.0,NOS,NOS/CO-OPS,fixed,False,False,False,False,O,Water Level Observation Network,,"9437540 - Garibaldi, Tillamook Bay, OR",,"45.555 N 123.919 W (45°33'16"" N 123°55'8"" W)",P
TLVT2,4,2020,2025,0,,,0,,,0,,,0,,,0,,,0,,,0,,,0,,,0,stdmet,False,"8775285 - Tule Lake Visibility, TX",27.819,-97.454,2.0,NOAA NOS PORTS,NOS/CO-OPS,fixed,True,False,False,False,PT,Water Level Observation Network,,"8775285 - Tule Lake Visibility, TX",,"27.819 N 97.454 W (27°49'10"" N 97°27'13"" W)",C
TNSO3,0,,,0,,,0,,,0,,,0,,,0,,,0,,,0,,,1,2011,2011,0,,False,,,,,,,,,,,,CM,Water Quality Station,,"Tenasillahe Island USFW Dock, OR",,"46.238 N 123.468 W (46°14'16"" N 123°28'6"" W)",P
TOKW1,21,2005,2025,0,,,0,,,0,,,0,,,0,,,0,,,0,,,0,,,0,stdmet,False,"9440910 - Toke Point, WA",46.707,-123.967,3.0,NOS,NOS/CO-OPS,fixed,True,False,False,False,O,Water Level Observation Network,,"9440910 - Toke Point, WA",,"46.707 N 123.967 W (46°42'27"" N 123°57'60"" W)",P
TPAF1,18,2008,2025,0,,,0,,,0,,,0,,,0,,,0,,,0,,,0,,,0,stdmet,False,"8726694 - TPA Cruise Terminal 2, Tampa, FL",27.933,-82.433,0.0,NOAA NOS PORTS,NOS/CO-OPS,fixed,True,False,False,False,PT,Water Level Observation Network,,"8726694 - TPA Cruise Terminal 2, Tampa, FL",,"27.933 N 82.433 W (27°56'0"" N 82°26'0"" W)",E
TPBN4,7,2009,2015,0,,,0,,,0,,,0,,,0,,,0,,,0,,,0,,,0,,False,,,,,,,,,,,,O,Water Level Observation Network,,"8538886 - Tacony-Palmyra Bridge, NJ",,"40.012 N 75.043 W (40°0'43"" N 75°2'35"" W)",E
TPEF1,1,2025,2025,0,,,0,,,0,,,0,,,0,,,0,,,0,,,1,2025,2025,0,"ocean,stdmet",False,"Tarpon Bay East, FL",25.41,-80.964,0.0,Everglades National Park,IOOS Partners,fixed,False,False,False,False,NP,Water Quality Station,,"Tarpon Bay East, FL",,"25.410 N 80.964 W (25°24'36"" N 80°57'50"" W)",E
TPLM2,41,1985,2025,0,,,0,,,0,,,0,,,0,,,0,,,0,,,0,,,0,"cwind,stdmet",False,"Thomas Point, MD",38.899,-76.436,0.0,NDBC,NDBC Meteorological/Ocean,fixed,True,False,False,False,N,C-MAN Station,,"Thomas Point, MD",MARS payload,"38.899 N 76.436 W (38°53'56"" N 76°26'9"" W)",E
TPXA2,3,2020,2025,0,,,0,,,0,,,0,,,0,,,0,,,0,,,0,,,0,stdmet,False,"Tree Point, AK",54.802,-130.934,8.0,Marine Exchange of Alaska,IOOS Partners,fixed,True,False,False,False,MA,Coastal Marine Station,,"Tree Point, AK",,"54.802 N 130.934 W (54°48'9"" N 130°56'4"" W)",A
TRBL1,7,2004,2021,0,,,0,,,0,,,0,,,0,,,0,,,0,,,0,,,0,,False,"Terrebonne Bay, LA",29.187,-90.608,3.05,LUMCON,IOOS Partners,fixed,False,False,False,False,L,Shorebased Tower,,"Terrebonne Bay, LA",,"29.187 N 90.608 W (29°11'12"" N 90°36'29"" W)",C
TRDF1,21,2005,2025,0,,,0,,,0,,,0,,,0,,,0,,,0,,,0,,,0,stdmet,False,"8721604 - Trident Pier, FL",28.416,-80.593,3.5,NOS,NOS/CO-OPS,fixed,True,False,False,False,O,Water Level Observation Network,,"8721604 - Trident Pier, FL",,"28.416 N 80.593 W (28°24'57"" N 80°35'35"" W)",E
TRRF1,1,2025,2025,0,,,0,,,0,,,0,,,0,,,0,,,0,,,1,2025,2025,0,"ocean,stdmet",False,"Taylor River, FL",25.217,-80.65,0.0,Everglades National Park,IOOS Partners,fixed,False,False,False,False,NP,Water Quality Station,,"Taylor River, FL",,"25.217 N 80.650 W (25°13'2"" N 80°38'59"" W)",E
TRTP1,0,,,0,,,0,,,0,,,0,,,0,,,0,,,0,,,0,,,0,stdmet,False,TREC Tower,42.11,-80.154,200.7,Regional Science Consortium,IOOS Partners,fixed,True,False,False,False,RC,Coastal Marine Station,,TREC Tower,,"42.110 N 80.154 W (42°6'36"" N 80°9'14"" W)",E
TSHF1,17,2009,2025,0,,,0,,,0,,,0,,,0,,,0,,,0,,,0,,,0,,False,"8726679  - East Bay Causeway, FL",27.929,-82.426,2.1,NOAA NOS PORTS,NOS/CO-OPS,fixed,False,False,False,False,PT,Water Level Observation Network,,"8726679  - East Bay Causeway, FL",,"27.929 N 82.426 W (27°55'44"" N 82°25'34"" W)",E
TTIW1,34,1984,2017,0,,,0,,,0,,,0,,,0,,,0,,,0,,,0,,,0,,False,,,,,,,,,,,,N,C-MAN Station,,"Tatoosh Island, WA",DACT payload,"48.392 N 124.735 W (48°23'30"" N 124°44'6"" W)",P
TWCO1,8,2018,2025,0,,,0,,,0,,,0,,,0,,,0,,,0,,,0,,,0,stdmet,False,"Toledo Crib, OH",41.699,-83.259,173.5,Limno Tech,IOOS Partners,fixed,True,False,False,False,LT,C-MAN Station,,"Toledo Crib, OH",,"41.699 N 83.259 W (41°41'58"" N 83°15'31"" W)",E
TXPT2,14,2012,2025,0,,,0,,,0,,,0,,,0,,,0,,,0,,,0,,,0,stdmet,False,"8770822 - Texas Point, Sabine Pass, TX ",29.689,-93.842,0.0,NOS,NOS/CO-OPS,fixed,True,False,False,False,O,Water Level Observation Network,,"8770822 - Texas Point, Sabine Pass, TX",,"29.689 N 93.842 W (29°41'22"" N 93°50'31"" W)",C
TXVT2,4,2020,2025,0,,,0,,,0,,,0,,,0,,,0,,,0,,,0,,,0,stdmet,False,"8775302 - TX State Aquarium Visibility, TX",27.813,-97.389,2.3,NOAA NOS PORTS,NOS/CO-OPS,fixed,True,False,False,False,PT,Water Level Observation Network,,"8775302 - TX State Aquarium Visibility, TX",,"27.813 N 97.389 W (27°48'45"" N 97°23'19"" W)",C
TYBG1,5,2004,2008,0,,,0,,,0,,,0,,,0,,,0,,,0,,,0,,,0,,False,,,,,,,,,,,,S,C-MAN Station,,U.S. Navy Tower R8 GA,,"31.633 N 79.925 W (31°37'59"" N 79°55'29"" W)",E
ULAM6,11,2008,2018,0,,,0,,,0,,,0,,,0,,,0,,,0,,,0,,,0,,False,,,,,,,,,,,,O,Water Level Observation Network,,"8741041 - Dock E. Port of Pascagoula, MS",,"30.348 N 88.505 W (30°20'52"" N 88°30'20"" W)",C
ULRA2,10,2016,2025,0,,,0,,,0,,,0,,,0,,,0,,,0,,,0,,,0,stdmet,False,"9468333 - Unalakleet, Unalakleet River, AK",63.872,-160.784,5.0064,NOS,NOS/CO-OPS,fixed,True,False,False,False,O,Water Level Observation Network,,"9468333 - Unalakleet, Unalakleet River, AK",,"63.872 N 160.784 W (63°52'18"" N 160°47'2"" W)",A
UNLA2,16,2010,2025,0,,,0,,,0,,,0,,,0,,,0,,,0,,,0,,,0,stdmet,False,"9462620 - Unalaska, AK",53.88,-166.537,2.9,NOS,NOS/CO-OPS,fixed,True,False,False,False,O,Water Level Observation Network,,"9462620 - Unalaska, AK",,"53.880 N 166.537 W (53°52'48"" N 166°32'13"" W)",A
UPBC1,12,2013,2025,0,,,0,,,0,,,0,,,0,,,0,,,0,,,0,,,0,stdmet,False,"9415118 - Union Pacific Rail Road Bridge, Martinez, CA",38.038,-122.121,0.0,NOAA NOS PORTS,NOS/CO-OPS,fixed,True,False,False,False,PT,Water Level Observation Network,,"9415118 - Union Pacific Rail Road Bridge, Martinez, CA",,"38.038 N 122.121 W (38°2'18"" N 122°7'15"" W)",P
UQXA2,4,2022,2025,0,,,0,,,0,,,0,,,0,,,0,,,0,,,0,,,0,stdmet,False,"Utqiagvik, AK",71.315,-156.722,2.7,Marine Exchange of Alaska,IOOS Partners,fixed,True,False,False,False,MA,Coastal Marine Station,,"Utqiagvik, AK",,"71.315 N 156.722 W (71°18'53"" N 156°43'18"" W)",A
UTVT2,4,2020,2025,0,,,0,,,0,,,0,,,0,,,0,,,0,,,0,,,0,stdmet,False,"8775236 - UTMSI Visibility, TX",27.838,-97.052,3.22,NOAA NOS PORTS,NOS/CO-OPS,fixed,True,False,False,False,PT,Water Level Observation Network,,"8775236 - UTMSI Visibility, TX",,"27.838 N 97.052 W (27°50'18"" N 97°3'8"" W)",C
VAKF1,20,2005,2025,0,,,0,,,0,,,0,,,0,,,0,,,0,,,0,,,0,stdmet,False,"8723214 - Virginia Key, FL",25.731,-80.162,1.7,NOS,NOS/CO-OPS,fixed,True,False,False,False,O,Water Level Observation Network,,"8723214 - Virginia Key, FL",,"25.731 N 80.162 W (25°43'53"" N 80°9'43"" W)",E
VBBA3,6,2016,2021,0,,,0,,,0,,,0,,,0,,,0,,,0,,,0,,,0,,False,,,,,,,,,,,,LM,Buoy,,Lake Mead - Virgin Basin,,"36.132 N 114.412 W (36°7'56"" N 114°24'41"" W)",M
VCAF1,21,2005,2025,0,,,0,,,0,,,0,,,0,,,0,,,0,,,0,,,0,stdmet,False,"8723970 - Vaca Key, FL",24.711,-81.107,3.1,NOS,NOS/CO-OPS,fixed,True,False,False,False,O,Water Level Observation Network,,"8723970 - Vaca Key, FL",,"24.711 N 81.107 W (24°42'40"" N 81°6'24"" W)",E
VCAT2,15,2011,2025,0,,,0,,,0,,,0,,,0,,,0,,,0,,,0,,,0,stdmet,False,"8773259 - Port Lavaca, TX ",28.64,-96.609,0.0,TCOON,IOOS Partners,fixed,True,False,False,False,K,Water Level Observation Network,,"8773259 - Port Lavaca, TX",,"28.640 N 96.609 W (28°38'25"" N 96°36'34"" W)",C
VCVA2,14,2012,2025,0,,,0,,,0,,,0,,,0,,,0,,,0,,,0,,,0,stdmet,False,"9464212 - Village Cove, St. Paul Island, AK",57.125,-170.285,3.0,NOS,NOS/CO-OPS,fixed,True,False,False,False,O,Water Level Observation Network,,"9464212 - Village Cove, St. Paul Island, AK",,"57.125 N 170.285 W (57°7'30"" N 170°17'6"" W)",H
VDXA2,4,2022,2025,0,,,0,,,0,,,0,,,0,,,0,,,0,,,0,,,0,stdmet,False,"Valdez, AK",61.127,-146.344,4.6,Marine Exchange of Alaska,IOOS Partners,fixed,True,False,False,False,MA,Coastal Marine Station,,"Valdez, AK",,"61.127 N 146.344 W (61°7'37"" N 146°20'38"" W)",A
VDZA2,17,2009,2025,0,,,0,,,0,,,0,,,0,,,0,,,0,,,0,,,0,stdmet,False,"9454240 - Valdez, AK",61.125,-146.361,4.6,NOS,NOS/CO-OPS,fixed,True,False,False,False,O,Water Level Observation Network,,"9454240 - Valdez, AK",,"61.125 N 146.361 W (61°7'30"" N 146°21'41"" W)",A
VENF1,39,1986,2024,0,,,0,,,0,,,0,,,0,,,0,,,0,,,0,,,0,stdmet,False,"Venice, FL",27.072,-82.453,0.0,NDBC,NDBC Meteorological/Ocean,fixed,True,False,False,False,N,C-MAN Station,,"Venice, FL",SM+ Payload,"27.072 N 82.453 W (27°4'21"" N 82°27'10"" W)",E
VERV4,7,2010,2016,0,,,0,,,0,,,0,,,0,,,0,,,0,,,0,,,0,,False,"Veracruz Harbor, MX",19.204,-96.113,0.0,EPA & Mexican Government Cooperative Program,International Partners,fixed,False,False,False,False,EM,Weather Station,,"Veracruz Harbor, MX",Sutron XPERT payload,"19.204 N 96.113 W (19°12'16"" N 96°6'47"" W)",C
VMSV2,4,2006,2009,0,,,0,,,0,,,0,,,0,,,0,,,0,,,0,,,0,,False,,,,,,,,,,,,VM,Marine Observation Station,,VIMS Pier,,"37.246 N 76.500 W (37°14'45"" N 76°30'0"" W)",E
VQSP4,8,2010,2017,0,,,0,,,0,,,0,,,0,,,0,,,0,,,0,,,0,,False,"9752619 - Isabel Segunda, Vieques Island, PR",18.153,-65.444,,Puerto Rico Seismic Network,IOOS Partners,fixed,False,False,False,False,PN,Water Level Observation Network,,"9752619 - Isabel Segunda, Vieques Island, PR",,"18.153 N 65.444 W (18°9'11"" N 65°26'38"" W)",N
VRMO1,0,,,0,,,0,,,0,,,0,,,0,,,0,,,0,,,0,,,0,stdmet,False,"Vermilion River at Lake Erie, OH",41.428,-82.364,177.0,"NWS WFO Cleveland, OH (CLE)",IOOS Partners,other,True,False,False,False,CLE,,,"Vermilion River at Lake Erie, OH",,"41.428 N 82.364 W (41°25'41"" N 82°21'49"" W)",E
VTBT2,5,2021,2025,0,,,0,,,0,,,0,,,0,,,0,,,0,,,0,,,0,stdmet,False,"8775222 - Viola Turning Basin, TX",27.841,-97.52,1.0,NOAA NOS PORTS,NOS/CO-OPS,fixed,True,False,False,False,PT,Water Level Observation Network,,"8775222 - Viola Turning Basin, TX",,"27.841 N 97.520 W (27°50'28"" N 97°31'13"" W)",C
WAHV2,20,2005,2025,0,,,0,,,0,,,0,,,0,,,0,,,0,,,0,,,0,stdmet,False,"8631044 - Wachapreague, VA",37.608,-75.686,1.5,NOS,NOS/CO-OPS,fixed,True,False,False,False,O,Water Level Observation Network,,"8631044 - Wachapreague, VA",,"37.608 N 75.686 W (37°36'28"" N 75°41'9"" W)",E
WAKP8,21,2005,2025,0,,,0,,,0,,,0,,,0,,,0,,,0,,,0,,,0,stdmet,False,1890000 - Wake Island,19.291,166.618,3.6,NOS,NOS/CO-OPS,fixed,True,False,False,False,O,Water Level Observation Network,,1890000 - Wake Island,,"19.291 N 166.618 E (19°17'26"" N 166°37'3"" E)",?
WASD2,21,2005,2025,0,,,0,,,0,,,0,,,0,,,0,,,0,,,0,,,0,stdmet,False,"8594900 - Washington, DC",38.873,-77.021,2.2,NOS,NOS/CO-OPS,fixed,True,False,False,False,O,Water Level Observation Network,,"8594900 - Washington, DC",,"38.873 N 77.021 W (38°52'24"" N 77°1'16"" W)",E
WATS1,18,2008,2025,0,,,0,,,0,,,0,,,0,,,0,,,0,,,0,,,0,stdmet,False,"Lake Wateree, SC",34.335,-80.702,85.6,"NWS WFO Columbia, SC (CAE)",IOOS Partners,fixed,True,False,False,False,CAE,Weather Station,,"Lake Wateree, SC",,"34.335 N 80.702 W (34°20'7"" N 80°42'8"" W)",E
WAVM6,1,2005,2005,0,,,0,,,0,,,0,,,0,,,0,,,0,,,0,,,0,,False,,,,,,,,,,,,O,Water Level Observation Network,,"8747766 - Waveland, MS",,"30.282 N 89.367 W (30°16'54"" N 89°22'0"" W)",C
WAXM3,0,,,0,,,0,,,0,,,0,,,0,,,0,,,0,,,0,,,0,stdmet,False,"Carriage House, Waquoit Bay Reserve, MA",41.582,-70.525,10.4,National Estuarine Research Reserve System,NERRS,fixed,True,False,False,False,NR,NERRS Weather Station,,"Carriage House, Waquoit Bay Reserve, MA",,"41.582 N 70.525 W (41°34'54"" N 70°31'30"" W)",E
WBXA2,1,2025,2025,0,,,0,,,0,,,0,,,0,,,0,,,0,,,0,,,0,stdmet,False,Womens Bay Cargo Pier,57.729,-152.516,4.3,Marine Exchange of Alaska,IOOS Partners,fixed,True,False,False,False,MA,Coastal Marine Station,,Womens Bay Cargo Pier,,"57.729 N 152.516 W (57°43'43"" N 152°30'59"" W)",A
WBYA1,8,2013,2020,0,,,0,,,0,,,0,,,0,,,0,,,0,,,0,,,0,,False,,,,,,,,,,,,NR,NERRS Weather Station,,"Weeks Bay, Mobile Bay, AL",,"30.417 N 87.825 W (30°25'1"" N 87°49'32"" W)",C
WCRP1,0,,,0,,,0,,,0,,,0,,,0,,,0,,,0,,,0,,,0,stdmet,False,"Walnut Creek Marina, PA",42.077,-80.24,174.0,"NWS WFO Cleveland, OH (CLE)",IOOS Partners,other,True,False,False,False,CLE,,,"Walnut Creek Marina, PA",,"42.077 N 80.240 W (42°4'37"" N 80°14'23"" W)",E
WCXA2,5,2021,2025,0,,,0,,,0,,,0,,,0,,,0,,,0,,,0,,,0,stdmet,False,"Ward Cove, AK",55.402,-131.729,7.0,Marine Exchange of Alaska,IOOS Partners,fixed,True,False,False,False,MA,Coastal Marine Station,,"Ward Cove, AK",,"55.402 N 131.729 W (55°24'7"" N 131°43'44"" W)",A
WDEL1,12,2008,2021,0,,,0,,,0,,,0,,,0,,,0,,,0,,,0,,,0,,False,Shell West Delta 143,28.662,-89.551,0.0,Shell Oil,IOOS Partners,fixed,False,False,False,False,SH,Offshore Tower,,Shell West Delta 143,,"28.662 N 89.551 W (28°39'42"" N 89°33'5"" W)",C
WDSV2,18,2008,2025,0,,,0,,,0,,,0,,,0,,,0,,,0,,,0,,,0,stdmet,False,"8638614 - Willoughby Deguassing Station, VA",36.977,-76.315,9.1,NOAA NOS PORTS,NOS/CO-OPS,fixed,True,False,False,False,PT,Water Level Observation Network,,"8638614 - Willoughby Deguassing Station, VA",,"36.977 N 76.315 W (36°58'38"" N 76°18'56"" W)",E
WDYO3,0,,,0,,,0,,,0,,,0,,,0,,,0,,,0,,,4,2011,2015,0,,False,,,,,,,,,,,,CM,Water Quality Station,,"Woody Island, OR",,"46.252 N 123.534 W (46°15'8"" N 123°32'3"" W)",P
WEBM1,0,,,0,,,0,,,0,,,0,,,0,,,0,,,0,,,0,,,0,ocean,False,"Webhannett River Inlet, Wells Reserve, ME",43.32,-70.563,,National Estuarine Research Reserve System,NERRS,fixed,False,False,True,False,NR,NERRS Water Quality Station,,"Webhannett River Inlet, Wells Reserve, ME",,"43.320 N 70.563 W (43°19'12"" N 70°33'48"" W)",E
WELM1,15,2006,2020,0,,,0,,,0,,,0,,,0,,,0,,,0,,,0,,,0,,False,,,,,,,,,,,,NR,NERRS Weather Station,,"8419317 - Wells, ME",,"43.320 N 70.563 W (43°19'13"" N 70°33'47"" W)",E
WEQM1,0,,,0,,,0,,,0,,,0,,,0,,,0,,,0,,,0,,,0,ocean,False,"Skinner Mill, Wells Reserve, ME",43.345,-70.549,,National Estuarine Research Reserve System,NERRS,fixed,False,False,False,False,NR,NERRS Water Quality Station,,"Skinner Mill, Wells Reserve, ME",,"43.345 N 70.549 W (43°20'41"" N 70°32'57"" W)",E
WEXM1,0,,,0,,,0,,,0,,,0,,,0,,,0,,,0,,,0,,,0,stdmet,False,"Laudholm Farm, Wells Reserve, ME",43.337,-70.549,18.62,National Estuarine Research Reserve System,NERRS,fixed,True,False,False,False,NR,NERRS Weather Station,,"Laudholm Farm, Wells Reserve, ME",,"43.337 N 70.549 W (43°20'15"" N 70°32'58"" W)",E
WFPM4,16,2010,2025,0,,,0,,,0,,,0,,,0,,,0,,,0,,,0,,,0,,False,"Whitefish Point, MI",46.76,-84.97,188.67,"NWS WFO Gayloard, MI (APX)",IOOS Partners,fixed,False,False,False,False,APX,GLOS Weather Station,,"Whitefish Point, MI",,"46.760 N 84.970 W (46°45'36"" N 84°58'12"" W)",E
WFXA2,1,2025,2025,0,,,0,,,0,,,0,,,0,,,0,,,0,,,0,,,0,stdmet,False,Womens Bay Fuel Pier,57.726,-152.519,3.6,Marine Exchange of Alaska,IOOS Partners,fixed,True,False,False,False,MA,Coastal Marine Station,,Womens Bay Fuel Pier,,"57.726 N 152.519 W (57°43'35"" N 152°31'9"" W)",A
WGXA2,4,2022,2025,0,,,0,,,0,,,0,,,0,,,0,,,0,,,0,,,0,stdmet,False,Wrangell Harbor,56.467,-132.382,15.0,Marine Exchange of Alaska,IOOS Partners,fixed,True,False,False,False,MA,Coastal Marine Station,,Wrangell Harbor,,"56.467 N 132.382 W (56°28'0"" N 132°22'55"" W)",A
WHRI2,20,2006,2025,0,,,0,,,0,,,0,,,0,,,0,,,0,,,0,,,0,stdmet,False,"Waukegan Harbor, IL",42.361,-87.813,180.0,"NWS WFO Chicago, IL (LOT)",IOOS Partners,fixed,True,False,False,False,LOT,GLOS Weather Station,,"Waukegan Harbor, IL",,"42.361 N 87.813 W (42°21'38"" N 87°48'48"" W)",C
WIWF1,1,2025,2025,0,,,0,,,0,,,0,,,0,,,0,,,0,,,1,2025,2025,0,"ocean,stdmet",False,"Willy Willy, FL",25.587,-81.044,0.0,Everglades National Park,IOOS Partners,fixed,False,False,False,False,NP,Water Quality Station,,"Willy Willy, FL",,"25.587 N 81.044 W (25°35'15"" N 81°2'37"" W)",E
WIXA2,4,2022,2025,0,,,0,,,0,,,0,,,0,,,0,,,0,,,0,,,0,stdmet,False,"Whittier AMHS, AK",60.777,-148.682,4.6,Marine Exchange of Alaska,IOOS Partners,fixed,True,False,False,False,MA,Coastal Marine Station,,"Whittier AMHS, AK",,"60.777 N 148.682 W (60°46'36"" N 148°40'56"" W)",A
WKQA1,0,,,0,,,0,,,0,,,0,,,0,,,0,,,0,,,0,,,0,ocean,False,"Fish River, Weeks Bay Reserve, AL",30.417,-87.823,,National Estuarine Research Reserve System,NERRS,fixed,False,False,False,False,NR,NERRS Water Quality Station,,"Fish River, Weeks Bay Reserve, AL",,"30.417 N 87.823 W (30°25'2"" N 87°49'21"" W)",C
WKXA1,0,,,0,,,0,,,0,,,0,,,0,,,0,,,0,,,0,,,0,stdmet,False,"Safe Harbor Met Station, Weeks Bay Reserve, AL",30.421,-87.828,3.35,National Estuarine Research Reserve System,NERRS,fixed,True,False,False,False,NR,NERRS Weather Station,,"Safe Harbor Met Station, Weeks Bay Reserve, AL",,"30.421 N 87.828 W (30°25'17"" N 87°49'43"" W)",C
WLON7,14,2012,2025,0,,,0,,,0,,,0,,,0,,,0,,,0,,,0,,,0,stdmet,False,"8658120 - Wilmington, NC",34.228,-77.954,1.5,NOS,NOS/CO-OPS,fixed,True,False,False,False,O,Water Level Observation Network,,"8658120 - Wilmington, NC",,"34.228 N 77.954 W (34°13'39"" N 77°57'13"" W)",E
WLXA2,0,,,0,,,0,,,0,,,0,,,0,,,0,,,0,,,0,,,0,stdmet,False,"Wales, AK",65.616,-168.094,3.6,Marine Exchange of Alaska,IOOS Partners,fixed,True,False,False,False,MA,C-MAN Station,,"Wales, AK",,"65.616 N 168.094 W (65°36'59"" N 168°5'38"" W)",A
WNEM4,18,2008,2025,0,,,0,,,0,,,0,,,0,,,0,,,0,,,0,,,0,stdmet,False,"9076027 - West Neebish Island, MI",46.285,-84.21,177.9,NOS,NOS/CO-OPS,fixed,True,False,False,False,O,Water Level Observation Network,,"9076027 - West Neebish Island, MI",,"46.285 N 84.210 W (46°17'5"" N 84°12'35"" W)",E
WPLF1,1,2025,2025,0,,,0,,,0,,,0,,,0,,,0,,,0,,,1,2025,2025,0,"ocean,stdmet",False,"Watson Place, FL",25.71,-81.249,0.0,Everglades National Park,IOOS Partners,fixed,False,False,False,False,NP,Water Quality Station,,"Watson Place, FL",,"25.710 N 81.249 W (25°42'35"" N 81°14'57"" W)",E
WPOW1,42,1984,2025,0,,,0,,,0,,,0,,,0,,,0,,,0,,,0,,,0,"cwind,stdmet",False,"West Point, WA",47.662,-122.435,3.0,NDBC,NDBC Meteorological/Ocean,fixed,True,False,False,False,N,C-MAN Station,,"West Point, WA",MARS payload,"47.662 N 122.435 W (47°39'43"" N 122°26'7"" W)",P
WPTW1,18,2008,2025,0,,,0,,,0,,,0,,,0,,,0,,,0,,,0,,,0,stdmet,False,"9441102 - Westport, WA",46.904,-124.105,3.1,NOS,NOS/CO-OPS,fixed,True,False,False,False,O,Water Level Observation Network,,"9441102 - Westport, WA",,"46.904 N 124.105 W (46°54'16"" N 124°6'18"" W)",P
WQQM1,0,,,0,,,0,,,0,,,0,,,0,,,0,,,0,,,0,,,0,ocean,False,"Head of Tide, Wells Reserve, ME",43.298,-70.587,,National Estuarine Research Reserve System,NERRS,fixed,False,False,True,False,NR,Water Quality Station,,"Head of Tide, Wells Reserve, ME",,"43.298 N 70.587 W (43°17'54"" N 70°35'14"" W)",E
WRBF1,1,2025,2025,0,,,0,,,0,,,0,,,0,,,0,,,0,,,1,2025,2025,0,"ocean,stdmet",False,"Whipray Basin, FL",25.072,-80.735,0.0,Everglades National Park,IOOS Partners,fixed,False,False,False,False,NP,Water Quality Station,,"Whipray Basin, FL",,"25.072 N 80.735 W (25°4'20"" N 80°44'7"" W)",E
WRXA2,4,2022,2025,0,,,0,,,0,,,0,,,0,,,0,,,0,,,0,,,0,stdmet,False,"Wainwright, AK",70.636,-160.034,10.0,Marine Exchange of Alaska,IOOS Partners,fixed,True,False,False,False,MA,Coastal Marine Station,,"Wainwright, AK",,"70.636 N 160.034 W (70°38'11"" N 160°2'1"" W)",A
WSLM4,9,2015,2023,0,,,0,,,0,,,0,,,0,,,0,,,0,,,0,,,0,,False,"White Shoal Light, MI",45.842,-85.135,177.0,GLERL,IOOS Partners,fixed,False,False,False,False,G,C-MAN Station,,"White Shoal Light, MI",,"45.842 N 85.135 W (45°50'32"" N 85°8'7"" W)",
WWEF1,1,2025,2025,0,,,0,,,0,,,0,,,0,,,0,,,0,,,1,2025,2025,0,"ocean,stdmet",False,"Whitewater Bay-East, FL",25.232,-80.938,0.0,Everglades National Park,IOOS Partners,fixed,False,False,False,False,NP,Water Quality Station,,"Whitewater Bay-East, FL",,"25.232 N 80.938 W (25°13'54"" N 80°56'18"" W)",E
WYBS1,0,,,0,,,0,,,0,,,0,,,0,,,0,,,0,,,0,,,0,ocean,False,"Winyah Bay Bottom, North Inlet-Winyah Bay Reserve, SC",33.309,-79.289,,National Estuarine Research Reserve System,NERRS,fixed,False,False,False,False,NR,NERRS Water Quality Station,,"Winyah Bay Bottom, North Inlet-Winyah Bay Reserve, SC",,"33.309 N 79.289 W (33°18'34"" N 79°17'20"" W)",E
WYCM6,18,2008,2025,0,,,0,,,0,,,0,,,0,,,0,,,0,,,0,,,0,stdmet,False,"8747437 - Bay Waveland Yacht Club, MS",30.326,-89.326,0.0,NOS,NOS/CO-OPS,fixed,True,False,False,False,O,Water Level Observation Network,,"8747437 - Bay Waveland Yacht Club, MS",,"30.326 N 89.326 W (30°19'35"" N 89°19'33"" W)",C
WYSS1,0,,,0,,,0,,,0,,,0,,,0,,,0,,,0,,,0,,,0,ocean,False,"Winyah Bay Surface, North Inlet-Winyah Bay Reserve, SC",33.309,-79.289,,National Estuarine Research Reserve System,NERRS,fixed,False,False,True,False,NR,NERRS Water Quality Station,,"Winyah Bay Surface, North Inlet-Winyah Bay Reserve, SC",,"33.309 N 79.289 W (33°18'34"" N 79°17'20"" W)",E
YABP4,11,2010,2020,0,,,0,,,0,,,0,,,0,,,0,,,0,,,0,,,0,,False,"9754228 - Yabucoa Harbor, PR",18.055,-65.833,,Puerto Rico Seismic Network,IOOS Partners,fixed,False,False,False,False,PN,Water Level Observation Network,,"9754228 - Yabucoa Harbor, PR",,"18.055 N 65.833 W (18°3'18"" N 65°49'59"" W)",N
YATA2,16,2010,2025,0,,,0,,,0,,,0,,,0,,,0,,,0,,,0,,,0,stdmet,False,"9453220 - Yakutat, Yakutat Bay, AK",59.548,-139.733,,NOS,NOS/CO-OPS,fixed,True,False,False,False,O,Water Level Observation Network,,"9453220 - Yakutat, Yakutat Bay, AK",,"59.548 N 139.733 W (59°32'53"" N 139°44'0"" W)",A
YGNN6,17,2007,2025,0,,,0,,,0,,,0,,,0,,,0,,,0,,,0,,,0,,False,"Niagara Coast Guard Station, NY",43.262,-79.064,73.0,"NWS WFO Buffalo, NY (BUF)",IOOS Partners,fixed,False,False,False,False,BUF,GLOS Weather Station,,"Niagara Coast Guard Station, NY",,"43.262 N 79.064 W (43°15'42"" N 79°3'52"" W)",E
YKRV2,18,2006,2023,0,,,0,,,0,,,0,,,0,,,0,,,0,,,0,,,0,,False,,,,,,,,,,,,PT,Water Level Observation Network,,"8637611 - York River East Rear Range Light, VA",,"37.251 N 76.342 W (37°15'5"" N 76°20'33"" W)",E
YKTV2,21,2005,2025,0,,,0,,,0,,,0,,,0,,,0,,,0,,,0,,,0,stdmet,False,"8637689 - Yorktown USCG Training Center, VA",37.227,-76.479,3.7,NOS,NOS/CO-OPS,fixed,True,False,False,False,O,Water Level Observation Network,,"8637689 - Yorktown USCG Training Center, VA",,"37.227 N 76.479 W (37°13'36"" N 76°28'43"" W)",E
YRSV2,0,,,0,,,0,,,0,,,0,,,0,,,0,,,0,,,0,,,0,stdmet,False,"Taskinas Creek, Chesapeake Bay Reserve, VA",37.414,-76.712,11.0,National Estuarine Research Reserve System,NERRS,fixed,True,False,False,False,NR,NERRS Weather Station,,"Taskinas Creek, Chesapeake Bay Reserve, VA",,"37.414 N 76.712 W (37°24'51"" N 76°42'44"" W)",E
